Unicode,Image,X,Y,Block ID,Char ID,Width,Height
U+81EA,100241706_00004_2,1852,1736,B0001,C0001,104,219
U+5E8F,100241706_00004_2,1816,2096,B0001,C0002,152,296
U+82E5,100241706_00004_2,1465,951,B0001,C0003,172,216
U+3044,100241706_00004_2,1495,1218,B0001,C0004,143,69
U+6642,100241706_00004_2,1465,1338,B0001,C0005,168,179
U+306E,100241706_00004_2,1497,1567,B0001,C0006,123,152
U+6C17,100241706_00004_2,1504,1754,B0001,C0007,145,200
U+5F37,100241706_00004_2,1479,2034,B0001,C0008,163,145
U+306B,100241706_00004_2,1521,2239,B0001,C0009,83,237
U+5DF1,100241706_00004_2,1513,2500,B0001,C0010,127,117
U+3084,100241706_00004_2,1489,2675,B0001,C0011,151,109
U+308C,100241706_00004_2,1495,2784,B0001,C0012,168,159
U+3068,100241706_00004_2,1561,2979,B0001,C0013,55,116
U+601D,100241706_00004_2,1492,3175,B0001,C0014,159,180
U+3075,100241706_00004_2,1512,3371,B0001,C0015,147,176
U+305F,100241706_00004_2,1164,952,B0001,C0016,145,153
U+7D30,100241706_00004_2,1144,1212,B0001,C0017,200,128
U+5DE5,100241706_00004_2,1168,1396,B0001,C0018,187,95
U+3082,100241706_00004_2,1213,1523,B0001,C0019,72,119
U+8001,100241706_00004_2,1167,1687,B0001,C0020,152,208
U+6B66,100241706_00004_2,1184,1942,B0001,C0021,171,208
U+8005,100241706_00004_2,1192,2198,B0001,C0022,133,169
U+306E,100241706_00004_2,1184,2423,B0001,C0023,169,125
U+304B,100241706_00004_2,1188,2606,B0001,C0024,156,157
U+306A,100241706_00004_2,1191,2775,B0001,C0025,135,181
U+3057,100241706_00004_2,1243,2942,B0001,C0026,39,313
U+3055,100241706_00004_2,1219,3266,B0001,C0027,95,124
U+306F,100241706_00004_2,1231,3465,B0001,C0028,133,53
U+606F,100241706_00004_2,876,937,B0001,C0029,123,244
U+5B50,100241706_00004_2,891,1255,B0001,C0030,100,164
U+306B,100241706_00004_2,911,1452,B0001,C0031,61,92
U+53CA,100241706_00004_2,849,1588,B0001,C0032,151,164
U+305A,100241706_00004_2,889,1763,B0001,C0033,103,171
U+6D6E,100241706_00004_2,868,1982,B0001,C0034,155,184
U+4E16,100241706_00004_2,849,2236,B0001,C0035,163,127
U+3092,100241706_00004_2,873,2400,B0001,C0036,145,192
U+88CF,100241706_00004_2,851,2608,B0001,C0037,169,237
U+306E,100241706_00004_2,904,2879,B0001,C0038,95,92
U+4E09,100241706_00004_2,897,3034,B0001,C0039,121,107
U+7573,100241706_00004_2,905,3189,B0001,C0040,103,244
U+306B,100241706_00004_2,927,3445,B0001,C0041,71,92
U+907F,100241706_00004_2,513,945,B0001,C0042,181,171
U+3066,100241706_00004_2,552,1199,B0001,C0043,97,155
U+6B63,100241706_00004_2,539,1439,B0001,C0044,136,172
U+98A8,100241706_00004_2,541,1619,B0001,C0045,147,236
U+306E,100241706_00004_2,547,1912,B0001,C0046,141,108
U+4FF3,100241706_00004_2,537,2095,B0001,C0047,176,155
U+8AE7,100241706_00004_2,549,2328,B0001,C0048,156,159
U+3092,100241706_00004_2,584,2546,B0001,C0049,117,164
U+697D,100241706_00004_2,568,2762,B0001,C0050,133,209
U+3057,100241706_00004_2,629,2985,B0001,C0051,27,300
U+3081,100241706_00004_2,593,3313,B0001,C0052,151,184
U+3069,100241706_00004_2,220,928,B0001,C0053,139,229
U+3082,100241706_00004_2,247,1159,B0001,C0054,116,212
U+6839,100241706_00004_2,203,1439,B0001,C0055,184,156
U+304C,100241706_00004_2,275,1652,B0001,C0056,84,69
U+8077,100241706_00004_2,208,1770,B0001,C0057,197,204
U+4EBA,100241706_00004_2,217,2044,B0001,C0058,183,135
U+306E,100241706_00004_2,259,2230,B0001,C0059,68,125
U+6587,100241706_00004_2,192,2382,B0001,C0060,216,173
U+76F2,100241706_00004_2,253,2578,B0001,C0061,119,215
U+3060,100241706_00004_2,243,2830,B0001,C0062,159,143
U+3051,100241706_00004_2,277,2974,B0001,C0063,112,137
U+3053,100241706_00004_2,289,3166,B0001,C0064,69,97
U+305D,100241706_00004_2,316,3287,B0001,C0065,57,133
U+3051,100241706_00004_2,220,3331,B0001,C0066,53,91
U+308C,100241706_00004_2,201,3423,B0001,C0067,181,137
U+304C,100241706_00005_1,2051,945,B0001,C0001,121,117
U+5541,100241706_00005_1,2009,1162,B0001,C0002,163,157
U+306B,100241706_00005_1,2059,1360,B0001,C0003,55,80
U+3064,100241706_00005_1,2017,1520,B0001,C0004,124,169
U+304B,100241706_00005_1,2036,1722,B0001,C0005,65,76
U+3078,100241706_00005_1,1995,1799,B0001,C0006,193,83
U+3089,100241706_00005_1,2049,1924,B0001,C0007,76,153
U+3093,100241706_00005_1,2007,2080,B0001,C0008,157,121
U+3089,100241706_00005_1,2051,2239,B0001,C0009,72,143
U+3081,100241706_00005_1,2031,2386,B0001,C0010,109,155
U+3089,100241706_00005_1,2049,2566,B0001,C0011,80,144
U+3057,100241706_00005_1,2059,2715,B0001,C0012,24,208
U+3082,100241706_00005_1,2023,2925,B0001,C0013,80,116
U+3089,100241706_00005_1,2056,3085,B0001,C0014,67,135
U+3064,100241706_00005_1,2004,3233,B0001,C0015,149,120
U+3057,100241706_00005_1,2047,3345,B0001,C0016,27,239
U+3053,100241706_00005_1,1708,939,B0001,C0017,144,165
U+304F,100241706_00005_1,1761,1108,B0001,C0018,48,181
U+305F,100241706_00005_1,1699,1363,B0001,C0019,135,136
U+3044,100241706_00005_1,1709,1567,B0001,C0020,136,76
U+3055,100241706_00005_1,1709,1731,B0001,C0021,93,151
U+308C,100241706_00005_1,1696,1883,B0001,C0022,157,203
U+3068,100241706_00005_1,1749,2115,B0001,C0023,51,140
U+3082,100241706_00005_1,1735,2288,B0001,C0024,97,184
U+4EBA,100241706_00005_1,1669,2526,B0001,C0025,184,159
U+9593,100241706_00005_1,1684,2743,B0001,C0026,157,149
U+6D3B,100241706_00005_1,1689,2961,B0001,C0027,159,147
U+7269,100241706_00005_1,1687,3171,B0001,C0028,148,148
U+306B,100241706_00005_1,1741,3329,B0001,C0029,43,77
U+3066,100241706_00005_1,1692,3421,B0001,C0030,109,137
U+5FC3,100241706_00005_1,1364,941,B0001,C0031,211,117
U+3092,100241706_00005_1,1399,1143,B0001,C0032,152,177
U+4F7F,100241706_00005_1,1367,1384,B0001,C0033,171,221
U+3075,100241706_00005_1,1393,1608,B0001,C0034,149,209
U+304B,100241706_00005_1,1456,1832,B0001,C0035,40,73
U+624B,100241706_00005_1,1401,1964,B0001,C0036,109,233
U+8DB3,100241706_00005_1,1397,2212,B0001,C0037,136,173
U+3092,100241706_00005_1,1403,2439,B0001,C0038,120,165
U+3064,100241706_00005_1,1372,2704,B0001,C0039,149,193
U+304B,100241706_00005_1,1432,2900,B0001,C0040,49,156
U+3075,100241706_00005_1,1364,3062,B0001,C0041,160,244
U+304B,100241706_00005_1,1404,3405,B0001,C0042,80,95
U+3058,100241706_00005_1,1051,935,B0001,C0043,208,191
U+3063,100241706_00005_1,1048,1166,B0001,C0044,176,144
U+3068,100241706_00005_1,1135,1310,B0001,C0045,47,155
U+3057,100241706_00005_1,1125,1531,B0001,C0046,25,249
U+3066,100241706_00005_1,1085,1804,B0001,C0047,99,172
U+306F,100241706_00005_1,1087,2018,B0001,C0048,103,65
U+5C45,100241706_00005_1,1040,2146,B0001,C0049,148,213
U+3089,100241706_00005_1,1103,2375,B0001,C0050,79,179
U+308C,100241706_00005_1,1049,2571,B0001,C0051,172,227
U+306C,100241706_00005_1,1071,2872,B0001,C0052,137,108
U+306A,100241706_00005_1,1072,3050,B0001,C0053,131,168
U+3089,100241706_00005_1,1119,3219,B0001,C0054,68,184
U+3072,100241706_00005_1,1068,3395,B0001,C0055,159,133
U+91A4,100241706_00005_1,724,951,B0001,C0056,149,268
U+3067,100241706_00005_1,760,1275,B0001,C0057,151,157
U+8336,100241706_00005_1,748,1459,B0001,C0058,136,220
U+6F2C,100241706_00005_1,737,1736,B0001,C0059,149,261
U+3092,100241706_00005_1,767,2011,B0001,C0060,120,213
U+3057,100241706_00005_1,725,2280,B0001,C0061,180,165
U+3066,100241706_00005_1,739,2451,B0001,C0062,124,180
U+3084,100241706_00005_1,743,2680,B0001,C0063,140,128
U+308A,100241706_00005_1,791,2835,B0001,C0064,37,157
U+306A,100241706_00005_1,744,3030,B0001,C0065,132,149
U+304C,100241706_00005_1,795,3171,B0001,C0066,91,92
U+3089,100241706_00005_1,777,3287,B0001,C0067,105,197
U+601D,100241706_00005_1,381,944,B0001,C0068,187,153
U+3072,100241706_00005_1,415,1172,B0001,C0069,149,148
U+4ED8,100241706_00005_1,439,1378,B0001,C0070,97,204
U+305F,100241706_00005_1,441,1598,B0001,C0071,100,184
U+308B,100241706_00005_1,467,1788,B0001,C0072,60,124
U+7269,100241706_00005_1,391,1988,B0001,C0073,201,171
U+985E,100241706_00005_1,423,2186,B0001,C0074,147,184
U+540D,100241706_00005_1,408,2408,B0001,C0075,136,177
U+7FA9,100241706_00005_1,453,2574,B0001,C0076,135,223
U+5E74,100241706_00005_1,468,2839,B0001,C0077,89,247
U+4E45,100241706_00005_1,451,3089,B0001,C0078,157,147
U+3057,100241706_00005_1,408,3079,B0001,C0079,44,289
U+304F,100241706_00005_1,403,3399,B0001,C0080,49,139
U+4F4F,100241706_00005_2,1799,956,B0001,C0001,164,156
U+3080,100241706_00005_2,1829,1179,B0001,C0002,160,141
U+99AC,100241706_00005_2,1820,1370,B0001,C0003,156,175
U+98DF,100241706_00005_2,1809,1591,B0001,C0004,176,216
U+753A,100241706_00005_2,1817,1860,B0001,C0005,159,155
U+306E,100241706_00005_2,1841,2068,B0001,C0006,93,156
U+98DF,100241706_00005_2,1817,2254,B0001,C0007,151,224
U+3075,100241706_00005_2,1817,2479,B0001,C0008,139,159
U+3068,100241706_00005_2,1888,2618,B0001,C0009,23,99
U+3044,100241706_00005_2,1853,2747,B0001,C0010,105,132
U+3075,100241706_00005_2,1845,2880,B0001,C0011,127,144
U+304B,100241706_00005_2,1821,3067,B0001,C0012,168,96
U+3089,100241706_00005_2,1895,3165,B0001,C0013,81,145
U+59CB,100241706_00005_2,1827,3365,B0001,C0014,163,140
U+308A,100241706_00005_2,1525,955,B0001,C0015,109,204
U+3066,100241706_00005_2,1536,1160,B0001,C0016,81,185
U+5148,100241706_00005_2,1508,1398,B0001,C0017,152,183
U+98DF,100241706_00005_2,1501,1626,B0001,C0018,168,235
U+7269,100241706_00005_2,1515,1862,B0001,C0019,145,180
U+306E,100241706_00005_2,1551,2080,B0001,C0020,69,68
U+6545,100241706_00005_2,1503,2188,B0001,C0021,156,148
U+4E8B,100241706_00005_2,1524,2340,B0001,C0022,117,291
U+4ED8,100241706_00005_2,1535,2654,B0001,C0023,92,155
U+6848,100241706_00005_2,1511,2832,B0001,C0024,121,204
U+4E8B,100241706_00005_2,1529,3038,B0001,C0025,97,261
U+4EEE,100241706_00005_2,1503,3339,B0001,C0026,203,172
U+540D,100241706_00005_2,1187,947,B0001,C0027,153,209
U+9055,100241706_00005_2,1199,1158,B0001,C0028,151,287
U+3072,100241706_00005_2,1212,1446,B0001,C0029,133,173
U+3084,100241706_00005_2,1177,1675,B0001,C0030,180,156
U+3089,100241706_00005_2,1233,1863,B0001,C0031,100,215
U+3042,100241706_00005_2,1189,2120,B0001,C0032,152,133
U+3066,100241706_00005_2,1209,2272,B0001,C0033,121,137
U+5B57,100241706_00005_2,1228,2434,B0001,C0034,107,212
U+3084,100241706_00005_2,1187,2656,B0001,C0035,161,148
U+3089,100241706_00005_2,1244,2806,B0001,C0036,103,173
U+8A1B,100241706_00005_2,1175,3006,B0001,C0037,192,139
U+7247,100241706_00005_2,1209,3190,B0001,C0038,140,167
U+8A00,100241706_00005_2,1221,3361,B0001,C0039,133,172
U+3042,100241706_00005_2,881,957,B0001,C0040,151,199
U+305F,100241706_00005_2,884,1198,B0001,C0041,125,160
U+308A,100241706_00005_2,940,1359,B0001,C0042,37,155
U+307E,100241706_00005_2,885,1539,B0001,C0043,135,191
U+3078,100241706_00005_2,891,1731,B0001,C0044,163,68
U+3081,100241706_00005_2,901,1854,B0001,C0045,100,91
U+3063,100241706_00005_2,868,1996,B0001,C0046,168,140
U+305F,100241706_00005_2,905,2162,B0001,C0047,91,116
U+3084,100241706_00005_2,865,2354,B0001,C0048,172,105
U+305F,100241706_00005_2,879,2460,B0001,C0049,145,220
U+3089,100241706_00005_2,940,2682,B0001,C0050,79,167
U+306B,100241706_00005_2,877,2850,B0001,C0051,168,113
U+66F8,100241706_00005_2,879,3003,B0001,C0052,167,207
U+3064,100241706_00005_2,897,3309,B0001,C0053,125,209
U+3065,100241706_00005_2,549,956,B0001,C0054,209,183
U+308C,100241706_00005_2,545,1140,B0001,C0055,176,195
U+306F,100241706_00005_2,572,1376,B0001,C0056,125,57
U+5176,100241706_00005_2,580,1527,B0001,C0057,93,252
U+6570,100241706_00005_2,548,1794,B0001,C0058,188,199
U+51E0,100241706_00005_2,583,2062,B0001,C0059,148,135
U+3066,100241706_00005_2,572,2258,B0001,C0060,99,157
U+4F55,100241706_00005_2,555,2466,B0001,C0061,155,141
U+5341,100241706_00005_2,567,2674,B0001,C0062,124,145
U+6761,100241706_00005_2,560,2856,B0001,C0063,180,184
U+662F,100241706_00005_2,607,3085,B0001,C0064,131,156
U+3088,100241706_00005_2,609,3271,B0001,C0065,61,121
U+308A,100241706_00005_2,577,3394,B0001,C0066,89,193
U+6B21,100241706_00005_2,229,970,B0001,C0067,169,189
U+7B2C,100241706_00005_2,235,1178,B0001,C0068,151,257
U+306B,100241706_00005_2,292,1468,B0001,C0069,53,89
U+5618,100241706_00005_2,233,1610,B0001,C0070,183,176
U+304C,100241706_00005_2,309,1824,B0001,C0071,84,87
U+4E0A,100241706_00005_2,257,1974,B0001,C0072,159,112
U+308A,100241706_00005_2,324,2127,B0001,C0073,35,100
U+5929,100241706_00005_2,255,2304,B0001,C0074,172,188
U+9580,100241706_00005_2,239,2587,B0001,C0075,183,203
U+5730,100241706_00005_2,251,2867,B0001,C0076,200,141
U+7406,100241706_00005_2,280,3095,B0001,C0077,153,168
U+3068,100241706_00005_2,300,3306,B0001,C0078,115,289
U+9580,100241706_00006_1,1957,959,B0001,C0001,151,172
U+90E8,100241706_00006_1,1957,1203,B0001,C0002,144,145
U+3092,100241706_00006_1,1969,1411,B0001,C0003,151,163
U+308F,100241706_00006_1,1982,1634,B0001,C0004,67,200
U+3051,100241706_00006_1,1975,1835,B0001,C0005,113,216
U+8FFD,100241706_00006_1,1935,2108,B0001,C0006,164,201
U+3005,100241706_00006_1,2019,2311,B0001,C0007,36,171
U+5618,100241706_00006_1,1938,2551,B0001,C0008,181,199
U+3092,100241706_00006_1,1991,2775,B0001,C0009,117,173
U+3064,100241706_00006_1,1981,2991,B0001,C0010,137,127
U+304D,100241706_00006_1,2009,3087,B0001,C0011,79,172
U+306A,100241706_00006_1,1973,3287,B0001,C0012,132,140
U+3089,100241706_00006_1,2005,3430,B0001,C0013,119,169
U+306F,100241706_00006_1,1640,964,B0001,C0014,145,140
U+309E,100241706_00006_1,1714,1106,B0001,C0015,80,80
U+5618,100241706_00006_1,1623,1275,B0001,C0016,197,164
U+516B,100241706_00006_1,1654,1528,B0001,C0017,141,75
U+767E,100241706_00006_1,1640,1664,B0001,C0018,151,147
U+306B,100241706_00006_1,1676,1867,B0001,C0019,101,157
U+3082,100241706_00006_1,1687,2027,B0001,C0020,73,141
U+6E80,100241706_00006_1,1643,2230,B0001,C0021,156,189
U+306C,100241706_00006_1,1640,2490,B0001,C0022,151,137
U+3079,100241706_00006_1,1644,2628,B0001,C0023,148,220
U+3057,100241706_00006_1,1702,2850,B0001,C0024,31,225
U+7136,100241706_00006_1,1630,3097,B0001,C0025,191,163
U+308B,100241706_00006_1,1692,3291,B0001,C0026,57,101
U+3092,100241706_00006_1,1644,3414,B0001,C0027,148,139
U+8FD1,100241706_00006_1,1307,947,B0001,C0028,176,248
U+51E6,100241706_00006_1,1314,1218,B0001,C0029,168,241
U+306E,100241706_00006_1,1344,1536,B0001,C0030,104,111
U+66F8,100241706_00006_1,1354,1724,B0001,C0031,100,192
U+6797,100241706_00006_1,1312,1918,B0001,C0032,201,189
U+4F55,100241706_00006_1,1314,2187,B0001,C0033,152,172
U+67D0,100241706_00006_1,1324,2404,B0001,C0034,136,197
U+3053,100241706_00006_1,1355,2648,B0001,C0035,53,137
U+308C,100241706_00006_1,1324,2808,B0001,C0036,132,211
U+3082,100241706_00006_1,1455,3009,B0001,C0037,65,44
U+540C,100241706_00006_1,1323,3065,B0001,C0038,117,151
U+3058,100241706_00006_1,1371,3217,B0001,C0039,71,355
U+304F,100241706_00006_1,1042,931,B0001,C0040,60,177
U+5618,100241706_00006_1,987,1211,B0001,C0041,187,199
U+3064,100241706_00006_1,994,1492,B0001,C0042,147,239
U+304D,100241706_00006_1,1027,1732,B0001,C0043,93,167
U+5F25,100241706_00006_1,994,1960,B0001,C0044,167,191
U+6B21,100241706_00006_1,991,2152,B0001,C0045,160,212
U+90CE,100241706_00006_1,1024,2367,B0001,C0046,121,264
U+85AE,100241706_00006_1,988,2652,B0001,C0047,164,209
U+306E,100241706_00006_1,1020,2922,B0001,C0048,105,113
U+4E2D,100241706_00006_1,988,3087,B0001,C0049,151,248
U+3067,100241706_00006_1,1010,3338,B0001,C0050,141,216
U+5C41,100241706_00006_1,610,939,B0001,C0051,225,240
U+3092,100241706_00006_1,676,1235,B0001,C0052,176,191
U+3072,100241706_00006_1,680,1487,B0001,C0053,127,172
U+308A,100241706_00006_1,715,1660,B0001,C0054,55,168
U+3042,100241706_00006_1,668,1844,B0001,C0055,143,153
U+3075,100241706_00006_1,680,2002,B0001,C0056,151,196
U+4EA4,100241706_00006_1,660,2235,B0001,C0057,175,212
U+308A,100241706_00006_1,744,2466,B0001,C0058,45,188
U+6D45,100241706_00006_1,674,2678,B0001,C0059,183,171
U+304B,100241706_00006_1,722,2884,B0001,C0060,53,104
U+3089,100241706_00006_1,703,2990,B0001,C0061,99,260
U+305A,100241706_00006_1,664,3310,B0001,C0062,181,168
U+6211,100241706_00006_1,324,951,B0001,C0063,224,309
U+5618,100241706_00006_1,339,1284,B0001,C0064,191,212
U+3092,100241706_00006_1,399,1511,B0001,C0065,121,223
U+6893,100241706_00006_1,336,1828,B0001,C0066,173,169
U+306B,100241706_00006_1,403,2050,B0001,C0067,61,81
U+92F3,100241706_00006_1,357,2199,B0001,C0068,172,193
U+3081,100241706_00006_1,371,2402,B0001,C0069,117,195
U+5DF1,100241706_00006_1,380,2662,B0001,C0070,163,124
U+5618,100241706_00006_1,337,3073,B0001,C0071,213,232
U+306E,100241706_00006_1,383,3389,B0001,C0072,101,192
U+865A,100241706_00007_2,1831,936,B0001,C0001,168,167
U+5357,100241706_00007_2,1861,1124,B0001,C0002,108,167
U+7559,100241706_00007_2,1848,1305,B0001,C0003,127,153
U+5225,100241706_00007_2,1848,1479,B0001,C0004,116,145
U+5FD7,100241706_00007_2,1871,1619,B0001,C0005,120,140
U+5DFB,100241706_00007_2,1856,1769,B0001,C0006,163,132
U+4E4B,100241706_00007_2,1859,1916,B0001,C0007,149,100
U+4E0A,100241706_00007_2,1881,2031,B0001,C0008,119,100
U+6C5F,100241706_00007_2,1868,2601,B0001,C0009,136,103
U+6238,100241706_00007_2,1863,2707,B0001,C0010,103,148
U+6728,100241706_00007_2,1871,2836,B0001,C0011,139,112
U+5C51,100241706_00007_2,1855,2989,B0001,C0012,112,149
U+5EB5,100241706_00007_2,1844,3157,B0001,C0013,156,136
U+8FF0,100241706_00007_2,1851,3303,B0001,C0014,152,135
U+98EF,100241706_00007_2,1596,1331,B0001,C0015,191,153
U+3081,100241706_00007_2,1643,1584,B0001,C0016,96,99
U+3057,100241706_00007_2,1679,1692,B0001,C0017,21,156
U+3044,100241706_00007_2,1643,1944,B0001,C0018,97,61
U+3044,100241706_00007_2,1637,2031,B0001,C0019,120,61
U+306F,100241706_00007_2,1655,2219,B0001,C0020,85,119
U+3093,100241706_00007_2,1637,2365,B0001,C0021,128,99
U+307E,100241706_00007_2,1667,2579,B0001,C0022,45,105
U+3093,100241706_00007_2,1641,2683,B0001,C0023,105,72
U+307E,100241706_00007_2,1647,2783,B0001,C0024,113,115
U+25B2,100241706_00007_2,1393,932,B0001,C0025,96,51
U+547D,100241706_00007_2,1372,1048,B0001,C0026,177,177
U+53F8,100241706_00007_2,1388,1248,B0001,C0027,99,124
U+3081,100241706_00007_2,1453,1551,B0001,C0028,76,92
U+3044,100241706_00007_2,1455,1651,B0001,C0029,75,52
U+3057,100241706_00007_2,1491,1699,B0001,C0030,17,104
U+3092,100241706_00007_2,1460,1821,B0001,C0031,75,91
U+3064,100241706_00007_2,1464,1925,B0001,C0032,71,103
U+3081,100241706_00007_2,1459,2037,B0001,C0033,69,80
U+3066,100241706_00007_2,1457,2119,B0001,C0034,57,76
U+3081,100241706_00007_2,1461,2207,B0001,C0035,65,83
U+3057,100241706_00007_2,1488,2300,B0001,C0036,17,113
U+3044,100241706_00007_2,1459,2427,B0001,C0037,71,71
U+306E,100241706_00007_2,1463,2497,B0001,C0038,61,75
U+3061,100241706_00007_2,1467,2572,B0001,C0039,55,91
U+3092,100241706_00007_2,1452,2663,B0001,C0040,85,100
U+3064,100241706_00007_2,1460,2769,B0001,C0041,75,51
U+304B,100241706_00007_2,1473,2820,B0001,C0042,43,63
U+3055,100241706_00007_2,1464,2883,B0001,C0043,56,73
U+3069,100241706_00007_2,1477,2967,B0001,C0044,63,77
U+308B,100241706_00007_2,1475,3044,B0001,C0045,41,77
U+306E,100241706_00007_2,1455,3129,B0001,C0046,77,72
U+5B9D,100241706_00007_2,1463,3201,B0001,C0047,85,112
U+306A,100241706_00007_2,1460,3313,B0001,C0048,72,79
U+308B,100241706_00007_2,1468,3392,B0001,C0049,48,53
U+3086,100241706_00007_2,1457,3467,B0001,C0050,75,80
U+3078,100241706_00007_2,1448,3547,B0001,C0051,117,37
U+3081,100241706_00007_2,1373,1555,B0001,C0052,73,85
U+3057,100241706_00007_2,1405,1648,B0001,C0053,17,132
U+306A,100241706_00007_2,1379,1792,B0001,C0054,72,93
U+308B,100241706_00007_2,1392,1893,B0001,C0055,35,72
U+3079,100241706_00007_2,1357,1969,B0001,C0056,99,64
U+3057,100241706_00007_2,1395,2015,B0001,C0057,20,292
U+307E,100241706_00007_2,1179,979,B0001,C0058,68,124
U+3093,100241706_00007_2,1145,1104,B0001,C0059,144,95
U+307E,100241706_00007_2,1159,1203,B0001,C0060,100,119
U+306F,100241706_00007_2,1165,1331,B0001,C0061,80,79
U+307E,100241706_00007_2,1183,1401,B0001,C0062,60,129
U+309D,100241706_00007_2,1196,1539,B0001,C0063,27,36
U+306A,100241706_00007_2,1165,1588,B0001,C0064,87,111
U+308B,100241706_00007_2,1183,1701,B0001,C0065,39,75
U+3079,100241706_00007_2,1143,1781,B0001,C0066,119,61
U+3057,100241706_00007_2,1199,1836,B0001,C0067,17,156
U+3059,100241706_00007_2,1177,1993,B0001,C0068,68,111
U+3079,100241706_00007_2,1143,2104,B0001,C0069,112,65
U+3066,100241706_00007_2,1164,2171,B0001,C0070,76,97
U+7269,100241706_00007_2,1152,2281,B0001,C0071,111,116
U+3092,100241706_00007_2,1153,2399,B0001,C0072,105,103
U+3064,100241706_00007_2,1165,2503,B0001,C0073,89,113
U+3050,100241706_00007_2,1188,2612,B0001,C0074,60,93
U+3092,100241706_00007_2,1159,2721,B0001,C0075,103,107
U+307E,100241706_00007_2,1183,2821,B0001,C0076,57,115
U+309D,100241706_00007_2,1201,2949,B0001,C0077,27,33
U+3068,100241706_00007_2,1185,2984,B0001,C0078,53,99
U+3044,100241706_00007_2,1169,3088,B0001,C0079,75,65
U+3075,100241706_00007_2,1157,3156,B0001,C0080,93,80
U+3044,100241706_00007_2,1163,3248,B0001,C0081,96,60
U+306E,100241706_00007_2,1168,3327,B0001,C0082,80,79
U+3061,100241706_00007_2,1175,3411,B0001,C0083,71,99
U+3092,100241706_00007_2,1159,3508,B0001,C0084,97,101
U+3064,100241706_00007_2,928,981,B0001,C0085,91,123
U+3050,100241706_00007_2,948,1104,B0001,C0086,59,117
U+307E,100241706_00007_2,947,1225,B0001,C0087,45,112
U+305F,100241706_00007_2,932,1339,B0001,C0088,64,76
U+6BCD,100241706_00007_2,896,1432,B0001,C0089,139,104
U+306E,100241706_00007_2,933,1548,B0001,C0090,73,68
U+7121,100241706_00007_2,905,1643,B0001,C0091,123,133
U+304D,100241706_00007_2,931,1777,B0001,C0092,63,112
U+5B50,100241706_00007_2,915,1897,B0001,C0093,104,108
U+5F8C,100241706_00007_2,921,2032,B0001,C0094,109,119
U+306E,100241706_00007_2,935,2173,B0001,C0095,71,61
U+6BCD,100241706_00007_2,901,2263,B0001,C0096,133,101
U+3092,100241706_00007_2,921,2387,B0001,C0097,97,107
U+305F,100241706_00007_2,928,2505,B0001,C0098,95,100
U+306E,100241706_00007_2,936,2619,B0001,C0099,81,72
U+307F,100241706_00007_2,939,2692,B0001,C0100,56,101
U+80B2,100241706_00007_2,929,2815,B0001,C0101,80,148
U+3092,100241706_00007_2,923,2976,B0001,C0102,100,103
U+307E,100241706_00007_2,948,3076,B0001,C0103,49,120
U+309D,100241706_00007_2,951,3197,B0001,C0104,39,36
U+6BCD,100241706_00007_2,899,3247,B0001,C0105,133,97
U+3068,100241706_00007_2,941,3348,B0001,C0106,63,92
U+3044,100241706_00007_2,927,3459,B0001,C0107,81,67
U+3075,100241706_00007_2,913,3527,B0001,C0108,93,80
U+3082,100241706_00007_2,701,980,B0001,C0109,59,119
U+5B50,100241706_00007_2,675,1115,B0001,C0110,113,111
U+306E,100241706_00007_2,685,1241,B0001,C0111,87,68
U+547D,100241706_00007_2,671,1327,B0001,C0112,127,136
U+3092,100241706_00007_2,677,1463,B0001,C0113,105,111
U+3064,100241706_00007_2,688,1575,B0001,C0114,85,117
U+3050,100241706_00007_2,711,1699,B0001,C0115,53,103
U+3086,100241706_00007_2,687,1811,B0001,C0116,89,79
U+3078,100241706_00007_2,672,1891,B0001,C0117,113,76
U+306B,100241706_00007_2,672,1971,B0001,C0118,103,92
U+307E,100241706_00007_2,701,2079,B0001,C0119,63,125
U+309D,100241706_00007_2,729,2209,B0001,C0120,27,36
U+306F,100241706_00007_2,693,2263,B0001,C0121,75,112
U+309D,100241706_00007_2,720,2381,B0001,C0122,20,39
U+306A,100241706_00007_2,693,2437,B0001,C0123,92,107
U+308B,100241706_00007_2,709,2549,B0001,C0124,37,65
U+3079,100241706_00007_2,660,2617,B0001,C0125,129,63
U+3057,100241706_00007_2,716,2684,B0001,C0126,25,256
U+25B2,100241706_00007_2,424,927,B0001,C0127,104,45
U+610F,100241706_00007_2,404,1052,B0001,C0128,144,163
U+6839,100241706_00007_2,411,1241,B0001,C0129,172,132
U+4E16,100241706_00007_2,427,1505,B0001,C0130,123,108
U+6839,100241706_00007_2,423,1649,B0001,C0131,164,132
U+4F55,100241706_00007_2,443,1920,B0001,C0132,100,124
U+308C,100241706_00007_2,453,2047,B0001,C0133,88,121
U+3082,100241706_00007_2,463,2173,B0001,C0134,61,88
U+7C73,100241706_00007_2,437,2283,B0001,C0135,95,131
U+306E,100241706_00007_2,449,2420,B0001,C0136,79,81
U+540D,100241706_00007_2,429,2501,B0001,C0137,103,117
U+3044,100241706_00007_2,447,2635,B0001,C0138,88,55
U+306E,100241706_00007_2,449,2709,B0001,C0139,80,79
U+3061,100241706_00007_2,452,2787,B0001,C0140,81,127
U+306E,100241706_00007_2,445,2909,B0001,C0141,116,109
U+6839,100241706_00007_2,435,3033,B0001,C0142,127,108
U+306A,100241706_00007_2,453,3152,B0001,C0143,79,104
U+308A,100241706_00007_2,464,3256,B0001,C0144,56,113
U+25B2,100241706_00007_2,191,925,B0001,C0145,108,48
U+6C41,100241706_00007_2,179,1057,B0001,C0146,143,181
U+3057,100241706_00007_2,187,1443,B0001,C0147,111,124
U+308B,100241706_00007_2,221,1569,B0001,C0148,41,84
U+306F,100241706_00007_2,191,1655,B0001,C0149,85,67
U+3064,100241706_00007_2,184,1741,B0001,C0150,96,75
U+3051,100241706_00007_2,193,1816,B0001,C0151,100,105
U+306A,100241706_00007_2,197,1928,B0001,C0152,93,103
U+308B,100241706_00007_2,207,2023,B0001,C0153,48,61
U+3079,100241706_00007_2,176,2083,B0001,C0154,121,63
U+3057,100241706_00007_2,232,2133,B0001,C0155,16,123
U+3081,100241706_00007_2,191,2283,B0001,C0156,99,108
U+3057,100241706_00007_2,229,2388,B0001,C0157,21,113
U+306E,100241706_00007_2,192,2493,B0001,C0158,115,121
U+304B,100241706_00007_2,183,2619,B0001,C0159,117,84
U+305F,100241706_00007_2,204,2697,B0001,C0160,68,80
U+306F,100241706_00007_2,195,2803,B0001,C0161,87,65
U+3089,100241706_00007_2,219,2872,B0001,C0162,39,107
U+306B,100241706_00007_2,176,2979,B0001,C0163,121,80
U+4ED8,100241706_00007_2,200,3087,B0001,C0164,77,141
U+3066,100241706_00007_2,215,3231,B0001,C0165,40,104
U+98DF,100241706_00007_2,177,3344,B0001,C0166,129,148
U+3075,100241706_00007_2,183,3493,B0001,C0167,104,103
U+3086,100241706_00008_1,2019,968,B0001,C0001,93,99
U+3078,100241706_00008_1,2010,1070,B0001,C0002,123,44
U+3064,100241706_00008_1,2025,1128,B0001,C0003,93,140
U+3051,100241706_00008_1,2029,1271,B0001,C0004,91,109
U+304A,100241706_00008_1,2023,1382,B0001,C0005,93,105
U+306E,100241706_00008_1,2034,1507,B0001,C0006,75,83
U+5B57,100241706_00008_1,2029,1591,B0001,C0007,83,136
U+3092,100241706_00008_1,2019,1728,B0001,C0008,101,120
U+305D,100241706_00008_1,2037,1860,B0001,C0009,68,103
U+3078,100241706_00008_1,2011,1970,B0001,C0010,117,61
U+3066,100241706_00008_1,2042,2032,B0001,C0011,43,155
U+304A,100241706_00008_1,2029,2202,B0001,C0012,84,85
U+3064,100241706_00008_1,2011,2288,B0001,C0013,100,79
U+3051,100241706_00008_1,2027,2372,B0001,C0014,81,107
U+304B,100241706_00008_1,2041,2488,B0001,C0015,45,72
U+53C8,100241706_00008_1,1997,2579,B0001,C0016,151,99
U+3051,100241706_00008_1,1787,978,B0001,C0017,100,124
U+306E,100241706_00008_1,1787,1135,B0001,C0018,87,83
U+5B57,100241706_00008_1,1779,1224,B0001,C0019,103,135
U+3057,100241706_00008_1,1785,1379,B0001,C0020,92,121
U+308B,100241706_00008_1,1813,1502,B0001,C0021,39,75
U+306A,100241706_00008_1,1786,1591,B0001,C0022,81,100
U+308A,100241706_00008_1,1799,1692,B0001,C0023,55,105
U+25B2,100241706_00008_1,1548,928,B0001,C0024,93,44
U+83DC,100241706_00008_1,1520,1032,B0001,C0025,155,189
U+3055,100241706_00008_1,1544,1330,B0001,C0026,67,119
U+3044,100241706_00008_1,1531,1454,B0001,C0027,113,87
U+306F,100241706_00008_1,1539,1542,B0001,C0028,88,80
U+305D,100241706_00008_1,1554,1642,B0001,C0029,76,100
U+3078,100241706_00008_1,1535,1748,B0001,C0030,113,55
U+3066,100241706_00008_1,1547,1812,B0001,C0031,97,96
U+98DF,100241706_00008_1,1532,1916,B0001,C0032,133,151
U+3075,100241706_00008_1,1530,2071,B0001,C0033,103,96
U+3086,100241706_00008_1,1535,2168,B0001,C0034,96,89
U+3078,100241706_00008_1,1522,2267,B0001,C0035,123,63
U+306B,100241706_00008_1,1536,2343,B0001,C0036,99,87
U+3055,100241706_00008_1,1547,2452,B0001,C0037,68,92
U+3078,100241706_00008_1,1527,2555,B0001,C0038,131,57
U+306A,100241706_00008_1,1547,2610,B0001,C0039,95,96
U+308B,100241706_00008_1,1562,2682,B0001,C0040,55,79
U+3079,100241706_00008_1,1530,2766,B0001,C0041,129,55
U+3057,100241706_00008_1,1579,2816,B0001,C0042,19,140
U+305D,100241706_00008_1,1555,2969,B0001,C0043,83,104
U+3068,100241706_00008_1,1563,3074,B0001,C0044,68,95
U+3055,100241706_00008_1,1547,3177,B0001,C0045,79,85
U+3068,100241706_00008_1,1560,3270,B0001,C0046,68,92
U+901A,100241706_00008_1,1522,3370,B0001,C0047,133,109
U+305A,100241706_00008_1,1539,3487,B0001,C0048,109,88
U+25B2,100241706_00008_1,1302,928,B0001,C0049,92,43
U+9999,100241706_00008_1,1284,1038,B0001,C0050,147,153
U+7269,100241706_00008_1,1276,1210,B0001,C0051,131,125
U+306F,100241706_00008_1,1300,1367,B0001,C0052,80,52
U+306B,100241706_00008_1,1282,1519,B0001,C0053,113,97
U+307B,100241706_00008_1,1300,1622,B0001,C0054,100,136
U+3075,100241706_00008_1,1286,1764,B0001,C0055,105,93
U+6545,100241706_00008_1,1295,1868,B0001,C0056,116,116
U+306B,100241706_00008_1,1315,1995,B0001,C0057,59,113
U+304B,100241706_00008_1,1295,2122,B0001,C0058,104,93
U+3075,100241706_00008_1,1284,2216,B0001,C0059,96,107
U+3031,100241706_00008_1,1319,2268,B0001,C0060,83,263
U+306A,100241706_00008_1,1306,2547,B0001,C0061,89,112
U+308B,100241706_00008_1,1320,2642,B0001,C0062,44,83
U+3079,100241706_00008_1,1278,2734,B0001,C0063,129,85
U+3057,100241706_00008_1,1324,2810,B0001,C0064,31,325
U+25B2,100241706_00008_1,1056,929,B0001,C0065,96,39
U+7230,100241706_00008_1,1055,1047,B0001,C0066,103,161
U+306B,100241706_00008_1,1042,1215,B0001,C0067,105,93
U+81B3,100241706_00008_1,1038,1334,B0001,C0068,121,152
U+306B,100241706_00008_1,1063,1487,B0001,C0069,71,104
U+306A,100241706_00008_1,1064,1607,B0001,C0070,80,112
U+3089,100241706_00008_1,1084,1720,B0001,C0071,33,93
U+3076,100241706_00008_1,1038,1831,B0001,C0072,108,92
U+6240,100241706_00008_1,1039,1939,B0001,C0073,112,128
U+306E,100241706_00008_1,1059,2087,B0001,C0074,79,76
U+5177,100241706_00008_1,1039,2179,B0001,C0075,107,165
U+306B,100241706_00008_1,1040,2343,B0001,C0076,108,95
U+3088,100241706_00008_1,1070,2446,B0001,C0077,61,96
U+308A,100241706_00008_1,1075,2551,B0001,C0078,43,101
U+3066,100241706_00008_1,1044,2648,B0001,C0079,95,100
U+98DF,100241706_00008_1,1046,2763,B0001,C0080,128,139
U+985E,100241706_00008_1,1022,2909,B0001,C0081,133,136
U+306E,100241706_00008_1,1062,3058,B0001,C0082,76,69
U+60E3,100241706_00008_1,1038,3146,B0001,C0083,117,132
U+540D,100241706_00008_1,1036,3281,B0001,C0084,105,100
U+3068,100241706_00008_1,1076,3382,B0001,C0085,51,73
U+3059,100241706_00008_1,1035,3459,B0001,C0086,104,95
U+308B,100241706_00008_1,1070,3543,B0001,C0087,52,68
U+3082,100241706_00008_1,842,1052,B0001,C0088,55,168
U+306E,100241706_00008_1,818,1220,B0001,C0089,107,133
U+306A,100241706_00008_1,842,1360,B0001,C0090,63,143
U+308A,100241706_00008_1,843,1508,B0001,C0091,51,155
U+5E73,100241706_00008_1,787,1854,B0001,C0092,136,124
U+576A,100241706_00008_1,792,2044,B0001,C0093,155,148
U+732A,100241706_00008_1,792,2246,B0001,C0094,137,143
U+53E3,100241706_00008_1,830,2418,B0001,C0095,65,60
U+9C60,100241706_00008_1,790,2551,B0001,C0096,156,160
U+662F,100241706_00008_1,565,968,B0001,C0097,129,151
U+306F,100241706_00008_1,577,1127,B0001,C0098,88,63
U+5BB6,100241706_00008_1,573,1186,B0001,C0099,97,127
U+5177,100241706_00008_1,553,1314,B0001,C0100,119,131
U+306E,100241706_00008_1,577,1456,B0001,C0101,81,77
U+8003,100241706_00008_1,564,1540,B0001,C0102,101,156
U+306B,100241706_00008_1,560,1698,B0001,C0103,103,97
U+3044,100241706_00008_1,569,1814,B0001,C0104,89,69
U+3075,100241706_00008_1,559,1884,B0001,C0105,97,88
U+306A,100241706_00008_1,575,1980,B0001,C0106,85,104
U+308C,100241706_00008_1,571,2091,B0001,C0107,85,116
U+3069,100241706_00008_1,584,2230,B0001,C0108,76,93
U+3082,100241706_00008_1,583,2327,B0001,C0109,85,120
U+98DF,100241706_00008_1,560,2463,B0001,C0110,115,140
U+306B,100241706_00008_1,560,2606,B0001,C0111,100,99
U+306A,100241706_00008_1,577,2718,B0001,C0112,67,127
U+3089,100241706_00008_1,581,2847,B0001,C0113,43,105
U+3076,100241706_00008_1,548,2959,B0001,C0114,107,92
U+6545,100241706_00008_1,548,3074,B0001,C0115,140,117
U+5148,100241706_00008_1,553,3195,B0001,C0116,112,128
U+8003,100241706_00008_1,545,3323,B0001,C0117,112,147
U+3092,100241706_00008_1,555,3486,B0001,C0118,91,109
U+3053,100241706_00008_1,341,974,B0001,C0119,80,123
U+309D,100241706_00008_1,379,1098,B0001,C0120,21,43
U+306B,100241706_00008_1,319,1147,B0001,C0121,101,100
U+89E3,100241706_00008_1,321,1263,B0001,C0122,125,200
U+25B2,100241706_00008_2,1887,947,B0001,C0001,96,45
U+958B,100241706_00008_2,1889,1032,B0001,C0002,109,144
U+3072,100241706_00008_2,1889,1360,B0001,C0003,107,119
U+3089,100241706_00008_2,1923,1480,B0001,C0004,32,89
U+304F,100241706_00008_2,1902,1575,B0001,C0005,49,115
U+306E,100241706_00008_2,1891,1721,B0001,C0006,77,63
U+7565,100241706_00008_2,1881,1813,B0001,C0007,121,121
U+3072,100241706_00008_2,1894,1972,B0001,C0008,93,84
U+3089,100241706_00008_2,1921,2057,B0001,C0009,40,97
U+306A,100241706_00008_2,1905,2156,B0001,C0010,64,135
U+308B,100241706_00008_2,1919,2299,B0001,C0011,43,76
U+3079,100241706_00008_2,1877,2380,B0001,C0012,125,61
U+3057,100241706_00008_2,1926,2456,B0001,C0013,28,335
U+25B2,100241706_00008_2,1648,955,B0001,C0014,95,44
U+857E,100241706_00008_2,1626,1013,B0001,C0015,167,165
U+3064,100241706_00008_2,1660,1360,B0001,C0016,93,91
U+307C,100241706_00008_2,1663,1455,B0001,C0017,117,125
U+3080,100241706_00008_2,1664,1587,B0001,C0018,96,113
U+306E,100241706_00008_2,1670,1708,B0001,C0019,76,79
U+7565,100241706_00008_2,1654,1807,B0001,C0020,121,116
U+3064,100241706_00008_2,1654,1963,B0001,C0021,103,91
U+307C,100241706_00008_2,1664,2053,B0001,C0022,105,109
U+306A,100241706_00008_2,1672,2176,B0001,C0023,93,120
U+308B,100241706_00008_2,1690,2297,B0001,C0024,36,84
U+3079,100241706_00008_2,1640,2383,B0001,C0025,129,72
U+3057,100241706_00008_2,1688,2459,B0001,C0026,33,332
U+6709,100241706_00008_2,1399,943,B0001,C0027,116,145
U+6765,100241706_00008_2,1400,1083,B0001,C0028,108,152
U+308A,100241706_00008_2,1426,1239,B0001,C0029,59,92
U+7528,100241706_00008_2,1414,1340,B0001,C0030,91,135
U+3086,100241706_00008_2,1412,1468,B0001,C0031,93,105
U+308B,100241706_00008_2,1443,1575,B0001,C0032,37,76
U+6587,100241706_00008_2,1402,1669,B0001,C0033,116,124
U+5B57,100241706_00008_2,1428,1795,B0001,C0034,75,135
U+306E,100241706_00008_2,1420,1952,B0001,C0035,69,73
U+576A,100241706_00008_2,1388,2049,B0001,C0036,133,133
U+306F,100241706_00008_2,1434,2176,B0001,C0037,56,129
U+5730,100241706_00008_2,1403,2313,B0001,C0038,115,117
U+576A,100241706_00008_2,1395,2443,B0001,C0039,139,143
U+306E,100241706_00008_2,1424,2601,B0001,C0040,80,65
U+9810,100241706_00008_2,1406,2696,B0001,C0041,119,136
U+308B,100241706_00008_2,1452,2835,B0001,C0042,37,67
U+6240,100241706_00008_2,1408,2925,B0001,C0043,109,107
U+3086,100241706_00008_2,1420,3033,B0001,C0044,88,97
U+3078,100241706_00008_2,1394,3132,B0001,C0045,136,63
U+571F,100241706_00008_2,1395,3192,B0001,C0046,133,83
U+3078,100241706_00008_2,1416,3296,B0001,C0047,97,136
U+3093,100241706_00008_2,1400,3432,B0001,C0048,147,84
U+4E5F,100241706_00008_2,1416,3547,B0001,C0049,132,68
U+81B3,100241706_00008_2,1164,940,B0001,C0050,131,153
U+90E8,100241706_00008_2,1156,1095,B0001,C0051,139,153
U+306B,100241706_00008_2,1192,1252,B0001,C0052,59,104
U+306F,100241706_00008_2,1171,1357,B0001,C0053,89,67
U+3042,100241706_00008_2,1188,1437,B0001,C0054,84,99
U+3084,100241706_00008_2,1176,1536,B0001,C0055,97,113
U+307E,100241706_00008_2,1200,1645,B0001,C0056,47,115
U+308A,100241706_00008_2,1191,1761,B0001,C0057,60,121
U+306A,100241706_00008_2,1182,1889,B0001,C0058,93,101
U+308B,100241706_00008_2,1198,1984,B0001,C0059,45,68
U+304B,100241706_00008_2,1194,2061,B0001,C0060,49,68
U+25B2,100241706_00008_2,924,940,B0001,C0061,108,47
U+3057,100241706_00008_2,934,1043,B0001,C0062,97,123
U+3070,100241706_00008_2,930,1168,B0001,C0063,96,103
U+3089,100241706_00008_2,955,1272,B0001,C0064,49,117
U+304F,100241706_00008_2,952,1384,B0001,C0065,43,133
U+98DF,100241706_00008_2,928,1524,B0001,C0066,125,141
U+985E,100241706_00008_2,914,1665,B0001,C0067,116,144
U+3092,100241706_00008_2,934,1819,B0001,C0068,85,113
U+3055,100241706_00008_2,940,1943,B0001,C0069,69,96
U+3057,100241706_00008_2,972,2040,B0001,C0070,23,128
U+7F6E,100241706_00008_2,935,2163,B0001,C0071,97,159
U+3066,100241706_00008_2,947,2323,B0001,C0072,53,141
U+5BB6,100241706_00008_2,938,2465,B0001,C0073,101,140
U+5177,100241706_00008_2,932,2605,B0001,C0074,99,167
U+306E,100241706_00008_2,939,2772,B0001,C0075,85,71
U+8003,100241706_00008_2,927,2848,B0001,C0076,105,153
U+3092,100241706_00008_2,924,2997,B0001,C0077,115,99
U+3068,100241706_00008_2,950,3092,B0001,C0078,67,68
U+304F,100241706_00008_2,948,3164,B0001,C0079,56,128
U+3080,100241706_00008_2,692,999,B0001,C0080,113,127
U+304B,100241706_00008_2,686,1127,B0001,C0081,109,89
U+3057,100241706_00008_2,732,1212,B0001,C0082,24,161
U+5927,100241706_00008_2,698,1380,B0001,C0083,103,119
U+548C,100241706_00008_2,670,1511,B0001,C0084,136,125
U+56FD,100241706_00008_2,694,1632,B0001,C0085,100,135
U+306B,100241706_00008_2,715,1767,B0001,C0086,59,91
U+548C,100241706_00008_2,675,1879,B0001,C0087,128,123
U+6C17,100241706_00008_2,714,2000,B0001,C0088,99,140
U+306E,100241706_00008_2,704,2149,B0001,C0089,80,71
U+68DF,100241706_00008_2,672,2229,B0001,C0090,153,143
U+6625,100241706_00008_2,680,2365,B0001,C0091,144,148
U+3068,100241706_00008_2,715,2512,B0001,C0092,64,92
U+3044,100241706_00008_2,708,2613,B0001,C0093,76,69
U+3075,100241706_00008_2,682,2687,B0001,C0094,108,79
U+4EBA,100241706_00008_2,686,2765,B0001,C0095,136,85
U+3042,100241706_00008_2,707,2851,B0001,C0096,77,84
U+308A,100241706_00008_2,726,2939,B0001,C0097,44,88
U+4F55,100241706_00008_2,687,3041,B0001,C0098,131,109
U+308C,100241706_00008_2,711,3121,B0001,C0099,87,101
U+306E,100241706_00008_2,707,3231,B0001,C0100,83,69
U+4E8B,100241706_00008_2,712,3301,B0001,C0101,77,111
U+306B,100241706_00008_2,691,3432,B0001,C0102,108,79
U+3082,100241706_00008_2,707,3528,B0001,C0103,68,103
U+624D,100241706_00008_2,445,987,B0001,C0104,95,123
U+80FD,100241706_00008_2,427,1113,B0001,C0105,133,125
U+3042,100241706_00008_2,464,1237,B0001,C0106,84,87
U+308B,100241706_00008_2,473,1309,B0001,C0107,49,75
U+8005,100241706_00008_2,443,1392,B0001,C0108,113,144
U+306B,100241706_00008_2,469,1537,B0001,C0109,52,84
U+3066,100241706_00008_2,443,1623,B0001,C0110,93,91
U+571F,100241706_00008_2,431,1728,B0001,C0111,123,89
U+306B,100241706_00008_2,448,1831,B0001,C0112,93,87
U+3066,100241706_00008_2,453,1920,B0001,C0113,84,88
U+633D,100241706_00008_2,437,2025,B0001,C0114,144,121
U+7269,100241706_00008_2,444,2145,B0001,C0115,120,115
U+5668,100241706_00008_2,436,2280,B0001,C0116,131,119
U+4F5C,100241706_00008_2,448,2413,B0001,C0117,124,121
U+308B,100241706_00008_2,479,2524,B0001,C0118,47,65
U+3088,100241706_00008_2,483,2613,B0001,C0119,44,85
U+308A,100241706_00008_2,476,2700,B0001,C0120,52,113
U+8003,100241706_00008_2,447,2815,B0001,C0121,121,155
U+4ED8,100241706_00008_2,463,2967,B0001,C0122,88,128
U+3066,100241706_00008_2,447,3097,B0001,C0123,96,88
U+633D,100241706_00008_2,439,3215,B0001,C0124,137,120
U+53F0,100241706_00008_2,444,3343,B0001,C0125,128,183
U+3092,100241706_00008_2,460,3535,B0001,C0126,115,99
U+3088,100241706_00008_2,232,987,B0001,C0127,51,91
U+3053,100241706_00008_2,207,1089,B0001,C0128,77,125
U+306B,100241706_00008_2,193,1216,B0001,C0129,103,96
U+7528,100241706_00008_2,199,1319,B0001,C0130,87,139
U+3072,100241706_00008_2,195,1459,B0001,C0131,108,93
U+8272,100241706_00008_2,201,1556,B0001,C0132,97,152
U+3005,100241706_00008_2,232,1719,B0001,C0133,36,69
U+306E,100241706_00008_2,209,1793,B0001,C0134,77,71
U+5805,100241706_00008_2,201,1889,B0001,C0135,101,123
U+6728,100241706_00008_2,192,2012,B0001,C0136,111,131
U+3092,100241706_00008_2,197,2147,B0001,C0137,112,113
U+3082,100241706_00008_2,221,2252,B0001,C0138,52,119
U+3063,100241706_00008_2,203,2375,B0001,C0139,89,67
U+3066,100241706_00008_2,211,2443,B0001,C0140,55,121
U+3046,100241706_00008_2,216,2559,B0001,C0141,55,109
U+3064,100241706_00008_2,189,2665,B0001,C0142,107,93
U+308F,100241706_00008_2,219,2760,B0001,C0143,47,120
U+3092,100241706_00008_2,193,2883,B0001,C0144,105,107
U+633D,100241706_00008_2,183,2989,B0001,C0145,137,113
U+51FA,100241706_00008_2,213,3120,B0001,C0146,95,85
U+3059,100241706_00008_2,219,3215,B0001,C0147,75,108
U+5DE5,100241706_00008_2,212,3337,B0001,C0148,97,69
U+592B,100241706_00008_2,187,3412,B0001,C0149,140,124
U+3092,100241706_00008_2,205,3531,B0001,C0150,96,97
U+306A,100241706_00009_1,2042,976,B0001,C0001,96,103
U+305B,100241706_00009_1,2031,1079,B0001,C0002,89,99
U+308A,100241706_00009_1,2053,1188,B0001,C0003,53,123
U+5927,100241706_00009_1,2049,1303,B0001,C0004,93,123
U+3068,100241706_00009_1,2051,1429,B0001,C0005,71,100
U+306A,100241706_00009_1,2046,1540,B0001,C0006,68,121
U+304F,100241706_00009_1,2051,1663,B0001,C0007,44,107
U+5C0F,100241706_00009_1,2022,1781,B0001,C0008,119,105
U+3068,100241706_00009_1,2049,1892,B0001,C0009,57,109
U+306A,100241706_00009_1,2042,2003,B0001,C0010,77,116
U+304F,100241706_00009_1,2054,2105,B0001,C0011,44,105
U+6216,100241706_00009_1,2027,2209,B0001,C0012,124,123
U+306F,100241706_00009_1,2037,2351,B0001,C0013,85,56
U+6D45,100241706_00009_1,2025,2412,B0001,C0014,123,145
U+304F,100241706_00009_1,2057,2548,B0001,C0015,41,104
U+6DF1,100241706_00009_1,2026,2653,B0001,C0016,120,120
U+304F,100241706_00009_1,2046,2783,B0001,C0017,48,123
U+3055,100241706_00009_1,2047,2911,B0001,C0018,68,83
U+307E,100241706_00009_1,2030,2999,B0001,C0019,81,89
U+3031,100241706_00009_1,2051,3020,B0001,C0020,97,191
U+306E,100241706_00009_1,2043,3212,B0001,C0021,81,75
U+5668,100241706_00009_1,2013,3296,B0001,C0022,128,107
U+3092,100241706_00009_1,2034,3415,B0001,C0023,101,96
U+633D,100241706_00009_1,2019,3519,B0001,C0024,125,107
U+51FA,100241706_00009_1,1793,983,B0001,C0025,107,87
U+305B,100241706_00009_1,1785,1071,B0001,C0026,105,95
U+308A,100241706_00009_1,1814,1167,B0001,C0027,56,105
U+8FD1,100241706_00009_1,1777,1267,B0001,C0028,136,125
U+90F7,100241706_00009_1,1766,1401,B0001,C0029,143,128
U+306E,100241706_00009_1,1798,1529,B0001,C0030,77,68
U+8CB4,100241706_00009_1,1764,1604,B0001,C0031,113,167
U+8CCE,100241706_00009_1,1770,1768,B0001,C0032,132,136
U+306F,100241706_00009_1,1789,1895,B0001,C0033,81,97
U+306A,100241706_00009_1,1787,1996,B0001,C0034,97,97
U+306F,100241706_00009_1,1790,2099,B0001,C0035,88,56
U+3060,100241706_00009_1,1795,2165,B0001,C0036,83,76
U+8ABF,100241706_00009_1,1771,2257,B0001,C0037,125,133
U+6CD5,100241706_00009_1,1782,2387,B0001,C0038,112,113
U+3057,100241706_00009_1,1830,2504,B0001,C0039,16,89
U+3066,100241706_00009_1,1787,2604,B0001,C0040,85,92
U+60A6,100241706_00009_1,1771,2707,B0001,C0041,128,125
U+3073,100241706_00009_1,1793,2832,B0001,C0042,99,85
U+65E5,100241706_00009_1,1807,2928,B0001,C0043,52,87
U+3005,100241706_00009_1,1818,3031,B0001,C0044,25,63
U+7E41,100241706_00009_1,1781,3089,B0001,C0045,116,153
U+6804,100241706_00009_1,1768,3244,B0001,C0046,103,163
U+305B,100241706_00009_1,1775,3413,B0001,C0047,89,93
U+308A,100241706_00009_1,1803,3517,B0001,C0048,47,103
U+5F8C,100241706_00009_1,1539,983,B0001,C0049,144,145
U+3005,100241706_00009_1,1590,1149,B0001,C0050,32,56
U+306F,100241706_00009_1,1554,1220,B0001,C0051,88,61
U+3084,100241706_00009_1,1552,1288,B0001,C0052,104,84
U+3054,100241706_00009_1,1567,1376,B0001,C0053,91,100
U+3068,100241706_00009_1,1575,1480,B0001,C0054,60,93
U+306A,100241706_00009_1,1546,1577,B0001,C0055,100,107
U+304D,100241706_00009_1,1564,1684,B0001,C0056,64,108
U+5FA1,100241706_00009_1,1546,1799,B0001,C0057,132,139
U+65B9,100241706_00009_1,1543,1933,B0001,C0058,120,129
U+3078,100241706_00009_1,1551,2071,B0001,C0059,104,41
U+3082,100241706_00009_1,1567,2117,B0001,C0060,61,95
U+3055,100241706_00009_1,1571,2219,B0001,C0061,60,79
U+3057,100241706_00009_1,1594,2303,B0001,C0062,20,80
U+4E0A,100241706_00009_1,1566,2392,B0001,C0063,79,93
U+308B,100241706_00009_1,1579,2495,B0001,C0064,45,80
U+3084,100241706_00009_1,1551,2577,B0001,C0065,103,68
U+3046,100241706_00009_1,1563,2644,B0001,C0066,60,99
U+306B,100241706_00009_1,1546,2731,B0001,C0067,100,81
U+306A,100241706_00009_1,1558,2824,B0001,C0068,80,107
U+308A,100241706_00009_1,1575,2939,B0001,C0069,53,93
U+3051,100241706_00009_1,1564,3035,B0001,C0070,93,80
U+308B,100241706_00009_1,1583,3089,B0001,C0071,45,73
U+7230,100241706_00009_1,1562,3172,B0001,C0072,85,129
U+306B,100241706_00009_1,1551,3301,B0001,C0073,115,76
U+304A,100241706_00009_1,1558,3385,B0001,C0074,96,75
U+3044,100241706_00009_1,1552,3464,B0001,C0075,100,72
U+3066,100241706_00009_1,1558,3540,B0001,C0076,99,80
U+540D,100241706_00009_1,1295,980,B0001,C0077,105,135
U+3042,100241706_00009_1,1320,1115,B0001,C0078,95,96
U+308B,100241706_00009_1,1339,1209,B0001,C0079,40,75
U+3079,100241706_00009_1,1300,1285,B0001,C0080,121,75
U+304F,100241706_00009_1,1344,1361,B0001,C0081,36,107
U+3068,100241706_00009_1,1331,1460,B0001,C0082,67,79
U+4EBA,100241706_00009_1,1295,1547,B0001,C0083,147,88
U+3005,100241706_00009_1,1346,1637,B0001,C0084,35,61
U+306E,100241706_00009_1,1322,1711,B0001,C0085,75,68
U+554F,100241706_00009_1,1303,1795,B0001,C0086,109,120
U+3075,100241706_00009_1,1295,1900,B0001,C0087,100,95
U+306B,100241706_00009_1,1296,2003,B0001,C0088,109,85
U+540D,100241706_00009_1,1295,2101,B0001,C0089,113,136
U+306F,100241706_00009_1,1312,2239,B0001,C0090,81,60
U+3044,100241706_00009_1,1302,2309,B0001,C0091,100,48
U+307E,100241706_00009_1,1330,2359,B0001,C0092,52,103
U+3060,100241706_00009_1,1316,2465,B0001,C0093,89,80
U+8003,100241706_00009_1,1298,2556,B0001,C0094,108,164
U+3078,100241706_00009_1,1295,2719,B0001,C0095,120,52
U+305A,100241706_00009_1,1302,2776,B0001,C0096,131,99
U+3068,100241706_00009_1,1324,2875,B0001,C0097,63,91
U+7533,100241706_00009_1,1331,2980,B0001,C0098,49,83
U+3051,100241706_00009_1,1312,3069,B0001,C0099,88,91
U+308A,100241706_00009_1,1332,3168,B0001,C0100,43,85
U+5176,100241706_00009_1,1290,3251,B0001,C0101,117,120
U+3053,100241706_00009_1,1319,3369,B0001,C0102,69,63
U+308D,100241706_00009_1,1298,3441,B0001,C0103,87,87
U+6216,100241706_00009_1,1295,3527,B0001,C0104,124,99
U+5148,100241706_00009_1,1059,989,B0001,C0105,119,124
U+751F,100241706_00009_1,1076,1108,B0001,C0106,73,131
U+548C,100241706_00009_1,1038,1253,B0001,C0107,132,127
U+6C17,100241706_00009_1,1078,1377,B0001,C0108,115,148
U+304C,100241706_00009_1,1079,1549,B0001,C0109,85,77
U+5B85,100241706_00009_1,1063,1639,B0001,C0110,92,132
U+3078,100241706_00009_1,1060,1799,B0001,C0111,120,47
U+671D,100241706_00009_1,1046,1848,B0001,C0112,125,148
U+66AE,100241706_00009_1,1062,1989,B0001,C0113,81,157
U+3042,100241706_00009_1,1076,2168,B0001,C0114,79,92
U+305D,100241706_00009_1,1072,2261,B0001,C0115,69,132
U+3073,100241706_00009_1,1063,2395,B0001,C0116,108,99
U+306B,100241706_00009_1,1082,2495,B0001,C0117,56,97
U+6765,100241706_00009_1,1051,2596,B0001,C0118,112,148
U+308A,100241706_00009_1,1080,2753,B0001,C0119,60,115
U+7D66,100241706_00009_1,1080,2879,B0001,C0120,51,77
U+3075,100241706_00009_1,1058,2957,B0001,C0121,87,91
U+3086,100241706_00009_1,1055,3044,B0001,C0122,92,91
U+3078,100241706_00009_1,1047,3133,B0001,C0123,119,51
U+68DF,100241706_00009_1,1046,3189,B0001,C0124,137,127
U+6625,100241706_00009_1,1051,3309,B0001,C0125,132,141
U+3053,100241706_00009_1,1074,3464,B0001,C0126,76,76
U+306E,100241706_00009_1,1067,3543,B0001,C0127,77,75
U+4EBA,100241706_00009_1,818,981,B0001,C0128,127,115
U+306B,100241706_00009_1,826,1101,B0001,C0129,104,95
U+3064,100241706_00009_1,827,1211,B0001,C0130,96,60
U+3044,100241706_00009_1,815,1273,B0001,C0131,109,97
U+3066,100241706_00009_1,828,1373,B0001,C0132,88,95
U+66F0,100241706_00009_1,836,1481,B0001,C0133,88,89
U+6211,100241706_00009_1,810,1567,B0001,C0134,141,125
U+304C,100241706_00009_1,850,1699,B0001,C0135,65,61
U+5DE5,100241706_00009_1,827,1773,B0001,C0136,104,69
U+592B,100241706_00009_1,807,1849,B0001,C0137,139,131
U+306B,100241706_00009_1,822,1988,B0001,C0138,100,95
U+3066,100241706_00009_1,815,2084,B0001,C0139,93,93
U+88FD,100241706_00009_1,807,2179,B0001,C0140,117,167
U+3057,100241706_00009_1,867,2353,B0001,C0141,16,101
U+6765,100241706_00009_1,812,2460,B0001,C0142,105,151
U+308B,100241706_00009_1,839,2605,B0001,C0143,53,77
U+6240,100241706_00009_1,823,2696,B0001,C0144,99,101
U+306E,100241706_00009_1,822,2811,B0001,C0145,91,72
U+5668,100241706_00009_1,796,2905,B0001,C0146,132,131
U+3044,100241706_00009_1,816,3056,B0001,C0147,103,67
U+307E,100241706_00009_1,843,3124,B0001,C0148,43,120
U+3060,100241706_00009_1,822,3245,B0001,C0149,85,80
U+540D,100241706_00009_1,820,3339,B0001,C0150,88,96
U+3053,100241706_00009_1,834,3437,B0001,C0151,69,87
U+308C,100241706_00009_1,803,3529,B0001,C0152,136,89
U+306A,100241706_00009_1,594,991,B0001,C0153,95,101
U+3057,100241706_00009_1,627,1096,B0001,C0154,16,139
U+8846,100241706_00009_1,557,1243,B0001,C0155,148,148
U+4EBA,100241706_00009_1,563,1403,B0001,C0156,147,103
U+540D,100241706_00009_1,565,1505,B0001,C0157,104,136
U+3042,100241706_00009_1,585,1645,B0001,C0158,93,89
U+3063,100241706_00009_1,576,1736,B0001,C0159,92,107
U+3066,100241706_00009_1,588,1848,B0001,C0160,75,84
U+3053,100241706_00009_1,603,1937,B0001,C0161,63,85
U+305D,100241706_00009_1,588,2027,B0001,C0162,79,96
U+7136,100241706_00009_1,552,2129,B0001,C0163,129,137
U+308B,100241706_00009_1,595,2279,B0001,C0164,69,99
U+3079,100241706_00009_1,569,2389,B0001,C0165,109,67
U+3051,100241706_00009_1,583,2452,B0001,C0166,97,96
U+308C,100241706_00009_1,579,2548,B0001,C0167,80,109
U+3068,100241706_00009_1,595,2656,B0001,C0168,56,91
U+671B,100241706_00009_1,563,2757,B0001,C0169,120,144
U+3080,100241706_00009_1,577,2903,B0001,C0170,100,113
U+5148,100241706_00009_1,565,3031,B0001,C0171,117,121
U+751F,100241706_00009_1,579,3145,B0001,C0172,77,115
U+662F,100241706_00009_1,576,3271,B0001,C0173,100,124
U+306B,100241706_00009_1,564,3400,B0001,C0174,99,65
U+540D,100241706_00009_1,553,3464,B0001,C0175,116,96
U+3092,100241706_00009_1,561,3544,B0001,C0176,95,73
U+307B,100241706_00009_1,336,996,B0001,C0177,116,97
U+3069,100241706_00009_1,359,1095,B0001,C0178,76,87
U+3053,100241706_00009_1,357,1193,B0001,C0179,77,65
U+3057,100241706_00009_1,384,1267,B0001,C0180,16,120
U+7D66,100241706_00009_1,355,1377,B0001,C0181,61,93
U+3078,100241706_00009_1,323,1473,B0001,C0182,135,43
U+3068,100241706_00009_1,357,1507,B0001,C0183,69,89
U+983C,100241706_00009_1,323,1607,B0001,C0184,117,135
U+307F,100241706_00009_1,359,1741,B0001,C0185,53,85
U+3051,100241706_00009_1,345,1832,B0001,C0186,84,81
U+308C,100241706_00009_1,339,1919,B0001,C0187,92,113
U+3070,100241706_00009_1,332,2035,B0001,C0188,99,65
U+5148,100241706_00009_1,332,2108,B0001,C0189,112,128
U+751F,100241706_00009_1,343,2240,B0001,C0190,72,116
U+8003,100241706_00009_1,316,2369,B0001,C0191,115,136
U+3078,100241706_00009_1,321,2512,B0001,C0192,112,48
U+3066,100241706_00009_1,333,2569,B0001,C0193,83,99
U+7B87,100241706_00009_1,335,2679,B0001,C0194,89,152
U+3084,100241706_00009_1,325,2831,B0001,C0195,97,89
U+3046,100241706_00009_1,356,2924,B0001,C0196,36,81
U+306E,100241706_00009_1,336,3035,B0001,C0197,83,60
U+54C1,100241706_00009_1,327,3133,B0001,C0198,108,119
U+306B,100241706_00009_1,321,3255,B0001,C0199,101,108
U+540D,100241706_00009_1,321,3377,B0001,C0200,95,116
U+3092,100241706_00009_1,321,3495,B0001,C0201,115,116
U+4ED8,100241706_00009_2,1881,1003,B0001,C0001,85,156
U+308B,100241706_00009_2,1887,1163,B0001,C0002,92,145
U+4E8B,100241706_00009_2,1897,1309,B0001,C0003,64,155
U+3088,100241706_00009_2,1902,1471,B0001,C0004,51,104
U+3075,100241706_00009_2,1874,1576,B0001,C0005,92,108
U+3044,100241706_00009_2,1875,1687,B0001,C0006,116,68
U+306A,100241706_00009_2,1889,1772,B0001,C0007,91,111
U+3089,100241706_00009_2,1909,1887,B0001,C0008,39,93
U+305A,100241706_00009_2,1905,1980,B0001,C0009,80,125
U+662F,100241706_00009_2,1893,2117,B0001,C0010,88,135
U+306F,100241706_00009_2,1895,2268,B0001,C0011,75,47
U+5929,100241706_00009_2,1891,2335,B0001,C0012,96,113
U+5730,100241706_00009_2,1877,2451,B0001,C0013,128,95
U+81EA,100241706_00009_2,1907,2555,B0001,C0014,63,135
U+7136,100241706_00009_2,1883,2696,B0001,C0015,105,108
U+306E,100241706_00009_2,1902,2824,B0001,C0016,76,65
U+6570,100241706_00009_2,1881,2900,B0001,C0017,135,128
U+3092,100241706_00009_2,1903,3031,B0001,C0018,96,107
U+3082,100241706_00009_2,1930,3151,B0001,C0019,51,104
U+3063,100241706_00009_2,1901,3259,B0001,C0020,91,105
U+3066,100241706_00009_2,1918,3365,B0001,C0021,51,123
U+4ED8,100241706_00009_2,1917,3501,B0001,C0022,75,121
U+5BA3,100241706_00009_2,1647,1000,B0001,C0023,85,128
U+3057,100241706_00009_2,1670,1129,B0001,C0024,29,83
U+304D,100241706_00009_2,1640,1213,B0001,C0025,107,95
U+3068,100241706_00009_2,1664,1299,B0001,C0026,64,92
U+7533,100241706_00009_2,1668,1404,B0001,C0027,55,108
U+304D,100241706_00009_2,1659,1515,B0001,C0028,67,112
U+3042,100241706_00009_2,1660,1633,B0001,C0029,95,101
U+308B,100241706_00009_2,1682,1736,B0001,C0030,43,77
U+3058,100241706_00009_2,1692,1811,B0001,C0031,43,124
U+3053,100241706_00009_2,1663,1947,B0001,C0032,85,112
U+305F,100241706_00009_2,1662,2060,B0001,C0033,71,75
U+3078,100241706_00009_2,1640,2145,B0001,C0034,119,53
U+3066,100241706_00009_2,1664,2203,B0001,C0035,76,91
U+6570,100241706_00009_2,1642,2303,B0001,C0036,128,120
U+3068,100241706_00009_2,1688,2427,B0001,C0037,53,101
U+306F,100241706_00009_2,1667,2532,B0001,C0038,85,67
U+3044,100241706_00009_2,1666,2616,B0001,C0039,92,73
U+304B,100241706_00009_2,1688,2688,B0001,C0040,47,67
U+306B,100241706_00009_2,1656,2761,B0001,C0041,101,89
U+3068,100241706_00009_2,1683,2861,B0001,C0042,64,96
U+7533,100241706_00009_2,1687,2967,B0001,C0043,52,107
U+3051,100241706_00009_2,1672,3069,B0001,C0044,87,97
U+308C,100241706_00009_2,1667,3165,B0001,C0045,75,119
U+3070,100241706_00009_2,1663,3291,B0001,C0046,109,65
U+5C0F,100241706_00009_2,1659,3355,B0001,C0047,101,84
U+306E,100241706_00009_2,1670,3456,B0001,C0048,77,69
U+6570,100241706_00009_2,1639,3525,B0001,C0049,161,104
U+3092,100241706_00009_2,1422,1000,B0001,C0050,76,103
U+4E09,100241706_00009_2,1394,1124,B0001,C0051,116,89
U+3068,100241706_00009_2,1422,1217,B0001,C0052,64,96
U+3044,100241706_00009_2,1407,1329,B0001,C0053,95,88
U+309D,100241706_00009_2,1452,1423,B0001,C0054,20,37
U+5927,100241706_00009_2,1412,1480,B0001,C0055,119,105
U+306E,100241706_00009_2,1415,1601,B0001,C0056,77,76
U+6570,100241706_00009_2,1386,1689,B0001,C0057,139,123
U+3092,100241706_00009_2,1412,1821,B0001,C0058,103,109
U+516B,100241706_00009_2,1392,1939,B0001,C0059,139,79
U+3068,100241706_00009_2,1435,1999,B0001,C0060,55,96
U+3044,100241706_00009_2,1419,2108,B0001,C0061,80,69
U+3075,100241706_00009_2,1410,2179,B0001,C0062,88,81
U+6545,100241706_00009_2,1406,2277,B0001,C0063,124,116
U+306B,100241706_00009_2,1432,2403,B0001,C0064,57,97
U+5927,100241706_00009_2,1410,2521,B0001,C0065,129,99
U+306A,100241706_00009_2,1430,2615,B0001,C0066,69,129
U+308B,100241706_00009_2,1443,2748,B0001,C0067,36,81
U+3092,100241706_00009_2,1414,2829,B0001,C0068,116,112
U+516B,100241706_00009_2,1408,2948,B0001,C0069,136,72
U+3068,100241706_00009_2,1448,3009,B0001,C0070,52,104
U+3068,100241706_00009_2,1439,3135,B0001,C0071,68,87
U+306A,100241706_00009_2,1438,3231,B0001,C0072,77,103
U+3078,100241706_00009_2,1415,3339,B0001,C0073,108,48
U+5C0F,100241706_00009_2,1423,3383,B0001,C0074,97,79
U+6210,100241706_00009_2,1424,3459,B0001,C0075,128,100
U+3092,100241706_00009_2,1430,3549,B0001,C0076,95,68
U+4E09,100241706_00009_2,1162,997,B0001,C0077,100,93
U+3068,100241706_00009_2,1186,1107,B0001,C0078,67,92
U+7533,100241706_00009_2,1186,1205,B0001,C0079,57,105
U+3066,100241706_00009_2,1162,1311,B0001,C0080,88,81
U+3044,100241706_00009_2,1164,1405,B0001,C0081,101,59
U+304B,100241706_00009_2,1198,1455,B0001,C0082,45,77
U+306B,100241706_00009_2,1158,1533,B0001,C0083,109,97
U+3068,100241706_00009_2,1184,1643,B0001,C0084,60,105
U+305E,100241706_00009_2,1175,1749,B0001,C0085,97,100
U+7533,100241706_00009_2,1199,1856,B0001,C0086,47,111
U+3051,100241706_00009_2,1182,1963,B0001,C0087,83,115
U+308B,100241706_00009_2,1202,2079,B0001,C0088,35,72
U+662F,100241706_00009_2,1184,2165,B0001,C0089,84,133
U+5947,100241706_00009_2,1167,2311,B0001,C0090,115,131
U+306A,100241706_00009_2,1188,2447,B0001,C0091,69,96
U+308A,100241706_00009_2,1202,2541,B0001,C0092,51,95
U+3068,100241706_00009_2,1190,2643,B0001,C0093,67,64
U+3066,100241706_00009_2,1182,2709,B0001,C0094,83,92
U+5927,100241706_00009_2,1186,2820,B0001,C0095,101,107
U+3092,100241706_00009_2,1186,2935,B0001,C0096,91,104
U+306F,100241706_00009_2,1192,3053,B0001,C0097,68,89
U+3061,100241706_00009_2,1195,3151,B0001,C0098,73,95
U+3068,100241706_00009_2,1198,3256,B0001,C0099,63,77
U+5C0F,100241706_00009_2,1183,3349,B0001,C0100,101,84
U+3092,100241706_00009_2,1184,3441,B0001,C0101,100,63
U+4E09,100241706_00009_2,1186,3532,B0001,C0102,105,77
U+3068,100241706_00009_2,944,997,B0001,C0103,57,99
U+3044,100241706_00009_2,927,1111,B0001,C0104,92,60
U+3072,100241706_00009_2,932,1173,B0001,C0105,92,104
U+306A,100241706_00009_2,939,1284,B0001,C0106,73,89
U+305B,100241706_00009_2,932,1385,B0001,C0107,91,87
U+308A,100241706_00009_2,955,1472,B0001,C0108,49,103
U+3059,100241706_00009_2,943,1583,B0001,C0109,67,119
U+3079,100241706_00009_2,915,1705,B0001,C0110,120,53
U+3066,100241706_00009_2,932,1767,B0001,C0111,91,83
U+5927,100241706_00009_2,936,1871,B0001,C0112,107,105
U+6210,100241706_00009_2,926,1981,B0001,C0113,132,123
U+3092,100241706_00009_2,942,2107,B0001,C0114,87,109
U+9905,100241706_00009_2,919,2243,B0001,C0115,127,136
U+306A,100241706_00009_2,952,2404,B0001,C0116,76,111
U+3069,100241706_00009_2,955,2515,B0001,C0117,71,108
U+5165,100241706_00009_2,923,2637,B0001,C0118,128,95
U+3066,100241706_00009_2,959,2737,B0001,C0119,51,116
U+6728,100241706_00009_2,926,2876,B0001,C0120,113,124
U+3070,100241706_00009_2,954,3004,B0001,C0121,81,115
U+3061,100241706_00009_2,958,3127,B0001,C0122,72,107
U+706B,100241706_00009_2,950,3247,B0001,C0123,92,133
U+3092,100241706_00009_2,947,3381,B0001,C0124,101,113
U+5165,100241706_00009_2,930,3528,B0001,C0125,139,85
U+3066,100241706_00009_2,692,1000,B0001,C0126,75,95
U+706B,100241706_00009_2,692,1119,B0001,C0127,95,133
U+3070,100241706_00009_2,702,1256,B0001,C0128,75,109
U+3061,100241706_00009_2,700,1368,B0001,C0129,77,109
U+4F59,100241706_00009_2,676,1515,B0001,C0130,139,152
U+306F,100241706_00009_2,704,1673,B0001,C0131,72,60
U+3053,100241706_00009_2,719,1759,B0001,C0132,56,80
U+308C,100241706_00009_2,710,1841,B0001,C0133,67,136
U+306B,100241706_00009_2,718,1984,B0001,C0134,51,93
U+306A,100241706_00009_2,706,2104,B0001,C0135,73,144
U+305E,100241706_00009_2,723,2249,B0001,C0136,81,123
U+3089,100241706_00009_2,702,2376,B0001,C0137,69,143
U+3078,100241706_00009_2,690,2535,B0001,C0138,121,41
U+3066,100241706_00009_2,710,2591,B0001,C0139,79,95
U+3057,100241706_00009_2,712,2703,B0001,C0140,83,113
U+308B,100241706_00009_2,715,2831,B0001,C0141,89,108
U+3079,100241706_00009_2,695,2937,B0001,C0142,113,80
U+3057,100241706_00009_2,742,3012,B0001,C0143,25,231
U+53C8,100241706_00009_2,699,3289,B0001,C0144,129,91
U+5C0F,100241706_00009_2,707,3405,B0001,C0145,96,89
U+306E,100241706_00009_2,719,3529,B0001,C0146,69,71
U+5177,100241706_00009_2,416,989,B0001,C0147,125,147
U+4E09,100241706_00009_2,440,1179,B0001,C0148,108,95
U+306E,100241706_00009_2,452,1303,B0001,C0149,80,73
U+3059,100241706_00009_2,461,1401,B0001,C0150,72,125
U+3046,100241706_00009_2,468,1527,B0001,C0151,48,116
U+3078,100241706_00009_2,439,1645,B0001,C0152,120,52
U+3089,100241706_00009_2,480,1715,B0001,C0153,63,104
U+306E,100241706_00009_2,459,1840,B0001,C0154,84,73
U+6587,100241706_00009_2,439,1944,B0001,C0155,115,133
U+5B57,100241706_00009_2,467,2081,B0001,C0156,72,137
U+3092,100241706_00009_2,459,2225,B0001,C0157,96,115
U+6DFB,100241706_00009_2,467,2369,B0001,C0158,103,135
U+3066,100241706_00009_2,464,2505,B0001,C0159,91,100
U+3055,100241706_00009_2,483,2636,B0001,C0160,61,85
U+3093,100241706_00009_2,453,2725,B0001,C0161,143,96
U+3089,100241706_00009_2,465,2833,B0001,C0162,91,121
U+3042,100241706_00009_2,467,2969,B0001,C0163,96,111
U+3055,100241706_00009_2,480,3095,B0001,C0164,63,107
U+304D,100241706_00009_2,469,3207,B0001,C0165,103,107
U+3046,100241706_00009_2,484,3307,B0001,C0166,53,119
U+3064,100241706_00009_2,463,3427,B0001,C0167,100,88
U+308F,100241706_00009_2,487,3513,B0001,C0168,57,95
U+3092,100241706_00009_2,200,996,B0001,C0169,88,112
U+304A,100241706_00009_2,193,1152,B0001,C0170,103,89
U+3055,100241706_00009_2,209,1243,B0001,C0171,60,107
U+3093,100241706_00009_2,188,1351,B0001,C0172,149,107
U+306A,100241706_00009_2,207,1464,B0001,C0173,91,115
U+3069,100241706_00009_2,212,1580,B0001,C0174,85,104
U+309D,100241706_00009_2,237,1709,B0001,C0175,25,47
U+3044,100241706_00009_2,205,1787,B0001,C0176,93,80
U+3072,100241706_00009_2,203,1869,B0001,C0177,103,103
U+306A,100241706_00009_2,213,1976,B0001,C0178,81,119
U+3089,100241706_00009_2,236,2097,B0001,C0179,39,96
U+306F,100241706_00009_2,211,2220,B0001,C0180,80,49
U+3057,100241706_00009_2,236,2295,B0001,C0181,31,175
U+4ECA,100241706_00009_2,205,2492,B0001,C0182,105,144
U+3082,100241706_00009_2,231,2652,B0001,C0183,51,92
U+3055,100241706_00009_2,225,2764,B0001,C0184,64,88
U+304B,100241706_00009_2,236,2856,B0001,C0185,44,57
U+3065,100241706_00009_2,212,2936,B0001,C0186,113,91
U+304D,100241706_00009_2,221,3035,B0001,C0187,87,92
U+306B,100241706_00009_2,211,3128,B0001,C0188,91,108
U+3053,100241706_00009_2,235,3261,B0001,C0189,71,103
U+306E,100241706_00009_2,231,3391,B0001,C0190,75,73
U+540D,100241706_00009_2,219,3488,B0001,C0191,95,116
U+3042,100241706_00010_1,2049,995,B0001,C0001,101,107
U+308A,100241706_00010_1,2060,1104,B0001,C0002,64,121
U+25B2,100241706_00010_1,1793,943,B0001,C0003,99,53
U+53C8,100241706_00010_1,1781,1019,B0001,C0004,141,93
U+662F,100241706_00010_1,1794,1119,B0001,C0005,108,160
U+3088,100241706_00010_1,1821,1288,B0001,C0006,48,87
U+308A,100241706_00010_1,1809,1376,B0001,C0007,60,132
U+3081,100241706_00010_1,1792,1516,B0001,C0008,92,125
U+3057,100241706_00010_1,1825,1651,B0001,C0009,28,140
U+3057,100241706_00010_1,1790,1812,B0001,C0010,97,120
U+308B,100241706_00010_1,1820,1933,B0001,C0011,40,121
U+3092,100241706_00010_1,1785,2056,B0001,C0012,99,111
U+98DF,100241706_00010_1,1789,2188,B0001,C0013,111,156
U+3075,100241706_00010_1,1782,2368,B0001,C0014,97,104
U+3079,100241706_00010_1,1778,2503,B0001,C0015,109,49
U+304D,100241706_00010_1,1797,2571,B0001,C0016,72,121
U+5668,100241706_00010_1,1772,2719,B0001,C0017,119,127
U+3092,100241706_00010_1,1785,2869,B0001,C0018,96,120
U+6848,100241706_00010_1,1753,3019,B0001,C0019,128,147
U+3093,100241706_00010_1,1776,3183,B0001,C0020,132,95
U+3058,100241706_00010_1,1813,3299,B0001,C0021,48,165
U+633D,100241706_00010_1,1764,3487,B0001,C0022,135,120
U+51FA,100241706_00010_1,1568,1008,B0001,C0023,104,84
U+305B,100241706_00010_1,1558,1143,B0001,C0024,99,89
U+308A,100241706_00010_1,1560,1233,B0001,C0025,80,139
U+5C24,100241706_00010_1,1568,1380,B0001,C0026,97,127
U+3044,100241706_00010_1,1566,1523,B0001,C0027,95,85
U+306B,100241706_00010_1,1565,1609,B0001,C0028,73,111
U+3057,100241706_00010_1,1609,1712,B0001,C0029,25,112
U+3078,100241706_00010_1,1550,1829,B0001,C0030,112,73
U+306F,100241706_00010_1,1564,1904,B0001,C0031,81,67
U+571F,100241706_00010_1,1552,2001,B0001,C0032,109,87
U+5668,100241706_00010_1,1548,2120,B0001,C0033,115,124
U+306B,100241706_00010_1,1560,2271,B0001,C0034,101,95
U+3066,100241706_00010_1,1576,2375,B0001,C0035,45,135
U+3059,100241706_00010_1,1558,2544,B0001,C0036,84,123
U+307F,100241706_00010_1,1552,2668,B0001,C0037,99,104
U+3057,100241706_00010_1,1592,2784,B0001,C0038,25,131
U+3082,100241706_00010_1,1582,2929,B0001,C0039,51,105
U+306E,100241706_00010_1,1568,3035,B0001,C0040,75,95
U+306A,100241706_00010_1,1570,3131,B0001,C0041,68,111
U+308A,100241706_00010_1,1565,3243,B0001,C0042,63,115
U+53C8,100241706_00010_1,1534,3388,B0001,C0043,136,85
U+4E94,100241706_00010_1,1544,3516,B0001,C0044,121,83
U+5668,100241706_00010_1,1300,997,B0001,C0045,125,131
U+3068,100241706_00010_1,1342,1151,B0001,C0046,60,101
U+3044,100241706_00010_1,1330,1279,B0001,C0047,72,68
U+3075,100241706_00010_1,1314,1348,B0001,C0048,87,84
U+3082,100241706_00010_1,1346,1443,B0001,C0049,49,99
U+306E,100241706_00010_1,1325,1544,B0001,C0050,73,69
U+3042,100241706_00010_1,1329,1644,B0001,C0051,81,101
U+308A,100241706_00010_1,1337,1747,B0001,C0052,61,144
U+53F3,100241706_00010_1,1304,1928,B0001,C0053,101,113
U+306F,100241706_00010_1,1322,2076,B0001,C0054,75,45
U+5929,100241706_00010_1,1309,2163,B0001,C0055,119,115
U+7B20,100241706_00010_1,1309,2311,B0001,C0056,105,120
U+4ECF,100241706_00010_1,1281,2460,B0001,C0057,139,136
U+5728,100241706_00010_1,1296,2612,B0001,C0058,115,116
U+4E16,100241706_00010_1,1296,2759,B0001,C0059,124,104
U+306E,100241706_00010_1,1332,2887,B0001,C0060,63,85
U+3068,100241706_00010_1,1332,2995,B0001,C0061,59,77
U+304D,100241706_00010_1,1324,3081,B0001,C0062,63,127
U+9244,100241706_00010_1,1304,3229,B0001,C0063,109,141
U+306B,100241706_00010_1,1302,3371,B0001,C0064,91,111
U+3066,100241706_00010_1,1306,3483,B0001,C0065,92,119
U+88FD,100241706_00010_1,1061,996,B0001,C0066,120,169
U+3057,100241706_00010_1,1113,1175,B0001,C0067,23,157
U+4E94,100241706_00010_1,1051,1373,B0001,C0068,128,88
U+3064,100241706_00010_1,1103,1480,B0001,C0069,60,45
U+7D44,100241706_00010_1,1065,1568,B0001,C0070,111,129
U+306B,100241706_00010_1,1093,1699,B0001,C0071,60,129
U+4F5C,100241706_00010_1,1057,1867,B0001,C0072,113,136
U+308A,100241706_00010_1,1095,2005,B0001,C0073,61,119
U+3057,100241706_00010_1,1107,2145,B0001,C0074,19,172
U+3066,100241706_00010_1,1073,2343,B0001,C0075,76,96
U+3064,100241706_00010_1,1056,2445,B0001,C0076,103,125
U+3071,100241706_00010_1,1083,2579,B0001,C0077,91,108
U+3064,100241706_00010_1,1064,2688,B0001,C0078,93,111
U+3068,100241706_00010_1,1084,2804,B0001,C0079,65,101
U+3082,100241706_00010_1,1080,2919,B0001,C0080,61,107
U+3044,100241706_00010_1,1077,3055,B0001,C0081,79,67
U+3075,100241706_00010_1,1057,3123,B0001,C0082,100,95
U+3053,100241706_00010_1,1075,3243,B0001,C0083,79,109
U+308C,100241706_00010_1,1071,3353,B0001,C0084,91,116
U+306F,100241706_00010_1,1087,3487,B0001,C0085,59,123
U+76F4,100241706_00010_1,848,1004,B0001,C0086,83,140
U+306B,100241706_00010_1,865,1152,B0001,C0087,47,105
U+4E0B,100241706_00010_1,841,1291,B0001,C0088,92,96
U+3088,100241706_00010_1,869,1408,B0001,C0089,41,100
U+308A,100241706_00010_1,861,1509,B0001,C0090,55,107
U+706B,100241706_00010_1,851,1633,B0001,C0091,79,127
U+3092,100241706_00010_1,841,1767,B0001,C0092,97,128
U+305F,100241706_00010_1,839,1912,B0001,C0093,92,100
U+304D,100241706_00010_1,851,2017,B0001,C0094,63,128
U+934B,100241706_00010_1,832,2168,B0001,C0095,108,137
U+304B,100241706_00010_1,823,2337,B0001,C0096,100,84
U+308C,100241706_00010_1,836,2421,B0001,C0097,76,123
U+3053,100241706_00010_1,840,2565,B0001,C0098,71,115
U+308C,100241706_00010_1,811,2681,B0001,C0099,125,109
U+306B,100241706_00010_1,824,2816,B0001,C0100,97,89
U+7528,100241706_00010_1,827,2925,B0001,C0101,77,131
U+3072,100241706_00010_1,832,3063,B0001,C0102,92,91
U+4E94,100241706_00010_1,839,3176,B0001,C0103,93,83
U+3064,100241706_00010_1,859,3260,B0001,C0104,64,59
U+7D44,100241706_00010_1,823,3325,B0001,C0105,119,105
U+3082,100241706_00010_1,856,3439,B0001,C0106,53,99
U+306E,100241706_00010_1,841,3540,B0001,C0107,80,72
U+3086,100241706_00010_1,595,1012,B0001,C0108,99,97
U+3078,100241706_00010_1,587,1127,B0001,C0109,100,40
U+306B,100241706_00010_1,585,1196,B0001,C0110,109,101
U+4E94,100241706_00010_1,591,1337,B0001,C0111,112,85
U+304D,100241706_00010_1,603,1432,B0001,C0112,73,133
U+3068,100241706_00010_1,617,1593,B0001,C0113,56,96
U+3044,100241706_00010_1,601,1705,B0001,C0114,80,80
U+3075,100241706_00010_1,576,1787,B0001,C0115,113,111
U+304B,100241706_00010_1,612,1911,B0001,C0116,49,61
U+3042,100241706_00010_1,584,2005,B0001,C0117,96,124
U+308B,100241706_00010_1,617,2133,B0001,C0118,37,91
U+3058,100241706_00010_1,625,2228,B0001,C0119,37,205
U+306E,100241706_00010_1,593,2452,B0001,C0120,75,79
U+5DE5,100241706_00010_1,581,2573,B0001,C0121,99,89
U+592B,100241706_00010_1,565,2669,B0001,C0122,133,136
U+306F,100241706_00010_1,585,2824,B0001,C0123,81,47
U+56DB,100241706_00010_1,580,2907,B0001,C0124,100,65
U+3064,100241706_00010_1,608,2993,B0001,C0125,57,53
U+7D44,100241706_00010_1,579,3081,B0001,C0126,104,116
U+306B,100241706_00010_1,583,3217,B0001,C0127,87,85
U+3066,100241706_00010_1,580,3304,B0001,C0128,83,80
U+304D,100241706_00010_1,589,3391,B0001,C0129,63,109
U+305B,100241706_00010_1,563,3509,B0001,C0130,107,93
U+3075,100241706_00010_1,349,1003,B0001,C0131,96,123
U+305F,100241706_00010_1,357,1128,B0001,C0132,71,81
U+3092,100241706_00010_1,351,1231,B0001,C0133,103,136
U+304B,100241706_00010_1,344,1375,B0001,C0134,101,99
U+306D,100241706_00010_1,335,1488,B0001,C0135,112,159
U+305F,100241706_00010_1,361,1649,B0001,C0136,59,97
U+308A,100241706_00010_1,372,1757,B0001,C0137,51,135
U+662F,100241706_00010_1,357,1909,B0001,C0138,76,139
U+306B,100241706_00010_1,344,2075,B0001,C0139,87,89
U+3082,100241706_00010_1,360,2196,B0001,C0140,57,93
U+540D,100241706_00010_1,345,2316,B0001,C0141,84,144
U+3092,100241706_00010_1,351,2461,B0001,C0142,83,127
U+4ED8,100241706_00010_1,355,2611,B0001,C0143,72,143
U+3093,100241706_00010_1,339,2767,B0001,C0144,136,104
U+3068,100241706_00010_1,365,2887,B0001,C0145,59,105
U+4F8B,100241706_00010_1,327,3015,B0001,C0146,115,113
U+306E,100241706_00010_1,351,3141,B0001,C0147,75,71
U+5148,100241706_00010_1,340,3232,B0001,C0148,104,109
U+751F,100241706_00010_1,355,3376,B0001,C0149,60,140
U+3078,100241706_00010_1,327,3517,B0001,C0150,131,80
U+554F,100241706_00010_2,1888,999,B0001,C0001,103,137
U+3051,100241706_00010_2,1892,1140,B0001,C0002,85,128
U+308C,100241706_00010_2,1899,1272,B0001,C0003,73,128
U+3070,100241706_00010_2,1891,1416,B0001,C0004,99,69
U+5148,100241706_00010_2,1879,1517,B0001,C0005,121,129
U+751F,100241706_00010_2,1897,1661,B0001,C0006,71,117
U+307E,100241706_00010_2,1907,1809,B0001,C0007,52,116
U+3046,100241706_00010_2,1883,1927,B0001,C0008,72,112
U+3055,100241706_00010_2,1891,2045,B0001,C0009,67,108
U+308C,100241706_00010_2,1888,2156,B0001,C0010,79,128
U+3051,100241706_00010_2,1891,2315,B0001,C0011,83,119
U+308B,100241706_00010_2,1895,2435,B0001,C0012,73,136
U+306F,100241706_00010_2,1884,2572,B0001,C0013,83,76
U+6B64,100241706_00010_2,1869,2696,B0001,C0014,115,99
U+305F,100241706_00010_2,1879,2805,B0001,C0015,84,127
U+3073,100241706_00010_2,1881,2933,B0001,C0016,99,108
U+3044,100241706_00010_2,1888,3079,B0001,C0017,81,75
U+308D,100241706_00010_2,1876,3155,B0001,C0018,91,161
U+3031,100241706_00010_2,1909,3251,B0001,C0019,73,228
U+306E,100241706_00010_2,1888,3527,B0001,C0020,84,76
U+3046,100241706_00010_2,1661,991,B0001,C0021,64,143
U+3064,100241706_00010_2,1639,1136,B0001,C0022,109,124
U+308F,100241706_00010_2,1665,1261,B0001,C0023,61,123
U+3082,100241706_00010_2,1679,1399,B0001,C0024,55,119
U+306E,100241706_00010_2,1663,1517,B0001,C0025,79,117
U+3092,100241706_00010_2,1659,1636,B0001,C0026,95,115
U+5DE5,100241706_00010_2,1661,1771,B0001,C0027,79,88
U+592B,100241706_00010_2,1643,1873,B0001,C0028,121,139
U+306A,100241706_00010_2,1664,2023,B0001,C0029,87,101
U+3057,100241706_00010_2,1688,2153,B0001,C0030,24,173
U+7D66,100241706_00010_2,1648,2364,B0001,C0031,104,141
U+3075,100241706_00010_2,1651,2507,B0001,C0032,95,105
U+3066,100241706_00010_2,1653,2625,B0001,C0033,83,99
U+5F8C,100241706_00010_2,1640,2764,B0001,C0034,107,177
U+4E16,100241706_00010_2,1636,2924,B0001,C0035,111,101
U+306B,100241706_00010_2,1639,3028,B0001,C0036,97,96
U+6B8B,100241706_00010_2,1640,3157,B0001,C0037,124,132
U+3057,100241706_00010_2,1677,3317,B0001,C0038,29,157
U+7528,100241706_00010_2,1639,3503,B0001,C0039,79,115
U+3086,100241706_00010_2,1411,1011,B0001,C0040,100,113
U+308B,100241706_00010_2,1440,1131,B0001,C0041,44,91
U+3086,100241706_00010_2,1415,1223,B0001,C0042,87,115
U+3078,100241706_00010_2,1399,1351,B0001,C0043,120,68
U+53F3,100241706_00010_2,1400,1445,B0001,C0044,108,107
U+306E,100241706_00010_2,1415,1585,B0001,C0045,88,76
U+5177,100241706_00010_2,1393,1680,B0001,C0046,112,141
U+3078,100241706_00010_2,1395,1829,B0001,C0047,125,52
U+306F,100241706_00010_2,1425,1900,B0001,C0048,59,136
U+8DB3,100241706_00010_2,1381,2071,B0001,C0049,140,127
U+4E0B,100241706_00010_2,1389,2221,B0001,C0050,116,91
U+306E,100241706_00010_2,1412,2332,B0001,C0051,80,77
U+540D,100241706_00010_2,1407,2436,B0001,C0052,89,153
U+3092,100241706_00010_2,1404,2591,B0001,C0053,104,133
U+3059,100241706_00010_2,1419,2732,B0001,C0054,73,115
U+3050,100241706_00010_2,1419,2848,B0001,C0055,69,139
U+3055,100241706_00010_2,1420,3004,B0001,C0056,64,99
U+307E,100241706_00010_2,1404,3104,B0001,C0057,91,108
U+3064,100241706_00010_2,1412,3223,B0001,C0058,88,116
U+3051,100241706_00010_2,1413,3341,B0001,C0059,84,144
U+3066,100241706_00010_2,1404,3487,B0001,C0060,80,115
U+306E,100241706_00010_2,1183,1005,B0001,C0061,83,96
U+3061,100241706_00010_2,1191,1107,B0001,C0062,77,115
U+306E,100241706_00010_2,1175,1239,B0001,C0063,97,113
U+4E16,100241706_00010_2,1160,1372,B0001,C0064,121,101
U+306B,100241706_00010_2,1168,1505,B0001,C0065,99,92
U+306E,100241706_00010_2,1180,1632,B0001,C0066,81,91
U+3053,100241706_00010_2,1179,1724,B0001,C0067,84,123
U+3059,100241706_00010_2,1169,1848,B0001,C0068,89,144
U+308B,100241706_00010_2,1163,1993,B0001,C0069,85,157
U+5B9C,100241706_00010_2,1176,2155,B0001,C0070,85,139
U+3057,100241706_00010_2,1213,2293,B0001,C0071,20,143
U+3068,100241706_00010_2,1189,2447,B0001,C0072,60,111
U+548C,100241706_00010_2,1155,2583,B0001,C0073,113,124
U+6C17,100241706_00010_2,1183,2708,B0001,C0074,95,143
U+306E,100241706_00010_2,1175,2867,B0001,C0075,76,81
U+68DF,100241706_00010_2,1149,2967,B0001,C0076,117,129
U+6625,100241706_00010_2,1155,3104,B0001,C0077,129,140
U+3092,100241706_00010_2,1161,3257,B0001,C0078,105,71
U+982D,100241706_00010_2,1156,3359,B0001,C0079,105,125
U+5B57,100241706_00010_2,1159,3481,B0001,C0080,105,124
U+306B,100241706_00010_2,921,1000,B0001,C0081,111,89
U+304A,100241706_00010_2,937,1119,B0001,C0082,99,87
U+3044,100241706_00010_2,931,1207,B0001,C0083,107,96
U+3066,100241706_00010_2,933,1304,B0001,C0084,99,111
U+25B2,100241706_00010_2,697,935,B0001,C0085,100,44
U+308F,100241706_00010_2,677,1028,B0001,C0086,128,160
U+3080,100241706_00010_2,689,1255,B0001,C0087,139,149
U+4ECA,100241706_00010_2,684,1593,B0001,C0088,124,149
U+3082,100241706_00010_2,721,1740,B0001,C0089,49,133
U+3063,100241706_00010_2,692,1877,B0001,C0090,93,127
U+3066,100241706_00010_2,703,2009,B0001,C0091,51,125
U+7528,100241706_00010_2,693,2157,B0001,C0092,84,128
U+3072,100241706_00010_2,692,2296,B0001,C0093,88,99
U+6765,100241706_00010_2,687,2403,B0001,C0094,95,172
U+308B,100241706_00010_2,723,2576,B0001,C0095,37,77
U+306A,100241706_00010_2,701,2676,B0001,C0096,83,96
U+308B,100241706_00010_2,713,2763,B0001,C0097,49,75
U+3079,100241706_00010_2,673,2843,B0001,C0098,125,76
U+3057,100241706_00010_2,717,2920,B0001,C0099,32,304
U+25B2,100241706_00010_2,448,931,B0001,C0100,95,51
U+732A,100241706_00010_2,425,1017,B0001,C0101,159,173
U+53E3,100241706_00010_2,465,1299,B0001,C0102,81,77
U+3044,100241706_00010_2,445,1608,B0001,C0103,129,67
U+306E,100241706_00010_2,463,1709,B0001,C0104,87,109
U+3057,100241706_00010_2,461,1825,B0001,C0105,84,143
U+309D,100241706_00010_2,493,1972,B0001,C0106,20,37
U+306E,100241706_00010_2,461,2048,B0001,C0107,83,80
U+53E3,100241706_00010_2,472,2179,B0001,C0108,69,103
U+3068,100241706_00010_2,479,2283,B0001,C0109,52,104
U+3044,100241706_00010_2,460,2424,B0001,C0110,84,77
U+3072,100241706_00010_2,457,2504,B0001,C0111,96,105
U+306A,100241706_00010_2,464,2611,B0001,C0112,88,121
U+3089,100241706_00010_2,483,2733,B0001,C0113,37,119
U+306F,100241706_00010_2,451,2876,B0001,C0114,91,69
U+305B,100241706_00010_2,452,2947,B0001,C0115,89,105
U+308A,100241706_00010_2,437,3053,B0001,C0116,89,141
U+3044,100241706_00010_2,436,3197,B0001,C0117,109,68
U+304B,100241706_00010_2,472,3273,B0001,C0118,49,76
U+309E,100241706_00010_2,481,3348,B0001,C0119,56,48
U+3061,100241706_00010_2,463,3417,B0001,C0120,68,120
U+3044,100241706_00010_2,449,3541,B0001,C0121,85,55
U+3055,100241706_00010_2,216,984,B0001,C0122,77,111
U+304D,100241706_00010_2,207,1096,B0001,C0123,93,105
U+58F7,100241706_00010_2,203,1211,B0001,C0124,112,213
U+3084,100241706_00010_2,196,1399,B0001,C0125,105,80
U+3046,100241706_00010_2,212,1483,B0001,C0126,64,128
U+306A,100241706_00010_2,213,1615,B0001,C0127,92,135
U+308B,100241706_00010_2,231,1751,B0001,C0128,40,85
U+7269,100241706_00010_2,200,1859,B0001,C0129,104,99
U+3086,100241706_00010_2,203,1960,B0001,C0130,88,123
U+3078,100241706_00010_2,187,2085,B0001,C0131,128,67
U+3061,100241706_00010_2,221,2136,B0001,C0132,73,136
U+3087,100241706_00010_2,225,2273,B0001,C0133,52,101
U+3053,100241706_00010_2,213,2376,B0001,C0134,63,88
U+306A,100241706_00010_2,209,2487,B0001,C0135,91,115
U+308B,100241706_00010_2,235,2603,B0001,C0136,36,77
U+3079,100241706_00010_2,188,2683,B0001,C0137,124,96
U+3057,100241706_00010_2,235,2765,B0001,C0138,29,301
U+25B2,100241706_00011_1,2017,916,B0001,C0001,113,52
U+9C60,100241706_00011_1,1989,1001,B0001,C0002,181,176
U+306F,100241706_00011_1,2027,1179,B0001,C0003,81,71
U+751F,100241706_00011_1,2005,1444,B0001,C0004,119,112
U+9B5A,100241706_00011_1,2005,1577,B0001,C0005,113,157
U+751F,100241706_00011_1,2025,1775,B0001,C0006,77,124
U+9752,100241706_00011_1,2010,1921,B0001,C0007,104,169
U+7269,100241706_00011_1,1998,2095,B0001,C0008,120,131
U+3078,100241706_00011_1,2005,2235,B0001,C0009,119,61
U+9162,100241706_00011_1,1993,2322,B0001,C0010,120,147
U+3092,100241706_00011_1,2009,2470,B0001,C0011,101,128
U+304B,100241706_00011_1,1999,2602,B0001,C0012,103,100
U+3051,100241706_00011_1,2015,2714,B0001,C0013,87,136
U+7528,100241706_00011_1,2007,2863,B0001,C0014,73,111
U+3086,100241706_00011_1,2001,2972,B0001,C0015,93,88
U+308B,100241706_00011_1,2026,3062,B0001,C0016,41,81
U+3086,100241706_00011_1,2009,3159,B0001,C0017,79,89
U+3078,100241706_00011_1,1997,3254,B0001,C0018,117,59
U+3053,100241706_00011_1,2013,3322,B0001,C0019,65,65
U+308C,100241706_00011_1,2006,3387,B0001,C0020,79,127
U+306F,100241706_00011_1,2007,3532,B0001,C0021,81,51
U+6B64,100241706_00011_1,1770,989,B0001,C0022,120,104
U+307E,100241706_00011_1,1809,1093,B0001,C0023,43,124
U+309D,100241706_00011_1,1823,1225,B0001,C0024,21,35
U+306B,100241706_00011_1,1766,1264,B0001,C0025,105,99
U+306A,100241706_00011_1,1781,1392,B0001,C0026,97,115
U+307E,100241706_00011_1,1795,1508,B0001,C0027,48,132
U+3059,100241706_00011_1,1770,1641,B0001,C0028,92,153
U+306A,100241706_00011_1,1783,1809,B0001,C0029,68,132
U+308B,100241706_00011_1,1762,1943,B0001,C0030,103,165
U+3079,100241706_00011_1,1755,2110,B0001,C0031,123,76
U+3057,100241706_00011_1,1798,2178,B0001,C0032,31,275
U+25B2,100241706_00011_1,1548,936,B0001,C0033,91,43
U+7BB8,100241706_00011_1,1519,1012,B0001,C0034,129,195
U+306F,100241706_00011_1,1546,1401,B0001,C0035,88,136
U+3057,100241706_00011_1,1594,1532,B0001,C0036,32,108
U+306F,100241706_00011_1,1546,1645,B0001,C0037,73,76
U+3059,100241706_00011_1,1555,1737,B0001,C0038,63,125
U+3079,100241706_00011_1,1534,1872,B0001,C0039,112,76
U+3066,100241706_00011_1,1552,1950,B0001,C0040,48,135
U+304B,100241706_00011_1,1532,2102,B0001,C0041,100,117
U+3051,100241706_00011_1,1546,2220,B0001,C0042,81,131
U+308F,100241706_00011_1,1551,2363,B0001,C0043,51,125
U+305F,100241706_00011_1,1538,2490,B0001,C0044,67,103
U+3059,100241706_00011_1,1531,2598,B0001,C0045,91,133
U+3086,100241706_00011_1,1531,2747,B0001,C0046,92,104
U+3078,100241706_00011_1,1523,2852,B0001,C0047,119,72
U+3081,100241706_00011_1,1535,2928,B0001,C0048,81,109
U+3057,100241706_00011_1,1546,3040,B0001,C0049,55,161
U+3092,100241706_00011_1,1524,3203,B0001,C0050,104,113
U+53E3,100241706_00011_1,1527,3390,B0001,C0051,83,124
U+3078,100241706_00011_1,1511,3530,B0001,C0052,128,45
U+308F,100241706_00011_1,1324,984,B0001,C0053,48,140
U+305F,100241706_00011_1,1311,1125,B0001,C0054,61,87
U+3059,100241706_00011_1,1299,1217,B0001,C0055,104,123
U+3086,100241706_00011_1,1298,1356,B0001,C0056,97,103
U+3078,100241706_00011_1,1295,1460,B0001,C0057,109,68
U+306B,100241706_00011_1,1292,1536,B0001,C0058,101,104
U+3084,100241706_00011_1,1295,1641,B0001,C0059,91,117
U+306F,100241706_00011_1,1303,1775,B0001,C0060,75,101
U+308A,100241706_00011_1,1306,1877,B0001,C0061,65,133
U+306F,100241706_00011_1,1304,2023,B0001,C0062,63,112
U+3057,100241706_00011_1,1335,2134,B0001,C0063,32,161
U+6210,100241706_00011_1,1287,2318,B0001,C0064,116,133
U+3079,100241706_00011_1,1276,2460,B0001,C0065,123,92
U+3057,100241706_00011_1,1315,2554,B0001,C0066,28,312
U+25B2,100241706_00011_1,1062,924,B0001,C0067,97,49
U+9905,100241706_00011_1,1032,1016,B0001,C0068,147,189
U+3082,100241706_00011_1,1066,1360,B0001,C0069,65,160
U+3061,100241706_00011_1,1063,1521,B0001,C0070,71,155
U+306F,100241706_00011_1,1054,1677,B0001,C0071,80,61
U+8179,100241706_00011_1,1034,1748,B0001,C0072,109,167
U+306B,100241706_00011_1,1040,1916,B0001,C0073,108,101
U+305F,100241706_00011_1,1052,2046,B0001,C0074,104,107
U+3082,100241706_00011_1,1071,2160,B0001,C0075,49,120
U+3064,100241706_00011_1,1043,2282,B0001,C0076,93,143
U+3082,100241706_00011_1,1063,2423,B0001,C0077,53,108
U+306E,100241706_00011_1,1047,2532,B0001,C0078,81,84
U+6545,100241706_00011_1,1026,2618,B0001,C0079,117,117
U+3082,100241706_00011_1,1066,2750,B0001,C0080,48,121
U+3061,100241706_00011_1,1050,2879,B0001,C0081,81,107
U+306A,100241706_00011_1,1044,2988,B0001,C0082,95,101
U+308B,100241706_00011_1,1078,3098,B0001,C0083,29,73
U+3079,100241706_00011_1,1023,3170,B0001,C0084,132,72
U+3057,100241706_00011_1,1068,3238,B0001,C0085,29,303
U+8C46,100241706_00011_1,806,1315,B0001,C0086,116,136
U+8150,100241706_00011_1,786,1472,B0001,C0087,136,175
U+985E,100241706_00011_1,794,1665,B0001,C0088,129,160
U+5909,100241706_00011_1,812,1835,B0001,C0089,115,152
U+540D,100241706_00011_1,792,2015,B0001,C0090,112,115
U+25B2,100241706_00011_1,580,920,B0001,C0091,93,43
U+3068,100241706_00011_1,588,1007,B0001,C0092,77,119
U+3075,100241706_00011_1,555,1145,B0001,C0093,112,104
U+3075,100241706_00011_1,565,1260,B0001,C0094,120,127
U+306F,100241706_00011_1,581,1417,B0001,C0095,83,51
U+8C4A,100241706_00011_1,551,1716,B0001,C0096,116,184
U+81E3,100241706_00011_1,579,1916,B0001,C0097,77,115
U+79C0,100241706_00011_1,552,2058,B0001,C0098,112,157
U+5409,100241706_00011_1,539,2232,B0001,C0099,124,123
U+516C,100241706_00011_1,535,2375,B0001,C0100,135,99
U+671D,100241706_00011_1,528,2510,B0001,C0101,132,143
U+9BAE,100241706_00011_1,515,2676,B0001,C0102,149,171
U+5FA1,100241706_00011_1,535,2851,B0001,C0103,116,129
U+9663,100241706_00011_1,540,2995,B0001,C0104,116,143
U+306E,100241706_00011_1,551,3158,B0001,C0105,84,75
U+3068,100241706_00011_1,556,3248,B0001,C0106,67,92
U+304D,100241706_00011_1,531,3342,B0001,C0107,120,115
U+5175,100241706_00011_1,528,3464,B0001,C0108,100,120
U+7CE7,100241706_00011_1,317,972,B0001,C0109,144,137
U+4E0B,100241706_00011_1,331,1144,B0001,C0110,109,105
U+5949,100241706_00011_1,320,1271,B0001,C0111,125,167
U+884C,100241706_00011_1,321,1433,B0001,C0112,121,140
U+306B,100241706_00011_1,321,1579,B0001,C0113,103,101
U+5CA1,100241706_00011_1,333,1695,B0001,C0114,95,160
U+90E8,100241706_00011_1,304,1857,B0001,C0115,135,172
U+6CBB,100241706_00011_1,316,2051,B0001,C0116,111,139
U+90E8,100241706_00011_1,313,2191,B0001,C0117,111,129
U+53F3,100241706_00011_1,313,2327,B0001,C0118,101,108
U+885B,100241706_00011_1,311,2438,B0001,C0119,105,100
U+9580,100241706_00011_1,308,2555,B0001,C0120,112,105
U+3068,100241706_00011_1,331,2667,B0001,C0121,68,101
U+3044,100241706_00011_1,317,2792,B0001,C0122,85,95
U+3075,100241706_00011_1,297,2890,B0001,C0123,101,93
U+4EBA,100241706_00011_1,289,2999,B0001,C0124,131,113
U+3042,100241706_00011_1,315,3127,B0001,C0125,83,100
U+308A,100241706_00011_1,332,3228,B0001,C0126,51,144
U+5F8C,100241706_00011_1,297,3436,B0001,C0127,139,137
U+5FA1,100241706_00011_2,1875,975,B0001,C0001,112,157
U+304B,100241706_00011_2,1865,1147,B0001,C0002,120,109
U+3044,100241706_00011_2,1878,1276,B0001,C0003,96,79
U+3062,100241706_00011_2,1878,1366,B0001,C0004,95,145
U+3093,100241706_00011_2,1867,1512,B0001,C0005,139,120
U+306E,100241706_00011_2,1889,1643,B0001,C0006,80,75
U+3068,100241706_00011_2,1887,1744,B0001,C0007,60,95
U+304D,100241706_00011_2,1874,1840,B0001,C0008,105,120
U+8C46,100241706_00011_2,1878,1996,B0001,C0009,96,123
U+8150,100241706_00011_2,1847,2136,B0001,C0010,124,173
U+306E,100241706_00011_2,1881,2326,B0001,C0011,80,84
U+88FD,100241706_00011_2,1862,2422,B0001,C0012,115,161
U+3057,100241706_00011_2,1910,2592,B0001,C0013,28,139
U+304B,100241706_00011_2,1877,2732,B0001,C0014,100,105
U+305F,100241706_00011_2,1885,2839,B0001,C0015,68,100
U+3092,100241706_00011_2,1871,2941,B0001,C0016,112,125
U+7B87,100241706_00011_2,1874,3105,B0001,C0017,96,181
U+306E,100241706_00011_2,1878,3287,B0001,C0018,80,87
U+304F,100241706_00011_2,1874,3409,B0001,C0019,108,111
U+306B,100241706_00011_2,1878,3521,B0001,C0020,100,104
U+3088,100241706_00011_2,1666,986,B0001,C0021,52,91
U+308A,100241706_00011_2,1662,1078,B0001,C0022,53,99
U+899A,100241706_00011_2,1636,1204,B0001,C0023,100,192
U+3078,100241706_00011_2,1638,1404,B0001,C0024,115,69
U+6765,100241706_00011_2,1640,1464,B0001,C0025,100,168
U+308A,100241706_00011_2,1659,1644,B0001,C0026,71,128
U+65E5,100241706_00011_2,1668,1802,B0001,C0027,57,100
U+672C,100241706_00011_2,1654,1927,B0001,C0028,81,145
U+306B,100241706_00011_2,1636,2112,B0001,C0029,108,108
U+3066,100241706_00011_2,1648,2222,B0001,C0030,87,115
U+306F,100241706_00011_2,1654,2359,B0001,C0031,73,129
U+3058,100241706_00011_2,1688,2490,B0001,C0032,48,143
U+3081,100241706_00011_2,1652,2650,B0001,C0033,81,109
U+3066,100241706_00011_2,1644,2760,B0001,C0034,99,117
U+662F,100241706_00011_2,1652,2888,B0001,C0035,92,144
U+3092,100241706_00011_2,1636,3054,B0001,C0036,115,83
U+4F5C,100241706_00011_2,1628,3157,B0001,C0037,123,120
U+308A,100241706_00011_2,1678,3278,B0001,C0038,51,104
U+7D66,100241706_00011_2,1639,3401,B0001,C0039,111,136
U+3075,100241706_00011_2,1655,3538,B0001,C0040,80,89
U+6B64,100241706_00011_2,1383,1003,B0001,C0041,131,121
U+3086,100241706_00011_2,1403,1126,B0001,C0042,91,125
U+3078,100241706_00011_2,1379,1252,B0001,C0043,135,92
U+306B,100241706_00011_2,1392,1346,B0001,C0044,103,107
U+8C46,100241706_00011_2,1400,1490,B0001,C0045,101,120
U+8150,100241706_00011_2,1383,1639,B0001,C0046,109,167
U+3092,100241706_00011_2,1402,1810,B0001,C0047,103,131
U+304A,100241706_00011_2,1403,1971,B0001,C0048,109,107
U+304B,100241706_00011_2,1423,2079,B0001,C0049,61,147
U+3079,100241706_00011_2,1394,2227,B0001,C0050,119,167
U+3068,100241706_00011_2,1424,2423,B0001,C0051,63,107
U+3044,100241706_00011_2,1410,2563,B0001,C0052,92,99
U+3072,100241706_00011_2,1404,2663,B0001,C0053,97,107
U+53C8,100241706_00011_2,1378,2791,B0001,C0054,147,93
U+3062,100241706_00011_2,1412,2933,B0001,C0055,108,149
U+3076,100241706_00011_2,1396,3083,B0001,C0056,108,111
U+3069,100241706_00011_2,1422,3226,B0001,C0057,91,113
U+3046,100241706_00011_2,1408,3341,B0001,C0058,68,125
U+3075,100241706_00011_2,1400,3505,B0001,C0059,112,128
U+306A,100241706_00011_2,1174,1002,B0001,C0060,96,127
U+3069,100241706_00011_2,1172,1128,B0001,C0061,91,123
U+309D,100241706_00011_2,1208,1258,B0001,C0062,24,45
U+3082,100241706_00011_2,1171,1315,B0001,C0063,69,111
U+3044,100241706_00011_2,1168,1450,B0001,C0064,92,96
U+3075,100241706_00011_2,1167,1547,B0001,C0065,88,93
U+7336,100241706_00011_2,1158,1674,B0001,C0066,111,116
U+5176,100241706_00011_2,1142,1808,B0001,C0067,128,147
U+5F8C,100241706_00011_2,1151,1972,B0001,C0068,131,153
U+753A,100241706_00011_2,1158,2151,B0001,C0069,125,105
U+65B9,100241706_00011_2,1159,2279,B0001,C0070,103,140
U+306B,100241706_00011_2,1167,2459,B0001,C0071,92,105
U+3066,100241706_00011_2,1167,2570,B0001,C0072,85,100
U+88FD,100241706_00011_2,1150,2690,B0001,C0073,115,167
U+3057,100241706_00011_2,1203,2875,B0001,C0074,21,144
U+58F2,100241706_00011_2,1168,3029,B0001,C0075,101,188
U+521D,100241706_00011_2,1154,3234,B0001,C0076,115,151
U+3081,100241706_00011_2,1166,3381,B0001,C0077,85,115
U+306C,100241706_00011_2,1154,3519,B0001,C0078,103,101
U+3068,100241706_00011_2,932,987,B0001,C0079,89,85
U+3046,100241706_00011_2,938,1074,B0001,C0080,67,135
U+3075,100241706_00011_2,914,1207,B0001,C0081,120,143
U+306B,100241706_00011_2,916,1348,B0001,C0082,109,109
U+7D05,100241706_00011_2,915,1494,B0001,C0083,125,147
U+8449,100241706_00011_2,919,1652,B0001,C0084,108,207
U+3092,100241706_00011_2,926,1860,B0001,C0085,109,116
U+4ED8,100241706_00011_2,934,1998,B0001,C0086,85,152
U+308B,100241706_00011_2,954,2151,B0001,C0087,40,83
U+3082,100241706_00011_2,940,2254,B0001,C0088,59,99
U+4EBA,100241706_00011_2,914,2390,B0001,C0089,143,120
U+306E,100241706_00011_2,934,2518,B0001,C0090,84,83
U+304A,100241706_00011_2,928,2639,B0001,C0091,96,92
U+3075,100241706_00011_2,940,2732,B0001,C0092,84,100
U+304F,100241706_00011_2,940,2863,B0001,C0093,51,129
U+304B,100241706_00011_2,914,3039,B0001,C0094,115,108
U+3046,100241706_00011_2,948,3149,B0001,C0095,57,103
U+3088,100241706_00011_2,955,3262,B0001,C0096,45,96
U+3075,100241706_00011_2,910,3359,B0001,C0097,112,113
U+306B,100241706_00011_2,914,3509,B0001,C0098,107,97
U+3068,100241706_00011_2,702,983,B0001,C0099,76,109
U+306E,100241706_00011_2,692,1110,B0001,C0100,87,84
U+4E8B,100241706_00011_2,687,1215,B0001,C0101,87,171
U+3068,100241706_00011_2,708,1379,B0001,C0102,67,105
U+805E,100241706_00011_2,686,1503,B0001,C0103,93,129
U+53CA,100241706_00011_2,680,1639,B0001,C0104,115,151
U+3073,100241706_00011_2,687,1791,B0001,C0105,107,96
U+3057,100241706_00011_2,720,1896,B0001,C0106,35,367
U+25B2,100241706_00011_2,432,932,B0001,C0107,111,57
U+516B,100241706_00011_2,415,1020,B0001,C0108,161,113
U+3078,100241706_00011_2,433,1168,B0001,C0109,124,163
U+8C46,100241706_00011_2,440,1550,B0001,C0110,108,129
U+8150,100241706_00011_2,417,1719,B0001,C0111,123,177
U+6709,100241706_00011_2,429,2374,B0001,C0112,123,145
U+884C,100241706_00011_2,435,2540,B0001,C0113,124,141
U+811A,100241706_00011_2,432,2688,B0001,C0114,131,152
U+5965,100241706_00011_2,416,2862,B0001,C0115,143,156
U+5DDE,100241706_00011_2,441,3027,B0001,C0116,101,145
U+5357,100241706_00011_2,452,3183,B0001,C0117,92,169
U+90E8,100241706_00011_2,424,3358,B0001,C0118,137,148
U+306E,100241706_00011_2,449,3529,B0001,C0119,91,85
U+516B,100241706_00011_2,175,1006,B0001,C0120,147,87
U+306E,100241706_00011_2,199,1106,B0001,C0121,88,88
U+3078,100241706_00011_2,185,1195,B0001,C0122,111,169
U+3068,100241706_00011_2,215,1366,B0001,C0123,68,119
U+3044,100241706_00011_2,195,1514,B0001,C0124,95,93
U+3075,100241706_00011_2,188,1608,B0001,C0125,97,100
U+5BBF,100241706_00011_2,179,1708,B0001,C0126,109,165
U+306B,100241706_00011_2,208,1878,B0001,C0127,65,105
U+6CCA,100241706_00011_2,195,2016,B0001,C0128,107,153
U+308A,100241706_00011_2,221,2170,B0001,C0129,55,136
U+3051,100241706_00011_2,205,2326,B0001,C0130,89,132
U+308B,100241706_00011_2,225,2459,B0001,C0131,43,73
U+3068,100241706_00011_2,212,2576,B0001,C0132,79,85
U+3046,100241706_00011_2,211,2663,B0001,C0133,65,124
U+3075,100241706_00011_2,187,2788,B0001,C0134,115,132
U+3092,100241706_00011_2,205,2926,B0001,C0135,89,111
U+3044,100241706_00011_2,200,3081,B0001,C0136,91,87
U+3068,100241706_00011_2,215,3166,B0001,C0137,71,112
U+7D30,100241706_00011_2,196,3319,B0001,C0138,113,128
U+304F,100241706_00011_2,213,3502,B0001,C0139,55,115
U+6253,100241706_00012_1,2004,990,B0001,C0001,123,159
U+3042,100241706_00012_1,2041,1147,B0001,C0002,99,124
U+3058,100241706_00012_1,2064,1275,B0001,C0003,56,196
U+3088,100241706_00012_1,2056,1491,B0001,C0004,43,93
U+304F,100241706_00012_1,2036,1586,B0001,C0005,60,119
U+3042,100241706_00012_1,2019,1734,B0001,C0006,93,120
U+3064,100241706_00012_1,2009,1856,B0001,C0007,111,100
U+3082,100241706_00012_1,2037,1972,B0001,C0008,59,135
U+306E,100241706_00012_1,2023,2108,B0001,C0009,89,113
U+306B,100241706_00012_1,2007,2250,B0001,C0010,111,109
U+3057,100241706_00012_1,2055,2360,B0001,C0011,19,115
U+3066,100241706_00012_1,2016,2472,B0001,C0012,84,116
U+5E73,100241706_00012_1,1997,2628,B0001,C0013,123,127
U+306B,100241706_00012_1,2017,2774,B0001,C0014,100,112
U+3064,100241706_00012_1,2016,2921,B0001,C0015,95,88
U+3051,100241706_00012_1,2021,3010,B0001,C0016,88,125
U+51FA,100241706_00012_1,2017,3157,B0001,C0017,111,76
U+3057,100241706_00012_1,2048,3255,B0001,C0018,21,124
U+306C,100241706_00012_1,2007,3381,B0001,C0019,100,89
U+751A,100241706_00012_1,2017,3489,B0001,C0020,92,128
U+8EFD,100241706_00012_1,1760,998,B0001,C0021,135,137
U+304F,100241706_00012_1,1805,1132,B0001,C0022,73,120
U+3057,100241706_00012_1,1819,1258,B0001,C0023,31,149
U+3066,100241706_00012_1,1785,1416,B0001,C0024,87,115
U+7F8E,100241706_00012_1,1771,1554,B0001,C0025,97,205
U+5473,100241706_00012_1,1753,1779,B0001,C0026,128,148
U+306A,100241706_00012_1,1785,1952,B0001,C0027,84,121
U+308A,100241706_00012_1,1787,2075,B0001,C0028,64,125
U+305D,100241706_00012_1,1784,2230,B0001,C0029,85,113
U+306E,100241706_00012_1,1771,2344,B0001,C0030,97,120
U+309D,100241706_00012_1,1809,2466,B0001,C0031,45,67
U+3061,100241706_00012_1,1792,2544,B0001,C0032,73,123
U+5BBF,100241706_00012_1,1771,2687,B0001,C0033,101,179
U+306B,100241706_00012_1,1779,2867,B0001,C0034,65,96
U+304B,100241706_00012_1,1747,3005,B0001,C0035,117,84
U+3078,100241706_00012_1,1752,3090,B0001,C0036,119,73
U+308A,100241706_00012_1,1784,3165,B0001,C0037,61,101
U+9152,100241706_00012_1,1755,3310,B0001,C0038,109,129
U+98DF,100241706_00012_1,1755,3446,B0001,C0039,125,165
U+306E,100241706_00012_1,1545,998,B0001,C0040,100,84
U+305D,100241706_00012_1,1559,1112,B0001,C0041,80,108
U+3078,100241706_00012_1,1547,1239,B0001,C0042,119,61
U+306B,100241706_00012_1,1547,1330,B0001,C0043,101,92
U+3057,100241706_00012_1,1583,1458,B0001,C0044,29,164
U+3066,100241706_00012_1,1547,1623,B0001,C0045,85,127
U+53CB,100241706_00012_1,1541,1774,B0001,C0046,107,112
U+4EBA,100241706_00012_1,1527,1902,B0001,C0047,143,109
U+306A,100241706_00012_1,1552,2040,B0001,C0048,85,123
U+3069,100241706_00012_1,1563,2166,B0001,C0049,87,123
U+306B,100241706_00012_1,1540,2300,B0001,C0050,103,105
U+88FD,100241706_00012_1,1523,2434,B0001,C0051,117,177
U+3057,100241706_00012_1,1577,2632,B0001,C0052,24,151
U+3075,100241706_00012_1,1539,2822,B0001,C0053,95,136
U+308B,100241706_00012_1,1527,2974,B0001,C0054,124,152
U+307E,100241706_00012_1,1559,3162,B0001,C0055,53,144
U+3072,100241706_00012_1,1531,3307,B0001,C0056,103,125
U+306C,100241706_00012_1,1529,3501,B0001,C0057,107,105
U+540D,100241706_00012_1,1291,991,B0001,C0058,107,159
U+3082,100241706_00012_1,1317,1152,B0001,C0059,64,111
U+5357,100241706_00012_1,1308,1302,B0001,C0060,89,189
U+90E8,100241706_00012_1,1285,1492,B0001,C0061,136,187
U+516B,100241706_00012_1,1288,1716,B0001,C0062,123,79
U+306E,100241706_00012_1,1311,1818,B0001,C0063,77,97
U+3078,100241706_00012_1,1299,1910,B0001,C0064,92,197
U+306B,100241706_00012_1,1317,2108,B0001,C0065,47,139
U+3066,100241706_00012_1,1295,2248,B0001,C0066,91,117
U+98DF,100241706_00012_1,1277,2392,B0001,C0067,139,167
U+305B,100241706_00012_1,1283,2562,B0001,C0068,99,109
U+3057,100241706_00012_1,1336,2672,B0001,C0069,27,124
U+3086,100241706_00012_1,1297,2822,B0001,C0070,95,88
U+3078,100241706_00012_1,1277,2911,B0001,C0071,135,68
U+5176,100241706_00012_1,1280,2981,B0001,C0072,111,139
U+307E,100241706_00012_1,1305,3125,B0001,C0073,59,121
U+309D,100241706_00012_1,1328,3247,B0001,C0074,19,32
U+306F,100241706_00012_1,1055,1278,B0001,C0075,105,167
U+3061,100241706_00012_1,1064,1450,B0001,C0076,83,145
U+3078,100241706_00012_1,1043,1596,B0001,C0077,116,164
U+3069,100241706_00012_1,1068,1762,B0001,C0078,101,119
U+3046,100241706_00012_1,1065,1882,B0001,C0079,64,133
U+3075,100241706_00012_1,1039,2034,B0001,C0080,131,156
U+306A,100241706_00012_1,1057,2200,B0001,C0081,104,128
U+308B,100241706_00012_1,1079,2330,B0001,C0082,41,85
U+3079,100241706_00012_1,1035,2416,B0001,C0083,132,73
U+3057,100241706_00012_1,1085,2487,B0001,C0084,25,264
U+516B,100241706_00012_1,796,990,B0001,C0085,161,89
U+306F,100241706_00012_1,833,1086,B0001,C0086,77,131
U+3090,100241706_00012_1,815,1230,B0001,C0087,100,137
U+3068,100241706_00012_1,831,1390,B0001,C0088,77,97
U+3046,100241706_00012_1,829,1486,B0001,C0089,63,156
U+3075,100241706_00012_1,797,1643,B0001,C0090,123,151
U+3068,100241706_00012_1,836,1783,B0001,C0091,65,107
U+3044,100241706_00012_1,819,1922,B0001,C0092,89,88
U+3075,100241706_00012_1,805,2011,B0001,C0093,101,113
U+306F,100241706_00012_1,801,2135,B0001,C0094,99,68
U+3044,100241706_00012_1,808,2239,B0001,C0095,100,83
U+304B,100241706_00012_1,799,2332,B0001,C0096,120,95
U+309E,100241706_00012_1,863,2432,B0001,C0097,48,53
U+306A,100241706_00012_1,820,2515,B0001,C0098,76,164
U+308B,100241706_00012_1,815,2680,B0001,C0099,100,123
U+306B,100241706_00012_1,795,2807,B0001,C0100,107,119
U+3084,100241706_00012_1,796,2934,B0001,C0101,107,159
U+25B2,100241706_00012_1,575,936,B0001,C0102,104,51
U+91CE,100241706_00012_1,549,1020,B0001,C0103,155,163
U+72D0,100241706_00012_1,532,1219,B0001,C0104,161,156
U+8C46,100241706_00012_1,559,1423,B0001,C0105,116,136
U+8150,100241706_00012_1,520,1590,B0001,C0106,155,181
U+90FD,100241706_00012_1,313,974,B0001,C0107,136,172
U+306B,100241706_00012_1,349,1156,B0001,C0108,51,107
U+3068,100241706_00012_1,348,1286,B0001,C0109,56,124
U+3075,100241706_00012_1,325,1411,B0001,C0110,93,132
U+304D,100241706_00012_1,332,1544,B0001,C0111,73,144
U+7247,100241706_00012_1,333,1716,B0001,C0112,89,109
U+7530,100241706_00012_1,323,1856,B0001,C0113,97,119
U+820E,100241706_00012_1,309,1982,B0001,C0114,132,164
U+306B,100241706_00012_1,335,2147,B0001,C0115,53,103
U+306F,100241706_00012_1,313,2264,B0001,C0116,89,85
U+6613,100241706_00012_1,308,2375,B0001,C0117,100,175
U+5360,100241706_00012_1,333,2560,B0001,C0118,76,133
U+3068,100241706_00012_1,337,2695,B0001,C0119,64,116
U+3044,100241706_00012_1,323,2843,B0001,C0120,87,73
U+3075,100241706_00012_1,305,2918,B0001,C0121,109,99
U+4E8B,100241706_00012_1,325,3018,B0001,C0122,73,159
U+3082,100241706_00012_1,323,3190,B0001,C0123,67,113
U+306A,100241706_00012_1,323,3329,B0001,C0124,88,127
U+3051,100241706_00012_1,323,3454,B0001,C0125,93,137
U+308C,100241706_00012_2,1909,992,B0001,C0001,63,148
U+3070,100241706_00012_2,1895,1142,B0001,C0002,96,83
U+72D0,100241706_00012_2,1879,1254,B0001,C0003,121,133
U+306B,100241706_00012_2,1887,1410,B0001,C0004,99,89
U+5409,100241706_00012_2,1894,1548,B0001,C0005,100,121
U+51F6,100241706_00012_2,1895,1699,B0001,C0006,103,115
U+3092,100241706_00012_2,1905,1827,B0001,C0007,97,124
U+554F,100241706_00012_2,1906,1972,B0001,C0008,95,123
U+3075,100241706_00012_2,1894,2102,B0001,C0009,99,107
U+305D,100241706_00012_2,1911,2240,B0001,C0010,79,105
U+306E,100241706_00012_2,1913,2347,B0001,C0011,73,105
U+8853,100241706_00012_2,1886,2491,B0001,C0012,115,127
U+306F,100241706_00012_2,1911,2619,B0001,C0013,77,95
U+4F4F,100241706_00012_2,1886,2744,B0001,C0014,113,132
U+6240,100241706_00012_2,1895,2878,B0001,C0015,104,164
U+306E,100241706_00012_2,1911,3058,B0001,C0016,84,80
U+7A74,100241706_00012_2,1911,3158,B0001,C0017,101,113
U+306E,100241706_00012_2,1913,3291,B0001,C0018,83,95
U+53E3,100241706_00012_2,1926,3429,B0001,C0019,68,97
U+3078,100241706_00012_2,1902,3527,B0001,C0020,99,55
U+751F,100241706_00012_2,1646,995,B0001,C0021,124,107
U+306A,100241706_00012_2,1670,1116,B0001,C0022,81,145
U+308B,100241706_00012_2,1687,1262,B0001,C0023,40,81
U+6240,100241706_00012_2,1648,1375,B0001,C0024,115,131
U+306E,100241706_00012_2,1670,1534,B0001,C0025,85,69
U+3068,100241706_00012_2,1679,1639,B0001,C0026,71,99
U+3046,100241706_00012_2,1687,1742,B0001,C0027,52,113
U+3075,100241706_00012_2,1663,1892,B0001,C0028,104,149
U+3092,100241706_00012_2,1674,2052,B0001,C0029,99,137
U+305D,100241706_00012_2,1683,2223,B0001,C0030,76,121
U+306A,100241706_00012_2,1688,2347,B0001,C0031,72,129
U+3075,100241706_00012_2,1664,2479,B0001,C0032,92,113
U+98DF,100241706_00012_2,1668,2623,B0001,C0033,124,139
U+3075,100241706_00012_2,1667,2802,B0001,C0034,107,108
U+3068,100241706_00012_2,1692,2911,B0001,C0035,65,109
U+304F,100241706_00012_2,1668,3053,B0001,C0036,111,131
U+3089,100241706_00012_2,1700,3185,B0001,C0037,33,107
U+306F,100241706_00012_2,1670,3293,B0001,C0038,93,69
U+3056,100241706_00012_2,1690,3405,B0001,C0039,108,107
U+308B,100241706_00012_2,1691,3513,B0001,C0040,52,77
U+306B,100241706_00012_2,1412,988,B0001,C0041,100,112
U+3066,100241706_00012_2,1423,1102,B0001,C0042,61,128
U+5584,100241706_00012_2,1414,1258,B0001,C0043,104,179
U+60AA,100241706_00012_2,1419,1479,B0001,C0044,112,140
U+3092,100241706_00012_2,1423,1632,B0001,C0045,99,119
U+5B9A,100241706_00012_2,1428,1772,B0001,C0046,91,145
U+3080,100241706_00012_2,1430,1922,B0001,C0047,93,136
U+308B,100241706_00012_2,1443,2051,B0001,C0048,48,80
U+4E8B,100241706_00012_2,1414,2154,B0001,C0049,97,173
U+306A,100241706_00012_2,1447,2340,B0001,C0050,65,132
U+308A,100241706_00012_2,1435,2474,B0001,C0051,67,133
U+305D,100241706_00012_2,1439,2644,B0001,C0052,80,120
U+308C,100241706_00012_2,1418,2771,B0001,C0053,132,129
U+3086,100241706_00012_2,1431,2935,B0001,C0054,100,75
U+3078,100241706_00012_2,1419,3022,B0001,C0055,132,73
U+306B,100241706_00012_2,1422,3118,B0001,C0056,108,84
U+751F,100241706_00012_2,1412,3233,B0001,C0057,127,97
U+306B,100241706_00012_2,1434,3366,B0001,C0058,97,111
U+3066,100241706_00012_2,1446,3478,B0001,C0059,60,109
U+98DF,100241706_00012_2,1172,991,B0001,C0060,123,152
U+3059,100241706_00012_2,1184,1150,B0001,C0061,84,123
U+308B,100241706_00012_2,1200,1268,B0001,C0062,55,103
U+3092,100241706_00012_2,1190,1379,B0001,C0063,95,121
U+3084,100241706_00012_2,939,1196,B0001,C0064,104,140
U+3053,100241706_00012_2,960,1384,B0001,C0065,73,91
U+3068,100241706_00012_2,964,1515,B0001,C0066,67,112
U+3046,100241706_00012_2,964,1628,B0001,C0067,55,147
U+3075,100241706_00012_2,938,1776,B0001,C0068,113,131
U+306A,100241706_00012_2,952,1915,B0001,C0069,80,137
U+308B,100241706_00012_2,978,2052,B0001,C0070,40,104
U+3079,100241706_00012_2,936,2166,B0001,C0071,121,88
U+3057,100241706_00012_2,976,2259,B0001,C0072,32,345
U+5974,100241706_00012_2,679,990,B0001,C0073,167,113
U+8C46,100241706_00012_2,710,1152,B0001,C0074,92,140
U+8150,100241706_00012_2,687,1315,B0001,C0075,116,171
U+3068,100241706_00012_2,735,1494,B0001,C0076,51,120
U+306F,100241706_00012_2,704,1615,B0001,C0077,87,83
U+3044,100241706_00012_2,707,1732,B0001,C0078,93,105
U+3064,100241706_00012_2,708,1834,B0001,C0079,105,125
U+306E,100241706_00012_2,718,1972,B0001,C0080,81,80
U+6642,100241706_00012_2,703,2083,B0001,C0081,113,157
U+3088,100241706_00012_2,743,2239,B0001,C0082,45,96
U+308A,100241706_00012_2,738,2338,B0001,C0083,55,111
U+304B,100241706_00012_2,730,2455,B0001,C0084,61,76
U+307E,100241706_00012_2,734,2543,B0001,C0085,56,129
U+3061,100241706_00012_2,720,2674,B0001,C0086,85,109
U+304C,100241706_00012_2,736,2800,B0001,C0087,83,104
U+3072,100241706_00012_2,712,2904,B0001,C0088,104,113
U+306A,100241706_00012_2,730,3019,B0001,C0089,68,136
U+308A,100241706_00012_2,723,3157,B0001,C0090,71,160
U+3051,100241706_00012_2,463,983,B0001,C0091,105,153
U+3093,100241706_00012_2,448,1160,B0001,C0092,139,133
U+3061,100241706_00012_2,484,1314,B0001,C0093,76,143
U+3093,100241706_00012_2,460,1466,B0001,C0094,135,127
U+8C46,100241706_00012_2,463,1622,B0001,C0095,108,144
U+8150,100241706_00012_2,448,1794,B0001,C0096,119,173
U+25B2,100241706_00012_2,217,933,B0001,C0097,92,51
U+5099,100241706_00012_2,180,1006,B0001,C0098,147,167
U+524D,100241706_00012_2,201,1183,B0001,C0099,115,168
U+306E,100241706_00012_2,213,1367,B0001,C0100,96,75
U+56FD,100241706_00012_2,208,1467,B0001,C0101,107,127
U+5200,100241706_00012_2,220,1624,B0001,C0102,80,95
U+935B,100241706_00012_2,204,1762,B0001,C0103,133,169
U+6CBB,100241706_00012_2,211,1948,B0001,C0104,111,136
U+304A,100241706_00012_2,211,2130,B0001,C0105,111,101
U+3075,100241706_00012_2,211,2232,B0001,C0106,103,129
U+304D,100241706_00012_2,233,2363,B0001,C0107,69,133
U+3046,100241706_00012_2,248,2504,B0001,C0108,45,97
U+3061,100241706_00012_2,237,2603,B0001,C0109,75,137
U+306B,100241706_00012_2,211,2743,B0001,C0110,108,107
U+6C34,100241706_00012_2,204,2894,B0001,C0111,145,120
U+7531,100241706_00012_2,225,3065,B0001,C0112,88,121
U+8ED2,100241706_00012_2,207,3217,B0001,C0113,129,172
U+3068,100241706_00012_2,255,3438,B0001,C0114,40,152
U+3044,100241706_00013_1,2022,1004,B0001,C0001,91,97
U+3075,100241706_00013_1,2002,1103,B0001,C0002,113,100
U+4EBA,100241706_00013_1,1998,1213,B0001,C0003,155,116
U+6B8A,100241706_00013_1,2007,1357,B0001,C0004,127,172
U+306B,100241706_00013_1,2021,1531,B0001,C0005,77,128
U+5263,100241706_00013_1,1995,1687,B0001,C0006,140,152
U+306E,100241706_00013_1,2021,1847,B0001,C0007,80,87
U+540D,100241706_00013_1,1985,1971,B0001,C0008,121,129
U+4EBA,100241706_00013_1,1994,2131,B0001,C0009,149,112
U+306A,100241706_00013_1,2025,2260,B0001,C0010,88,127
U+308A,100241706_00013_1,2037,2388,B0001,C0011,57,133
U+3057,100241706_00013_1,2017,2545,B0001,C0012,93,124
U+304B,100241706_00013_1,2049,2668,B0001,C0013,51,93
U+308C,100241706_00013_1,2017,2763,B0001,C0014,88,148
U+3069,100241706_00013_1,2027,2927,B0001,C0015,80,105
U+3082,100241706_00013_1,2023,3045,B0001,C0016,67,108
U+5BB9,100241706_00013_1,2003,3189,B0001,C0017,132,149
U+6613,100241706_00013_1,2001,3355,B0001,C0018,99,157
U+306B,100241706_00013_1,2015,3535,B0001,C0019,111,85
U+7D30,100241706_00013_1,1766,993,B0001,C0020,137,128
U+5DE5,100241706_00013_1,1757,1156,B0001,C0021,140,92
U+51FA,100241706_00013_1,1775,1289,B0001,C0022,133,107
U+6765,100241706_00013_1,1765,1409,B0001,C0023,111,179
U+3042,100241706_00013_1,1781,1620,B0001,C0024,92,97
U+304C,100241706_00013_1,1799,1708,B0001,C0025,75,107
U+308B,100241706_00013_1,1805,1819,B0001,C0026,36,81
U+4E8B,100241706_00013_1,1765,1937,B0001,C0027,116,177
U+306A,100241706_00013_1,1779,2116,B0001,C0028,88,131
U+3057,100241706_00013_1,1805,2272,B0001,C0029,28,205
U+6216,100241706_00013_1,1763,2492,B0001,C0030,121,151
U+7537,100241706_00013_1,1766,2673,B0001,C0031,88,155
U+3053,100241706_00013_1,1773,2839,B0001,C0032,83,120
U+306E,100241706_00013_1,1767,2983,B0001,C0033,84,75
U+4EBA,100241706_00013_1,1744,3103,B0001,C0034,139,125
U+306B,100241706_00013_1,1758,3233,B0001,C0035,115,111
U+5200,100241706_00013_1,1770,3384,B0001,C0036,77,96
U+3092,100241706_00013_1,1759,3500,B0001,C0037,113,111
U+983C,100241706_00013_1,1526,1003,B0001,C0038,117,160
U+307F,100241706_00013_1,1564,1169,B0001,C0039,51,135
U+3051,100241706_00013_1,1547,1309,B0001,C0040,101,163
U+308B,100241706_00013_1,1567,1473,B0001,C0041,44,91
U+3068,100241706_00013_1,1567,1564,B0001,C0042,37,135
U+304D,100241706_00013_1,1543,1701,B0001,C0043,75,163
U+80FD,100241706_00013_1,1522,1889,B0001,C0044,125,163
U+6642,100241706_00013_1,1522,2085,B0001,C0045,121,172
U+5206,100241706_00013_1,1555,2256,B0001,C0046,73,175
U+3084,100241706_00013_1,1526,2452,B0001,C0047,109,89
U+3089,100241706_00013_1,1550,2549,B0001,C0048,59,119
U+65E9,100241706_00013_1,1523,2701,B0001,C0049,103,155
U+675F,100241706_00013_1,1518,2881,B0001,C0050,117,167
U+306B,100241706_00013_1,1526,3049,B0001,C0051,105,124
U+51FA,100241706_00013_1,1542,3207,B0001,C0052,100,89
U+6765,100241706_00013_1,1520,3300,B0001,C0053,117,187
U+305B,100241706_00013_1,1520,3499,B0001,C0054,107,109
U+308A,100241706_00013_1,1307,999,B0001,C0055,73,151
U+3053,100241706_00013_1,1302,1171,B0001,C0056,88,116
U+3068,100241706_00013_1,1312,1288,B0001,C0057,71,105
U+306E,100241706_00013_1,1300,1421,B0001,C0058,84,83
U+5916,100241706_00013_1,1271,1535,B0001,C0059,136,143
U+3088,100241706_00013_1,1316,1681,B0001,C0060,57,120
U+308D,100241706_00013_1,1298,1803,B0001,C0061,89,121
U+3053,100241706_00013_1,1306,1943,B0001,C0062,61,93
U+3073,100241706_00013_1,1290,2037,B0001,C0063,97,120
U+5F7C,100241706_00013_1,1276,2185,B0001,C0064,135,135
U+935B,100241706_00013_1,1287,2355,B0001,C0065,124,163
U+6CBB,100241706_00013_1,1290,2533,B0001,C0066,109,123
U+3092,100241706_00013_1,1282,2681,B0001,C0067,101,120
U+307E,100241706_00013_1,1311,2821,B0001,C0068,57,129
U+306D,100241706_00013_1,1290,2952,B0001,C0069,93,132
U+304D,100241706_00013_1,1284,3091,B0001,C0070,113,99
U+99B3,100241706_00013_1,1270,3236,B0001,C0071,131,125
U+305D,100241706_00013_1,1291,3379,B0001,C0072,81,107
U+3046,100241706_00013_1,1308,3487,B0001,C0073,51,124
U+3059,100241706_00013_1,1048,992,B0001,C0074,107,165
U+3079,100241706_00013_1,1039,1153,B0001,C0075,125,84
U+304D,100241706_00013_1,1056,1239,B0001,C0076,80,135
U+3068,100241706_00013_1,1070,1389,B0001,C0077,72,119
U+5176,100241706_00013_1,1032,1525,B0001,C0078,113,160
U+53CB,100241706_00013_1,1043,1699,B0001,C0079,133,124
U+306A,100241706_00013_1,1051,1859,B0001,C0080,73,164
U+308B,100241706_00013_1,1079,2024,B0001,C0081,39,100
U+4EBA,100241706_00013_1,1023,2169,B0001,C0082,141,109
U+306B,100241706_00013_1,1035,2316,B0001,C0083,108,95
U+597D,100241706_00013_1,1028,2455,B0001,C0084,120,131
U+3081,100241706_00013_1,1058,2587,B0001,C0085,77,139
U+308B,100241706_00013_1,1078,2731,B0001,C0086,37,104
U+305F,100241706_00013_1,1040,2883,B0001,C0087,109,119
U+3079,100241706_00013_1,1032,3003,B0001,C0088,129,91
U+7269,100241706_00013_1,1034,3107,B0001,C0089,116,148
U+3092,100241706_00013_1,1046,3259,B0001,C0090,97,108
U+304D,100241706_00013_1,1040,3409,B0001,C0091,87,135
U+309D,100241706_00013_1,1076,3545,B0001,C0092,31,71
U+3042,100241706_00013_1,810,989,B0001,C0093,109,153
U+306F,100241706_00013_1,814,1144,B0001,C0094,100,91
U+305B,100241706_00013_1,803,1229,B0001,C0095,101,117
U+3051,100241706_00013_1,827,1377,B0001,C0096,96,161
U+308B,100241706_00013_1,830,1539,B0001,C0097,73,127
U+306B,100241706_00013_1,800,1704,B0001,C0098,111,95
U+5F7C,100241706_00013_1,799,1840,B0001,C0099,133,147
U+4EBA,100241706_00013_1,788,2005,B0001,C0100,140,127
U+3068,100241706_00013_1,827,2157,B0001,C0101,63,85
U+304B,100241706_00013_1,799,2255,B0001,C0102,111,117
U+304F,100241706_00013_1,832,2353,B0001,C0103,53,137
U+4F55,100241706_00013_1,790,2527,B0001,C0104,124,116
U+4E8B,100241706_00013_1,792,2643,B0001,C0105,129,204
U+3082,100241706_00013_1,823,2856,B0001,C0106,60,112
U+6CB9,100241706_00013_1,792,2987,B0001,C0107,116,137
U+306B,100241706_00013_1,794,3127,B0001,C0108,99,105
U+3066,100241706_00013_1,800,3251,B0001,C0109,91,81
U+88FD,100241706_00013_1,780,3335,B0001,C0110,119,161
U+3057,100241706_00013_1,832,3500,B0001,C0111,31,125
U+305F,100241706_00013_1,580,999,B0001,C0112,73,143
U+308B,100241706_00013_1,600,1143,B0001,C0113,41,107
U+7269,100241706_00013_1,557,1268,B0001,C0114,117,133
U+3092,100241706_00013_1,560,1400,B0001,C0115,113,144
U+3053,100241706_00013_1,575,1553,B0001,C0116,81,123
U+306E,100241706_00013_1,567,1677,B0001,C0117,84,103
U+3081,100241706_00013_1,565,1797,B0001,C0118,91,107
U+308A,100241706_00013_1,577,1905,B0001,C0119,71,168
U+3068,100241706_00013_1,576,2075,B0001,C0120,76,116
U+3044,100241706_00013_1,567,2219,B0001,C0121,92,77
U+3072,100241706_00013_1,557,2300,B0001,C0122,100,123
U+3051,100241706_00013_1,568,2451,B0001,C0123,104,141
U+308B,100241706_00013_1,573,2593,B0001,C0124,76,133
U+306B,100241706_00013_1,555,2739,B0001,C0125,73,120
U+305D,100241706_00013_1,569,2883,B0001,C0126,75,115
U+308C,100241706_00013_1,561,2999,B0001,C0127,77,152
U+3088,100241706_00013_1,572,3152,B0001,C0128,56,107
U+308A,100241706_00013_1,563,3260,B0001,C0129,57,169
U+8C46,100241706_00013_1,545,3475,B0001,C0130,105,139
U+8150,100241706_00013_1,304,987,B0001,C0131,124,176
U+3092,100241706_00013_1,328,1179,B0001,C0132,95,111
U+3057,100241706_00013_1,323,1323,B0001,C0133,104,140
U+307C,100241706_00013_1,315,1461,B0001,C0134,125,139
U+308A,100241706_00013_1,332,1601,B0001,C0135,76,129
U+3055,100241706_00013_1,333,1744,B0001,C0136,73,96
U+307E,100241706_00013_1,319,1841,B0001,C0137,107,137
U+3032,100241706_00013_1,335,1977,B0001,C0138,93,241
U+306E,100241706_00013_1,323,2259,B0001,C0139,88,84
U+9752,100241706_00013_1,305,2361,B0001,C0140,107,164
U+7269,100241706_00013_1,299,2539,B0001,C0141,121,151
U+304B,100241706_00013_1,313,2715,B0001,C0142,99,95
U+3093,100241706_00013_1,315,2808,B0001,C0143,116,84
U+3076,100241706_00013_1,311,2917,B0001,C0144,113,116
U+3064,100241706_00013_1,304,3044,B0001,C0145,104,127
U+3082,100241706_00013_1,336,3191,B0001,C0146,57,119
U+306E,100241706_00013_1,312,3308,B0001,C0147,91,123
U+7B49,100241706_00013_1,307,3495,B0001,C0148,116,100
U+7A2E,100241706_00013_2,1853,980,B0001,C0001,113,221
U+3005,100241706_00013_2,1885,1203,B0001,C0002,45,100
U+3044,100241706_00013_2,1877,1330,B0001,C0003,85,84
U+308C,100241706_00013_2,1875,1415,B0001,C0004,71,140
U+3066,100241706_00013_2,1869,1556,B0001,C0005,81,129
U+6CB9,100241706_00013_2,1869,1716,B0001,C0006,111,151
U+306B,100241706_00013_2,1869,1872,B0001,C0007,97,111
U+3066,100241706_00013_2,1882,1983,B0001,C0008,52,180
U+7F8E,100241706_00013_2,1869,2180,B0001,C0009,84,197
U+5473,100241706_00013_2,1851,2379,B0001,C0010,111,152
U+306B,100241706_00013_2,1861,2575,B0001,C0011,100,97
U+6599,100241706_00013_2,1859,2702,B0001,C0012,115,179
U+7406,100241706_00013_2,1874,2902,B0001,C0013,95,128
U+3057,100241706_00013_2,1905,3045,B0001,C0014,25,131
U+9152,100241706_00013_2,1874,3203,B0001,C0015,101,121
U+98EF,100241706_00013_2,1862,3351,B0001,C0016,120,132
U+3092,100241706_00013_2,1886,3487,B0001,C0017,88,121
U+3068,100241706_00013_2,1640,1004,B0001,C0018,75,117
U+309D,100241706_00013_2,1670,1123,B0001,C0019,23,41
U+306E,100241706_00013_2,1632,1191,B0001,C0020,80,107
U+3078,100241706_00013_2,1619,1302,B0001,C0021,120,51
U+304B,100241706_00013_2,1628,1375,B0001,C0022,99,92
U+306E,100241706_00013_2,1642,1484,B0001,C0023,81,85
U+935B,100241706_00013_2,1632,1606,B0001,C0024,128,171
U+6CBB,100241706_00013_2,1646,1804,B0001,C0025,93,128
U+3092,100241706_00013_2,1647,1934,B0001,C0026,88,136
U+3082,100241706_00013_2,1662,2092,B0001,C0027,55,140
U+3066,100241706_00013_2,1646,2238,B0001,C0028,71,108
U+306A,100241706_00013_2,1652,2350,B0001,C0029,81,116
U+3057,100241706_00013_2,1674,2490,B0001,C0030,24,175
U+3051,100241706_00013_2,1650,2724,B0001,C0031,83,172
U+308B,100241706_00013_2,1646,2898,B0001,C0032,83,99
U+5BA2,100241706_00013_2,1635,3023,B0001,C0033,113,140
U+3053,100241706_00013_2,1666,3201,B0001,C0034,55,81
U+3068,100241706_00013_2,1664,3281,B0001,C0035,53,100
U+306E,100241706_00013_2,1644,3402,B0001,C0036,81,81
U+5916,100241706_00013_2,1644,3497,B0001,C0037,93,116
U+3088,100241706_00013_2,1410,990,B0001,C0038,53,121
U+308D,100241706_00013_2,1394,1112,B0001,C0039,88,172
U+3053,100241706_00013_2,1400,1292,B0001,C0040,79,128
U+3073,100241706_00013_2,1399,1422,B0001,C0041,100,121
U+3066,100241706_00013_2,1396,1543,B0001,C0042,81,101
U+662F,100241706_00013_2,1406,1660,B0001,C0043,69,156
U+307E,100241706_00013_2,1418,1832,B0001,C0044,47,120
U+3067,100241706_00013_2,1404,1954,B0001,C0045,76,116
U+5DF1,100241706_00013_2,1402,2111,B0001,C0046,89,107
U+308C,100241706_00013_2,1406,2234,B0001,C0047,77,125
U+3082,100241706_00013_2,1415,2374,B0001,C0048,55,101
U+77E5,100241706_00013_2,1392,2499,B0001,C0049,108,124
U+3089,100241706_00013_2,1426,2624,B0001,C0050,44,120
U+3056,100241706_00013_2,1408,2774,B0001,C0051,89,119
U+308B,100241706_00013_2,1406,2906,B0001,C0052,91,124
U+6240,100241706_00013_2,1392,3069,B0001,C0053,111,143
U+306E,100241706_00013_2,1407,3230,B0001,C0054,80,97
U+83DC,100241706_00013_2,1394,3326,B0001,C0055,96,199
U+4E5F,100241706_00013_2,1398,3534,B0001,C0056,139,68
U+3053,100241706_00013_2,1171,990,B0001,C0057,68,99
U+308C,100241706_00013_2,1160,1098,B0001,C0058,75,145
U+306F,100241706_00013_2,1154,1244,B0001,C0059,85,75
U+6B64,100241706_00013_2,1143,1360,B0001,C0060,117,112
U+307B,100241706_00013_2,1155,1474,B0001,C0061,95,117
U+3069,100241706_00013_2,1172,1614,B0001,C0062,85,99
U+306E,100241706_00013_2,1163,1731,B0001,C0063,80,93
U+5263,100241706_00013_2,1135,1858,B0001,C0064,144,128
U+306E,100241706_00013_2,1166,2010,B0001,C0065,80,97
U+3061,100241706_00013_2,1167,2130,B0001,C0066,72,125
U+3093,100241706_00013_2,1148,2236,B0001,C0067,147,109
U+304B,100241706_00013_2,1142,2363,B0001,C0068,127,93
U+3068,100241706_00013_2,1174,2464,B0001,C0069,69,115
U+307B,100241706_00013_2,1163,2604,B0001,C0070,93,123
U+3081,100241706_00013_2,1164,2734,B0001,C0071,91,99
U+3057,100241706_00013_2,1195,2828,B0001,C0072,32,148
U+3088,100241706_00013_2,1180,2979,B0001,C0073,55,103
U+308A,100241706_00013_2,1170,3086,B0001,C0074,77,156
U+5263,100241706_00013_2,884,994,B0001,C0075,161,129
U+8CC3,100241706_00013_2,902,1150,B0001,C0076,115,172
U+8C46,100241706_00013_2,915,1359,B0001,C0077,96,125
U+8150,100241706_00013_2,892,1506,B0001,C0078,113,173
U+306A,100241706_00013_2,918,1699,B0001,C0079,93,128
U+308B,100241706_00013_2,935,1828,B0001,C0080,45,88
U+3079,100241706_00013_2,899,1919,B0001,C0081,123,80
U+3057,100241706_00013_2,947,1996,B0001,C0082,28,356
U+3061,100241706_00013_2,671,994,B0001,C0083,92,152
U+306A,100241706_00013_2,671,1144,B0001,C0084,84,167
U+307F,100241706_00013_2,695,1315,B0001,C0085,44,128
U+306B,100241706_00013_2,664,1462,B0001,C0086,105,99
U+3044,100241706_00013_2,679,1596,B0001,C0087,88,87
U+3075,100241706_00013_2,664,1684,B0001,C0088,99,117
U+3080,100241706_00013_2,674,1835,B0001,C0089,108,120
U+304B,100241706_00013_2,694,1951,B0001,C0090,51,76
U+3057,100241706_00013_2,716,2056,B0001,C0091,20,172
U+5929,100241706_00013_2,670,2258,B0001,C0092,117,132
U+4E0B,100241706_00013_2,687,2406,B0001,C0093,73,117
U+304A,100241706_00013_2,670,2555,B0001,C0094,115,108
U+3075,100241706_00013_2,654,2667,B0001,C0095,115,109
U+3044,100241706_00013_2,682,2802,B0001,C0096,99,84
U+306B,100241706_00013_2,670,2884,B0001,C0097,101,127
U+304B,100241706_00013_2,668,3049,B0001,C0098,100,107
U+3093,100241706_00013_2,671,3151,B0001,C0099,84,121
U+3071,100241706_00013_2,686,3295,B0001,C0100,95,144
U+3064,100241706_00013_2,672,3443,B0001,C0101,99,156
U+306E,100241706_00013_2,433,988,B0001,C0102,87,111
U+305B,100241706_00013_2,427,1098,B0001,C0103,83,151
U+3064,100241706_00013_2,411,1252,B0001,C0104,111,111
U+5929,100241706_00013_2,421,1692,B0001,C0105,131,143
U+5B50,100241706_00013_2,441,1836,B0001,C0106,91,111
U+3088,100241706_00013_2,463,1974,B0001,C0107,48,108
U+308A,100241706_00013_2,417,2083,B0001,C0108,99,143
U+6216,100241706_00013_2,431,2219,B0001,C0109,128,136
U+50E7,100241706_00013_2,413,2378,B0001,C0110,124,149
U+306B,100241706_00013_2,451,2547,B0001,C0111,61,112
U+96E8,100241706_00013_2,435,2698,B0001,C0112,93,117
U+3054,100241706_00013_2,456,2842,B0001,C0113,81,115
U+3072,100241706_00013_2,439,2958,B0001,C0114,105,115
U+306E,100241706_00013_2,441,3109,B0001,C0115,89,91
U+548C,100241706_00013_2,424,3257,B0001,C0116,120,172
U+6B4C,100241706_00013_2,419,3430,B0001,C0117,137,183
U+3088,100241706_00013_2,207,990,B0001,C0118,57,112
U+307F,100241706_00013_2,167,1103,B0001,C0119,113,160
U+5019,100241706_00013_2,191,1262,B0001,C0120,76,91
U+3084,100241706_00013_2,175,1371,B0001,C0121,109,91
U+3046,100241706_00013_2,181,1463,B0001,C0122,73,152
U+4EF0,100241706_00013_2,167,1627,B0001,C0123,123,159
U+305B,100241706_00013_2,177,1787,B0001,C0124,100,104
U+4ED8,100241706_00013_2,191,1912,B0001,C0125,83,164
U+3089,100241706_00013_2,215,2078,B0001,C0126,43,140
U+308B,100241706_00013_2,211,2219,B0001,C0127,45,93
U+309D,100241706_00013_2,215,2320,B0001,C0128,23,61
U+5176,100241706_00013_2,167,2406,B0001,C0129,120,164
U+6B4C,100241706_00013_2,193,2571,B0001,C0130,95,152
U+306E,100241706_00013_2,192,2747,B0001,C0131,80,93
U+5FB3,100241706_00013_2,169,2864,B0001,C0132,129,139
U+306B,100241706_00013_2,188,3038,B0001,C0133,96,105
U+3066,100241706_00013_2,201,3149,B0001,C0134,55,139
U+96E8,100241706_00013_2,184,3307,B0001,C0135,104,111
U+305F,100241706_00013_2,195,3451,B0001,C0136,77,101
U+309E,100241706_00013_2,224,3554,B0001,C0137,53,60
U+3061,100241706_00014_1,2019,983,B0001,C0001,83,143
U+306B,100241706_00014_1,1998,1143,B0001,C0002,109,96
U+964D,100241706_00014_1,2005,1274,B0001,C0003,124,189
U+3051,100241706_00014_1,2011,1484,B0001,C0004,88,141
U+308C,100241706_00014_1,2023,1628,B0001,C0005,67,143
U+3070,100241706_00014_1,2011,1776,B0001,C0006,99,84
U+5FA1,100241706_00014_1,2018,1891,B0001,C0007,93,100
U+3088,100241706_00014_1,2033,1976,B0001,C0008,49,101
U+308D,100241706_00014_1,2010,2086,B0001,C0009,92,131
U+3053,100241706_00014_1,2029,2238,B0001,C0010,61,96
U+3073,100241706_00014_1,2013,2335,B0001,C0011,109,115
U+306B,100241706_00014_1,2010,2463,B0001,C0012,99,120
U+6B4C,100241706_00014_1,1993,2622,B0001,C0013,129,151
U+4EBA,100241706_00014_1,1999,2794,B0001,C0014,131,128
U+3078,100241706_00014_1,2010,2942,B0001,C0015,128,69
U+9905,100241706_00014_1,2007,3043,B0001,C0016,127,164
U+3092,100241706_00014_1,2029,3222,B0001,C0017,83,115
U+305F,100241706_00014_1,2023,3351,B0001,C0018,95,116
U+307E,100241706_00014_1,2042,3477,B0001,C0019,69,117
U+306F,100241706_00014_1,1765,996,B0001,C0020,91,80
U+308A,100241706_00014_1,1777,1078,B0001,C0021,72,135
U+3051,100241706_00014_1,1770,1207,B0001,C0022,88,156
U+308B,100241706_00014_1,1771,1363,B0001,C0023,87,120
U+6B4C,100241706_00014_1,1752,1508,B0001,C0024,124,159
U+306C,100241706_00014_1,1755,1678,B0001,C0025,111,125
U+3057,100241706_00014_1,1805,1808,B0001,C0026,20,179
U+662F,100241706_00014_1,1781,1996,B0001,C0027,77,148
U+306F,100241706_00014_1,1777,2163,B0001,C0028,73,60
U+6B4C,100241706_00014_1,1765,2234,B0001,C0029,109,172
U+306E,100241706_00014_1,1769,2423,B0001,C0030,125,137
U+3061,100241706_00014_1,1785,2570,B0001,C0031,79,116
U+3093,100241706_00014_1,1766,2687,B0001,C0032,151,85
U+306A,100241706_00014_1,1775,2795,B0001,C0033,107,119
U+308B,100241706_00014_1,1803,2919,B0001,C0034,37,97
U+304B,100241706_00014_1,1798,3018,B0001,C0035,51,71
U+3068,100241706_00014_1,1785,3107,B0001,C0036,64,113
U+3044,100241706_00014_1,1779,3226,B0001,C0037,83,85
U+3072,100241706_00014_1,1774,3311,B0001,C0038,93,97
U+3057,100241706_00014_1,1809,3435,B0001,C0039,24,160
U+3088,100241706_00014_1,1552,995,B0001,C0040,51,92
U+308A,100241706_00014_1,1534,1088,B0001,C0041,75,151
U+9905,100241706_00014_1,1516,1500,B0001,C0042,131,164
U+3092,100241706_00014_1,1539,1672,B0001,C0043,100,144
U+6B4C,100241706_00014_1,1511,1839,B0001,C0044,129,149
U+3061,100241706_00014_1,1546,2011,B0001,C0045,76,124
U+3093,100241706_00014_1,1534,2135,B0001,C0046,143,95
U+3068,100241706_00014_1,1556,2238,B0001,C0047,64,103
U+3088,100241706_00014_1,1556,2372,B0001,C0048,57,117
U+3073,100241706_00014_1,1532,2484,B0001,C0049,108,101
U+7FD2,100241706_00014_1,1528,2626,B0001,C0050,100,151
U+306F,100241706_00014_1,1540,2778,B0001,C0051,92,77
U+305B,100241706_00014_1,1528,2856,B0001,C0052,99,116
U+308A,100241706_00014_1,1526,2977,B0001,C0053,95,143
U+25B2,100241706_00014_1,1274,936,B0001,C0054,103,48
U+3067,100241706_00014_1,1268,1016,B0001,C0055,103,105
U+3093,100241706_00014_1,1271,1138,B0001,C0056,151,131
U+304C,100241706_00014_1,1263,1295,B0001,C0057,140,108
U+304F,100241706_00014_1,1294,1411,B0001,C0058,56,127
U+6442,100241706_00014_1,1004,984,B0001,C0059,153,153
U+6D25,100241706_00014_1,1027,1148,B0001,C0060,143,179
U+306E,100241706_00014_1,1043,1342,B0001,C0061,91,89
U+56FD,100241706_00014_1,1039,1448,B0001,C0062,107,132
U+56DB,100241706_00014_1,1028,1622,B0001,C0063,113,76
U+5929,100241706_00014_1,1035,1732,B0001,C0064,128,120
U+738B,100241706_00014_1,1054,1864,B0001,C0065,80,107
U+5BFA,100241706_00014_1,1030,1991,B0001,C0066,107,159
U+306E,100241706_00014_1,1054,2174,B0001,C0067,77,101
U+697D,100241706_00014_1,1027,2296,B0001,C0068,129,164
U+4EBA,100241706_00014_1,1018,2484,B0001,C0069,151,111
U+306A,100241706_00014_1,1056,2606,B0001,C0070,92,117
U+306B,100241706_00014_1,1042,2724,B0001,C0071,97,116
U+3068,100241706_00014_1,1066,2863,B0001,C0072,69,104
U+304B,100241706_00014_1,1075,2969,B0001,C0073,52,73
U+3044,100241706_00014_1,1054,3070,B0001,C0074,95,76
U+3078,100241706_00014_1,1043,3157,B0001,C0075,124,53
U+308B,100241706_00014_1,1052,3211,B0001,C0076,128,117
U+8001,100241706_00014_1,1048,3333,B0001,C0077,129,111
U+7FC1,100241706_00014_1,1046,3458,B0001,C0078,129,156
U+3042,100241706_00014_1,806,1000,B0001,C0079,96,112
U+308A,100241706_00014_1,819,1114,B0001,C0080,67,116
U+697D,100241706_00014_1,790,1247,B0001,C0081,123,175
U+7B1B,100241706_00014_1,807,1452,B0001,C0082,92,181
U+306B,100241706_00014_1,820,1632,B0001,C0083,60,127
U+5999,100241706_00014_1,786,1792,B0001,C0084,132,136
U+3092,100241706_00014_1,806,1935,B0001,C0085,97,127
U+304D,100241706_00014_1,824,2082,B0001,C0086,63,145
U+308F,100241706_00014_1,831,2228,B0001,C0087,40,152
U+3081,100241706_00014_1,812,2382,B0001,C0088,77,107
U+5F97,100241706_00014_1,794,2526,B0001,C0089,107,140
U+305F,100241706_00014_1,818,2666,B0001,C0090,71,92
U+308A,100241706_00014_1,798,2759,B0001,C0091,89,137
U+5176,100241706_00014_1,799,2880,B0001,C0092,111,140
U+9580,100241706_00014_1,806,3053,B0001,C0093,103,111
U+4EBA,100241706_00014_1,790,3171,B0001,C0094,143,99
U+304A,100241706_00014_1,810,3295,B0001,C0095,108,88
U+3075,100241706_00014_1,803,3385,B0001,C0096,105,97
U+304F,100241706_00014_1,832,3487,B0001,C0097,44,124
U+3042,100241706_00014_1,540,1002,B0001,C0098,107,133
U+308A,100241706_00014_1,567,1138,B0001,C0099,68,161
U+305F,100241706_00014_1,565,1300,B0001,C0100,69,103
U+308B,100241706_00014_1,571,1404,B0001,C0101,56,76
U+5176,100241706_00014_1,560,1508,B0001,C0102,73,161
U+5185,100241706_00014_1,557,1675,B0001,C0103,89,148
U+306B,100241706_00014_1,543,1839,B0001,C0104,107,92
U+3072,100241706_00014_1,551,1974,B0001,C0105,101,101
U+3068,100241706_00014_1,572,2076,B0001,C0106,64,111
U+308A,100241706_00014_1,555,2188,B0001,C0107,79,137
U+3053,100241706_00014_1,561,2328,B0001,C0108,93,125
U+3068,100241706_00014_1,579,2455,B0001,C0109,56,100
U+3032,100241706_00014_1,579,2518,B0001,C0110,97,268
U+304F,100241706_00014_1,580,2823,B0001,C0111,43,132
U+7B1B,100241706_00014_1,564,2971,B0001,C0112,93,168
U+306B,100241706_00014_1,551,3149,B0001,C0113,104,109
U+5999,100241706_00014_1,545,3307,B0001,C0114,123,143
U+3092,100241706_00014_1,572,3453,B0001,C0115,97,149
U+304D,100241706_00014_1,319,995,B0001,C0116,64,132
U+308F,100241706_00014_1,324,1128,B0001,C0117,45,151
U+3081,100241706_00014_1,309,1280,B0001,C0118,85,112
U+305F,100241706_00014_1,316,1426,B0001,C0119,77,91
U+308C,100241706_00014_1,320,1518,B0001,C0120,77,143
U+3069,100241706_00014_1,323,1690,B0001,C0121,81,104
U+3082,100241706_00014_1,332,1795,B0001,C0122,56,104
U+9084,100241706_00014_1,300,1931,B0001,C0123,128,137
U+57CE,100241706_00014_1,300,2107,B0001,C0124,143,124
U+697D,100241706_00014_1,293,2247,B0001,C0125,132,156
U+306F,100241706_00014_1,313,2442,B0001,C0126,87,52
U+4F1D,100241706_00014_1,300,2540,B0001,C0127,127,155
U+53D7,100241706_00014_1,309,2722,B0001,C0128,113,140
U+3082,100241706_00014_1,344,2878,B0001,C0129,59,107
U+306E,100241706_00014_1,319,2986,B0001,C0130,87,93
U+306A,100241706_00014_1,323,3115,B0001,C0131,91,108
U+308A,100241706_00014_1,341,3226,B0001,C0132,53,129
U+3068,100241706_00014_1,345,3370,B0001,C0133,47,108
U+3066,100241706_00014_1,321,3491,B0001,C0134,88,113
U+7FC1,100241706_00014_2,1863,993,B0001,C0001,107,179
U+3086,100241706_00014_2,1881,1171,B0001,C0002,88,101
U+308B,100241706_00014_2,1905,1273,B0001,C0003,35,91
U+3057,100241706_00014_2,1911,1355,B0001,C0004,24,171
U+7D66,100241706_00014_2,1874,1548,B0001,C0005,108,156
U+306F,100241706_00014_2,1889,1707,B0001,C0006,79,87
U+305A,100241706_00014_2,1891,1801,B0001,C0007,87,124
U+3042,100241706_00014_2,1893,1937,B0001,C0008,84,136
U+308B,100241706_00014_2,1911,2075,B0001,C0009,37,85
U+6625,100241706_00014_2,1889,2185,B0001,C0010,64,167
U+306E,100241706_00014_2,1883,2363,B0001,C0011,75,95
U+65E5,100241706_00014_2,1901,2481,B0001,C0012,48,88
U+7B87,100241706_00014_2,1887,2607,B0001,C0013,84,156
U+306E,100241706_00014_2,1895,2783,B0001,C0014,73,83
U+8001,100241706_00014_2,1879,2889,B0001,C0015,105,137
U+7FC1,100241706_00014_2,1873,3031,B0001,C0016,117,163
U+9580,100241706_00014_2,1889,3237,B0001,C0017,96,119
U+4EBA,100241706_00014_2,1877,3371,B0001,C0018,124,100
U+306E,100241706_00014_2,1889,3496,B0001,C0019,83,111
U+5B85,100241706_00014_2,1640,999,B0001,C0020,87,149
U+306B,100241706_00014_2,1643,1180,B0001,C0021,96,92
U+6765,100241706_00014_2,1638,1295,B0001,C0022,95,168
U+308A,100241706_00014_2,1650,1469,B0001,C0023,72,128
U+3042,100241706_00014_2,1646,1617,B0001,C0024,95,139
U+305D,100241706_00014_2,1662,1759,B0001,C0025,71,121
U+3073,100241706_00014_2,1654,1895,B0001,C0026,104,96
U+7D66,100241706_00014_2,1671,2013,B0001,C0027,55,112
U+3075,100241706_00014_2,1639,2128,B0001,C0028,92,109
U+9580,100241706_00014_2,1650,2264,B0001,C0029,103,127
U+4EBA,100241706_00014_2,1634,2412,B0001,C0030,137,108
U+306A,100241706_00014_2,1660,2535,B0001,C0031,93,139
U+308B,100241706_00014_2,1686,2675,B0001,C0032,37,99
U+7537,100241706_00014_2,1662,2800,B0001,C0033,80,153
U+3044,100241706_00014_2,1652,2995,B0001,C0034,95,99
U+308D,100241706_00014_2,1658,3095,B0001,C0035,81,172
U+3031,100241706_00014_2,1676,3249,B0001,C0036,60,245
U+3068,100241706_00014_2,1666,3499,B0001,C0037,75,111
U+3082,100241706_00014_2,1434,988,B0001,C0038,48,132
U+3066,100241706_00014_2,1407,1121,B0001,C0039,73,119
U+306A,100241706_00014_2,1410,1245,B0001,C0040,84,123
U+3057,100241706_00014_2,1444,1380,B0001,C0041,27,172
U+5176,100241706_00014_2,1404,1573,B0001,C0042,95,176
U+3046,100241706_00014_2,1431,1751,B0001,C0043,44,124
U+3078,100241706_00014_2,1395,1891,B0001,C0044,120,47
U+5C71,100241706_00014_2,1407,1965,B0001,C0045,101,115
U+6D77,100241706_00014_2,1410,2119,B0001,C0046,99,152
U+306E,100241706_00014_2,1423,2275,B0001,C0047,67,96
U+3061,100241706_00014_2,1427,2400,B0001,C0048,75,124
U+3093,100241706_00014_2,1412,2525,B0001,C0049,149,91
U+5473,100241706_00014_2,1402,2645,B0001,C0050,101,149
U+3092,100241706_00014_2,1412,2796,B0001,C0051,95,109
U+3064,100241706_00014_2,1420,2935,B0001,C0052,81,119
U+304F,100241706_00014_2,1436,3055,B0001,C0053,43,107
U+3057,100241706_00014_2,1448,3195,B0001,C0054,19,143
U+7D42,100241706_00014_2,1403,3348,B0001,C0055,113,148
U+308A,100241706_00014_2,1423,3497,B0001,C0056,67,113
U+306B,100241706_00014_2,1158,1005,B0001,C0057,103,88
U+8001,100241706_00014_2,1166,1121,B0001,C0058,103,144
U+4EBA,100241706_00014_2,1151,1283,B0001,C0059,128,109
U+306E,100241706_00014_2,1176,1411,B0001,C0060,80,115
U+4E8B,100241706_00014_2,1183,1529,B0001,C0061,69,169
U+306A,100241706_00014_2,1182,1719,B0001,C0062,75,107
U+308C,100241706_00014_2,1178,1828,B0001,C0063,64,144
U+3070,100241706_00014_2,1168,1973,B0001,C0064,91,89
U+8C46,100241706_00014_2,1171,2103,B0001,C0065,87,120
U+8150,100241706_00014_2,1148,2247,B0001,C0066,111,157
U+3092,100241706_00014_2,1174,2427,B0001,C0067,88,103
U+4E8C,100241706_00014_2,1163,2565,B0001,C0068,109,65
U+5BF8,100241706_00014_2,1155,2651,B0001,C0069,108,121
U+307B,100241706_00014_2,1176,2803,B0001,C0070,96,121
U+3069,100241706_00014_2,1190,2927,B0001,C0071,68,96
U+3065,100241706_00014_2,1180,3048,B0001,C0072,109,88
U+309D,100241706_00014_2,1218,3141,B0001,C0073,23,39
U+306B,100241706_00014_2,1170,3227,B0001,C0074,96,88
U+5207,100241706_00014_2,1150,3349,B0001,C0075,125,91
U+4E32,100241706_00014_2,1182,3459,B0001,C0076,77,159
U+306B,100241706_00014_2,930,984,B0001,C0077,99,109
U+3055,100241706_00014_2,938,1121,B0001,C0078,64,111
U+3057,100241706_00014_2,967,1263,B0001,C0079,23,165
U+713C,100241706_00014_2,916,1452,B0001,C0080,127,161
U+3066,100241706_00014_2,927,1632,B0001,C0081,92,99
U+6728,100241706_00014_2,926,1749,B0001,C0082,101,123
U+306E,100241706_00014_2,938,1903,B0001,C0083,77,92
U+3081,100241706_00014_2,934,2011,B0001,C0084,84,112
U+5473,100241706_00014_2,922,2156,B0001,C0085,105,131
U+564C,100241706_00014_2,926,2319,B0001,C0086,104,149
U+3092,100241706_00014_2,932,2483,B0001,C0087,96,123
U+3064,100241706_00014_2,932,2644,B0001,C0088,95,83
U+3051,100241706_00014_2,938,2728,B0001,C0089,85,119
U+51FA,100241706_00014_2,934,2880,B0001,C0090,101,79
U+3057,100241706_00014_2,964,2971,B0001,C0091,31,181
U+8001,100241706_00014_2,931,3171,B0001,C0092,99,157
U+306B,100241706_00014_2,950,3329,B0001,C0093,63,109
U+9152,100241706_00014_2,931,3481,B0001,C0094,105,119
U+98DF,100241706_00014_2,672,993,B0001,C0095,131,172
U+3092,100241706_00014_2,692,1168,B0001,C0096,91,120
U+3059,100241706_00014_2,706,1319,B0001,C0097,68,149
U+309D,100241706_00014_2,726,1465,B0001,C0098,24,49
U+3081,100241706_00014_2,694,1519,B0001,C0099,84,107
U+3051,100241706_00014_2,698,1651,B0001,C0100,89,137
U+308A,100241706_00014_2,706,1787,B0001,C0101,69,127
U+7FC1,100241706_00014_2,680,1948,B0001,C0102,113,183
U+5E2B,100241706_00014_2,686,2136,B0001,C0103,109,152
U+3046,100241706_00014_2,724,2312,B0001,C0104,47,108
U+307E,100241706_00014_2,716,2421,B0001,C0105,52,115
U+3057,100241706_00014_2,732,2537,B0001,C0106,29,148
U+3031,100241706_00014_2,715,2649,B0001,C0107,72,249
U+3068,100241706_00014_2,715,2895,B0001,C0108,61,111
U+624B,100241706_00014_2,712,3023,B0001,C0109,60,143
U+3092,100241706_00014_2,690,3165,B0001,C0110,107,80
U+3046,100241706_00014_2,728,3257,B0001,C0111,35,107
U+3061,100241706_00014_2,712,3365,B0001,C0112,69,116
U+3066,100241706_00014_2,692,3483,B0001,C0113,96,115
U+60A6,100241706_00014_2,428,995,B0001,C0114,128,152
U+3073,100241706_00014_2,445,1157,B0001,C0115,113,107
U+306E,100241706_00014_2,455,1285,B0001,C0116,84,91
U+3042,100241706_00014_2,441,1407,B0001,C0117,101,121
U+307E,100241706_00014_2,457,1529,B0001,C0118,56,128
U+308A,100241706_00014_2,456,1659,B0001,C0119,69,136
U+9084,100241706_00014_2,429,1809,B0001,C0120,127,140
U+57CE,100241706_00014_2,423,1987,B0001,C0121,151,127
U+697D,100241706_00014_2,435,2140,B0001,C0122,124,149
U+306E,100241706_00014_2,459,2325,B0001,C0123,77,77
U+7B1B,100241706_00014_2,461,2444,B0001,C0124,83,173
U+306E,100241706_00014_2,461,2621,B0001,C0125,81,97
U+4F1D,100241706_00014_2,447,2763,B0001,C0126,124,160
U+3092,100241706_00014_2,467,2924,B0001,C0127,88,125
U+3053,100241706_00014_2,473,3067,B0001,C0128,80,124
U+306E,100241706_00014_2,467,3192,B0001,C0129,80,85
U+9580,100241706_00014_2,453,3288,B0001,C0130,101,104
U+4EBA,100241706_00014_2,445,3401,B0001,C0131,123,107
U+306B,100241706_00014_2,456,3509,B0001,C0132,100,101
U+514D,100241706_00014_2,197,980,B0001,C0133,105,141
U+3057,100241706_00014_2,233,1133,B0001,C0134,23,132
U+7D66,100241706_00014_2,215,1293,B0001,C0135,57,79
U+3075,100241706_00014_2,185,1373,B0001,C0136,105,111
U+662F,100241706_00014_2,204,1487,B0001,C0137,91,155
U+3088,100241706_00014_2,219,1657,B0001,C0138,56,81
U+308A,100241706_00014_2,220,1741,B0001,C0139,59,133
U+3057,100241706_00014_2,237,1884,B0001,C0140,24,152
U+3066,100241706_00014_2,207,2043,B0001,C0141,88,117
U+3068,100241706_00014_2,213,2185,B0001,C0142,72,96
U+3075,100241706_00014_2,189,2283,B0001,C0143,105,127
U+3075,100241706_00014_2,188,2439,B0001,C0144,112,129
U+713C,100241706_00014_2,188,2589,B0001,C0145,124,149
U+3066,100241706_00014_2,209,2753,B0001,C0146,85,107
U+5473,100241706_00014_2,196,2884,B0001,C0147,112,136
U+564C,100241706_00014_2,199,3041,B0001,C0148,103,133
U+3092,100241706_00014_2,204,3188,B0001,C0149,105,129
U+3064,100241706_00014_2,207,3360,B0001,C0150,95,91
U+3051,100241706_00014_2,211,3455,B0001,C0151,80,159
U+3057,100241706_00015_1,2059,969,B0001,C0001,25,167
U+3092,100241706_00015_1,2031,1144,B0001,C0002,101,141
U+4EE3,100241706_00015_1,2015,1288,B0001,C0003,124,156
U+306B,100241706_00015_1,2035,1456,B0001,C0004,57,104
U+4F1D,100241706_00015_1,2017,1589,B0001,C0005,115,156
U+697D,100241706_00015_1,2009,1769,B0001,C0006,120,177
U+3068,100241706_00015_1,2047,1979,B0001,C0007,68,104
U+3088,100241706_00015_1,2048,2104,B0001,C0008,56,128
U+3073,100241706_00015_1,2032,2232,B0001,C0009,101,96
U+7FD2,100241706_00015_1,2019,2363,B0001,C0010,100,157
U+3072,100241706_00015_1,2033,2529,B0001,C0011,91,101
U+3051,100241706_00015_1,2045,2657,B0001,C0012,88,137
U+308A,100241706_00015_1,2040,2776,B0001,C0013,75,140
U+4E88,100241706_00015_1,2067,2924,B0001,C0014,65,136
U+304C,100241706_00015_1,2036,3093,B0001,C0015,96,77
U+79BF,100241706_00015_1,2040,3177,B0001,C0016,111,159
U+9AEA,100241706_00015_1,2035,3347,B0001,C0017,105,133
U+306E,100241706_00015_1,2048,3504,B0001,C0018,88,80
U+3053,100241706_00015_1,1795,977,B0001,C0019,79,129
U+308D,100241706_00015_1,1787,1108,B0001,C0020,89,193
U+307E,100241706_00015_1,1807,1315,B0001,C0021,48,109
U+3067,100241706_00015_1,1784,1447,B0001,C0022,87,103
U+4F1D,100241706_00015_1,1768,1588,B0001,C0023,119,159
U+697D,100241706_00015_1,1771,1747,B0001,C0024,120,175
U+3068,100241706_00015_1,1815,1959,B0001,C0025,55,115
U+6240,100241706_00015_1,1769,2117,B0001,C0026,132,148
U+3005,100241706_00015_1,1824,2267,B0001,C0027,29,85
U+3042,100241706_00015_1,1783,2509,B0001,C0028,95,132
U+3093,100241706_00015_1,1779,2635,B0001,C0029,151,80
U+3069,100241706_00015_1,1808,2731,B0001,C0030,93,103
U+3046,100241706_00015_1,1796,2835,B0001,C0031,65,124
U+306B,100241706_00015_1,1789,2983,B0001,C0032,100,96
U+3082,100241706_00015_1,1815,3080,B0001,C0033,89,136
U+3057,100241706_00015_1,1795,3247,B0001,C0034,93,132
U+305F,100241706_00015_1,1800,3383,B0001,C0035,75,88
U+309D,100241706_00015_1,1840,3475,B0001,C0036,20,29
U+3081,100241706_00015_1,1807,3512,B0001,C0037,81,88
U+3042,100241706_00015_1,1551,993,B0001,C0038,96,111
U+308A,100241706_00015_1,1559,1105,B0001,C0039,72,163
U+3057,100241706_00015_1,1592,1269,B0001,C0040,31,169
U+304C,100241706_00015_1,1579,1463,B0001,C0041,65,73
U+3044,100241706_00015_1,1548,1580,B0001,C0042,92,92
U+3064,100241706_00015_1,1548,1681,B0001,C0043,109,137
U+3057,100241706_00015_1,1575,1832,B0001,C0044,43,141
U+304B,100241706_00015_1,1576,2004,B0001,C0045,51,79
U+7530,100241706_00015_1,1559,2108,B0001,C0046,97,116
U+697D,100241706_00015_1,1541,2229,B0001,C0047,117,161
U+3068,100241706_00015_1,1577,2429,B0001,C0048,72,115
U+66F8,100241706_00015_1,1560,2576,B0001,C0049,95,121
U+76F4,100241706_00015_1,1561,2723,B0001,C0050,107,132
U+3057,100241706_00015_1,1588,2860,B0001,C0051,39,129
U+3051,100241706_00015_1,1575,2991,B0001,C0052,81,124
U+308A,100241706_00015_1,1588,3116,B0001,C0053,60,117
U+6B64,100241706_00015_1,1564,3231,B0001,C0054,113,107
U+3086,100241706_00015_1,1577,3341,B0001,C0055,81,101
U+3078,100241706_00015_1,1555,3441,B0001,C0056,117,57
U+306B,100241706_00015_1,1567,3509,B0001,C0057,105,99
U+3067,100241706_00015_1,1300,984,B0001,C0058,96,107
U+3093,100241706_00015_1,1307,1112,B0001,C0059,129,115
U+304C,100241706_00015_1,1288,1240,B0001,C0060,141,97
U+304F,100241706_00015_1,1327,1337,B0001,C0061,48,147
U+306A,100241706_00015_1,1319,1516,B0001,C0062,93,116
U+308B,100241706_00015_1,1333,1627,B0001,C0063,45,80
U+3079,100241706_00015_1,1281,1708,B0001,C0064,131,71
U+3057,100241706_00015_1,1343,1795,B0001,C0065,24,272
U+4E00,100241706_00015_1,1041,1004,B0001,C0066,123,23
U+7BC0,100241706_00015_1,1051,1123,B0001,C0067,112,192
U+306B,100241706_00015_1,1072,1316,B0001,C0068,53,123
U+7530,100241706_00015_1,1063,1471,B0001,C0069,93,115
U+697D,100241706_00015_1,1045,1588,B0001,C0070,119,187
U+6CD5,100241706_00015_1,1060,1788,B0001,C0071,97,137
U+5E2B,100241706_00015_1,1053,1929,B0001,C0072,116,161
U+3068,100241706_00015_1,1093,2100,B0001,C0073,35,109
U+3044,100241706_00015_1,1072,2223,B0001,C0074,75,96
U+3075,100241706_00015_1,1057,2316,B0001,C0075,96,107
U+733F,100241706_00015_1,1053,2435,B0001,C0076,109,164
U+697D,100241706_00015_1,1048,2600,B0001,C0077,112,195
U+3042,100241706_00015_1,1068,2796,B0001,C0078,87,145
U+308A,100241706_00015_1,1076,2943,B0001,C0079,68,139
U+6B64,100241706_00015_1,1064,3111,B0001,C0080,112,111
U+3059,100241706_00015_1,1068,3223,B0001,C0081,93,187
U+304C,100241706_00015_1,1099,3411,B0001,C0082,76,100
U+305F,100241706_00015_1,1081,3512,B0001,C0083,63,81
U+306B,100241706_00015_1,809,995,B0001,C0084,100,99
U+4F3C,100241706_00015_1,797,1125,B0001,C0085,133,87
U+305F,100241706_00015_1,843,1215,B0001,C0086,69,109
U+308B,100241706_00015_1,856,1325,B0001,C0087,41,89
U+3068,100241706_00015_1,848,1415,B0001,C0088,57,108
U+3044,100241706_00015_1,833,1549,B0001,C0089,81,71
U+3075,100241706_00015_1,820,1621,B0001,C0090,100,111
U+305B,100241706_00015_1,829,1757,B0001,C0091,89,125
U+3064,100241706_00015_1,829,1891,B0001,C0092,96,104
U+3042,100241706_00015_1,837,2011,B0001,C0093,84,101
U+308C,100241706_00015_1,817,2116,B0001,C0094,147,113
U+3068,100241706_00015_1,848,2251,B0001,C0095,71,85
U+3082,100241706_00015_1,849,2356,B0001,C0096,61,101
U+975E,100241706_00015_1,816,2479,B0001,C0097,123,139
U+306A,100241706_00015_1,843,2619,B0001,C0098,89,132
U+308B,100241706_00015_1,853,2755,B0001,C0099,47,95
U+304B,100241706_00015_1,849,2881,B0001,C0100,56,61
U+25B2,100241706_00015_1,568,941,B0001,C0101,108,48
U+6E6F,100241706_00015_1,561,1051,B0001,C0102,135,168
U+5A46,100241706_00015_1,556,1252,B0001,C0103,149,148
U+51FA,100241706_00015_1,319,993,B0001,C0104,113,124
U+7FBD,100241706_00015_1,311,1140,B0001,C0105,145,119
U+306E,100241706_00015_1,336,1280,B0001,C0106,89,85
U+56FD,100241706_00015_1,332,1388,B0001,C0107,100,140
U+7530,100241706_00015_1,335,1551,B0001,C0108,100,103
U+6CB3,100241706_00015_1,327,1688,B0001,C0109,120,111
U+90E1,100241706_00015_1,320,1824,B0001,C0110,127,153
U+6E6F,100241706_00015_1,328,2009,B0001,C0111,116,155
U+6BBF,100241706_00015_1,315,2193,B0001,C0112,137,119
U+5C71,100241706_00015_1,344,2335,B0001,C0113,100,124
U+306F,100241706_00015_1,360,2460,B0001,C0114,55,123
U+65E5,100241706_00015_1,351,2619,B0001,C0115,65,91
U+672C,100241706_00015_1,336,2729,B0001,C0116,93,181
U+306E,100241706_00015_1,347,2937,B0001,C0117,81,80
U+970A,100241706_00015_1,339,3028,B0001,C0118,96,173
U+5C71,100241706_00015_1,345,3205,B0001,C0119,95,111
U+306A,100241706_00015_1,343,3353,B0001,C0120,87,108
U+308A,100241706_00015_1,365,3463,B0001,C0121,52,141
U+53C2,100241706_00015_2,1867,961,B0001,C0001,83,163
U+8A63,100241706_00015_2,1846,1145,B0001,C0002,120,151
U+306E,100241706_00015_2,1874,1304,B0001,C0003,73,73
U+4EBA,100241706_00015_2,1859,1399,B0001,C0004,117,103
U+304A,100241706_00015_2,1863,1524,B0001,C0005,93,93
U+3075,100241706_00015_2,1853,1619,B0001,C0006,97,101
U+304F,100241706_00015_2,1883,1725,B0001,C0007,47,139
U+5C24,100241706_00015_2,1875,1885,B0001,C0008,99,140
U+767B,100241706_00015_2,1862,2060,B0001,C0009,123,148
U+5C71,100241706_00015_2,1870,2219,B0001,C0010,107,136
U+306F,100241706_00015_2,1875,2356,B0001,C0011,84,83
U+7CBE,100241706_00015_2,1854,2461,B0001,C0012,132,156
U+9032,100241706_00015_2,1861,2628,B0001,C0013,136,147
U+3051,100241706_00015_2,1885,2812,B0001,C0014,91,117
U+3064,100241706_00015_2,1870,2933,B0001,C0015,99,145
U+3055,100241706_00015_2,1889,3089,B0001,C0016,65,117
U+3044,100241706_00015_2,1878,3215,B0001,C0017,116,91
U+306B,100241706_00015_2,1874,3343,B0001,C0018,103,89
U+3066,100241706_00015_2,1899,3439,B0001,C0019,52,155
U+56DB,100241706_00015_2,1618,969,B0001,C0020,117,76
U+5B63,100241706_00015_2,1608,1061,B0001,C0021,132,171
U+3068,100241706_00015_2,1644,1259,B0001,C0022,84,91
U+3082,100241706_00015_2,1658,1375,B0001,C0023,56,129
U+306B,100241706_00015_2,1630,1508,B0001,C0024,100,109
U+3068,100241706_00015_2,1650,1647,B0001,C0025,75,109
U+3046,100241706_00015_2,1663,1757,B0001,C0026,56,125
U+3079,100241706_00015_2,1632,1903,B0001,C0027,121,149
U+308B,100241706_00015_2,1674,2072,B0001,C0028,41,68
U+7269,100241706_00015_2,1628,2181,B0001,C0029,120,111
U+306A,100241706_00015_2,1652,2295,B0001,C0030,85,109
U+3057,100241706_00015_2,1678,2428,B0001,C0031,31,263
U+5C71,100241706_00015_2,1642,2715,B0001,C0032,115,125
U+4E2D,100241706_00015_2,1643,2844,B0001,C0033,101,161
U+306A,100241706_00015_2,1658,3024,B0001,C0034,72,141
U+308C,100241706_00015_2,1658,3175,B0001,C0035,73,141
U+3070,100241706_00015_2,1652,3317,B0001,C0036,97,76
U+9E93,100241706_00015_2,1640,3409,B0001,C0037,112,176
U+6CCA,100241706_00015_2,1387,979,B0001,C0038,104,139
U+308A,100241706_00015_2,1411,1121,B0001,C0039,64,145
U+3084,100241706_00015_2,1387,1269,B0001,C0040,92,153
U+306B,100241706_00015_2,1383,1436,B0001,C0041,104,97
U+3066,100241706_00015_2,1388,1535,B0001,C0042,85,100
U+3082,100241706_00015_2,1408,1652,B0001,C0043,63,111
U+6599,100241706_00015_2,1384,1785,B0001,C0044,127,185
U+7406,100241706_00015_2,1396,2001,B0001,C0045,104,131
U+8278,100241706_00015_2,1388,2149,B0001,C0046,111,151
U+306B,100241706_00015_2,1422,2303,B0001,C0047,53,125
U+306F,100241706_00015_2,1402,2429,B0001,C0048,85,93
U+3053,100241706_00015_2,1406,2532,B0001,C0049,81,123
U+307E,100241706_00015_2,1419,2659,B0001,C0050,52,116
U+308A,100241706_00015_2,1416,2776,B0001,C0051,57,117
U+3051,100241706_00015_2,1408,2912,B0001,C0052,95,133
U+308B,100241706_00015_2,1430,3047,B0001,C0053,39,88
U+5176,100241706_00015_2,1418,3160,B0001,C0054,61,132
U+4E2D,100241706_00015_2,1398,3293,B0001,C0055,92,165
U+306B,100241706_00015_2,1394,3500,B0001,C0056,111,89
U+91D1,100241706_00015_2,1140,963,B0001,C0057,135,165
U+7CF8,100241706_00015_2,1151,1148,B0001,C0058,97,164
U+5C4B,100241706_00015_2,1155,1339,B0001,C0059,111,141
U+3068,100241706_00015_2,1175,1493,B0001,C0060,69,116
U+3044,100241706_00015_2,1162,1643,B0001,C0061,89,79
U+3075,100241706_00015_2,1147,1723,B0001,C0062,99,117
U+65C5,100241706_00015_2,1135,1877,B0001,C0063,129,148
U+4EBA,100241706_00015_2,1132,2049,B0001,C0064,149,119
U+5C4B,100241706_00015_2,1155,2191,B0001,C0065,127,129
U+8001,100241706_00015_2,1170,2355,B0001,C0066,113,137
U+5973,100241706_00015_2,1138,2511,B0001,C0067,148,99
U+8C46,100241706_00015_2,1167,2645,B0001,C0068,87,145
U+3092,100241706_00015_2,1152,2793,B0001,C0069,117,128
U+5F15,100241706_00015_2,1156,2939,B0001,C0070,97,125
U+88FD,100241706_00015_2,1148,3097,B0001,C0071,120,185
U+3057,100241706_00015_2,1204,3312,B0001,C0072,25,160
U+3066,100241706_00015_2,1166,3479,B0001,C0073,101,109
U+3055,100241706_00015_2,918,967,B0001,C0074,79,109
U+307E,100241706_00015_2,922,1084,B0001,C0075,68,140
U+3032,100241706_00015_2,935,1180,B0001,C0076,91,264
U+306B,100241706_00015_2,903,1469,B0001,C0077,108,105
U+5DE5,100241706_00015_2,907,1613,B0001,C0078,115,105
U+307F,100241706_00015_2,942,1731,B0001,C0079,48,123
U+6CB9,100241706_00015_2,907,1891,B0001,C0080,116,125
U+306B,100241706_00015_2,930,2028,B0001,C0081,71,125
U+3066,100241706_00015_2,923,2172,B0001,C0082,91,87
U+3082,100241706_00015_2,943,2271,B0001,C0083,64,105
U+63DA,100241706_00015_2,890,2405,B0001,C0084,145,147
U+306A,100241706_00015_2,928,2553,B0001,C0085,81,163
U+3069,100241706_00015_2,936,2715,B0001,C0086,77,101
U+3057,100241706_00015_2,963,2845,B0001,C0087,24,137
U+3066,100241706_00015_2,927,2993,B0001,C0088,89,123
U+5411,100241706_00015_2,922,3148,B0001,C0089,115,149
U+3065,100241706_00015_2,931,3313,B0001,C0090,121,124
U+3051,100241706_00015_2,936,3439,B0001,C0091,80,148
U+3072,100241706_00015_2,658,967,B0001,C0092,128,173
U+3089,100241706_00015_2,682,1149,B0001,C0093,61,148
U+306A,100241706_00015_2,683,1288,B0001,C0094,81,132
U+3069,100241706_00015_2,704,1419,B0001,C0095,77,111
U+306B,100241706_00015_2,692,1531,B0001,C0096,63,136
U+7528,100241706_00015_2,667,1696,B0001,C0097,89,155
U+3072,100241706_00015_2,675,1852,B0001,C0098,100,108
U+98DF,100241706_00015_2,658,1984,B0001,C0099,137,144
U+3055,100241706_00015_2,695,2160,B0001,C0100,65,116
U+305B,100241706_00015_2,671,2280,B0001,C0101,105,112
U+3051,100241706_00015_2,692,2427,B0001,C0102,97,151
U+308B,100241706_00015_2,695,2577,B0001,C0103,79,115
U+305D,100241706_00015_2,698,2725,B0001,C0104,85,120
U+306E,100241706_00015_2,695,2851,B0001,C0105,79,103
U+5473,100241706_00015_2,674,2969,B0001,C0106,116,135
U+4E0A,100241706_00015_2,694,3157,B0001,C0107,79,129
U+3072,100241706_00015_2,691,3300,B0001,C0108,97,123
U+3093,100241706_00015_2,674,3456,B0001,C0109,148,131
U+306B,100241706_00015_2,415,977,B0001,C0110,120,128
U+3066,100241706_00015_2,436,1105,B0001,C0111,63,152
U+3088,100241706_00015_2,459,1287,B0001,C0112,56,115
U+308D,100241706_00015_2,431,1403,B0001,C0113,95,107
U+3057,100241706_00015_2,467,1513,B0001,C0114,36,184
U+304F,100241706_00015_2,461,1707,B0001,C0115,49,155
U+5FC3,100241706_00015_2,428,1876,B0001,C0116,127,101
U+3042,100241706_00015_2,445,1981,B0001,C0117,97,141
U+308B,100241706_00015_2,480,2129,B0001,C0118,39,97
U+3082,100241706_00015_2,468,2251,B0001,C0119,60,116
U+306E,100241706_00015_2,445,2367,B0001,C0120,89,108
U+306F,100241706_00015_2,445,2476,B0001,C0121,84,69
U+5176,100241706_00015_2,445,2553,B0001,C0122,103,139
U+88FD,100241706_00015_2,439,2711,B0001,C0123,112,159
U+3057,100241706_00015_2,491,2888,B0001,C0124,21,161
U+304B,100241706_00015_2,437,3076,B0001,C0125,108,96
U+305F,100241706_00015_2,464,3172,B0001,C0126,65,105
U+304D,100241706_00015_2,455,3305,B0001,C0127,81,135
U+309D,100241706_00015_2,497,3437,B0001,C0128,23,37
U+3066,100241706_00015_2,455,3492,B0001,C0129,96,93
U+6240,100241706_00015_2,183,980,B0001,C0130,104,136
U+3005,100241706_00015_2,215,1123,B0001,C0131,31,87
U+306B,100241706_00015_2,203,1221,B0001,C0132,49,125
U+3066,100241706_00015_2,184,1348,B0001,C0133,96,116
U+3042,100241706_00015_2,185,1496,B0001,C0134,107,144
U+308B,100241706_00015_2,219,1641,B0001,C0135,41,120
U+3072,100241706_00015_2,193,1763,B0001,C0136,103,120
U+306F,100241706_00015_2,193,1884,B0001,C0137,91,77
U+89D2,100241706_00015_2,197,1971,B0001,C0138,88,181
U+306B,100241706_00015_2,203,2155,B0001,C0139,61,113
U+3064,100241706_00015_2,188,2307,B0001,C0140,97,93
U+309D,100241706_00015_2,239,2403,B0001,C0141,31,43
U+307F,100241706_00015_2,223,2465,B0001,C0142,43,103
U+53C8,100241706_00015_2,177,2599,B0001,C0143,136,100
U+888B,100241706_00015_2,180,2709,B0001,C0144,128,171
U+306E,100241706_00015_2,203,2881,B0001,C0145,92,85
U+3055,100241706_00015_2,209,2992,B0001,C0146,71,112
U+307E,100241706_00015_2,216,3105,B0001,C0147,61,129
U+306B,100241706_00015_2,188,3236,B0001,C0148,116,111
U+3057,100241706_00015_2,239,3357,B0001,C0149,20,131
U+3066,100241706_00015_2,201,3491,B0001,C0150,96,95
U+90FD,100241706_00016_1,1984,971,B0001,C0001,136,175
U+65B9,100241706_00016_1,2004,1149,B0001,C0002,97,159
U+306B,100241706_00016_1,2006,1337,B0001,C0003,96,100
U+3066,100241706_00016_1,2010,1439,B0001,C0004,79,120
U+3082,100241706_00016_1,2018,1563,B0001,C0005,71,97
U+7CBE,100241706_00016_1,1998,1673,B0001,C0006,117,175
U+9032,100241706_00016_1,1988,1853,B0001,C0007,119,145
U+306E,100241706_00016_1,2016,2000,B0001,C0008,71,101
U+308A,100241706_00016_1,2014,2124,B0001,C0009,81,148
U+3084,100241706_00016_1,2003,2273,B0001,C0010,100,95
U+3046,100241706_00016_1,2030,2369,B0001,C0011,48,116
U+308A,100241706_00016_1,2035,2485,B0001,C0012,49,141
U+306B,100241706_00016_1,1996,2625,B0001,C0013,101,103
U+3082,100241706_00016_1,2020,2740,B0001,C0014,60,103
U+7528,100241706_00016_1,2004,2866,B0001,C0015,76,144
U+3072,100241706_00016_1,2000,3010,B0001,C0016,95,124
U+305F,100241706_00016_1,2016,3137,B0001,C0017,67,89
U+308B,100241706_00016_1,2034,3228,B0001,C0018,37,85
U+5143,100241706_00016_1,2002,3353,B0001,C0019,117,119
U+3088,100241706_00016_1,2016,3492,B0001,C0020,69,101
U+308A,100241706_00016_1,1778,984,B0001,C0021,72,145
U+4F55,100241706_00016_1,1756,1131,B0001,C0022,101,131
U+3068,100241706_00016_1,1783,1263,B0001,C0023,75,119
U+540D,100241706_00016_1,1755,1405,B0001,C0024,105,151
U+3082,100241706_00016_1,1784,1555,B0001,C0025,55,121
U+306A,100241706_00016_1,1767,1709,B0001,C0026,89,123
U+304D,100241706_00016_1,1764,1835,B0001,C0027,93,119
U+3082,100241706_00016_1,1782,1949,B0001,C0028,57,128
U+306E,100241706_00016_1,1768,2080,B0001,C0029,80,85
U+3086,100241706_00016_1,1763,2180,B0001,C0030,93,99
U+3078,100241706_00016_1,1750,2281,B0001,C0031,117,77
U+6E6F,100241706_00016_1,1759,2373,B0001,C0032,109,160
U+6BBF,100241706_00016_1,1742,2554,B0001,C0033,144,133
U+5C71,100241706_00016_1,1755,2700,B0001,C0034,112,120
U+4E0B,100241706_00016_1,1778,2821,B0001,C0035,68,145
U+306E,100241706_00016_1,1766,2982,B0001,C0036,85,87
U+5A46,100241706_00016_1,1751,3077,B0001,C0037,117,163
U+3005,100241706_00016_1,1800,3240,B0001,C0038,24,73
U+304C,100241706_00016_1,1776,3357,B0001,C0039,73,64
U+88FD,100241706_00016_1,1739,3445,B0001,C0040,133,161
U+3057,100241706_00016_1,1563,987,B0001,C0041,24,148
U+306F,100241706_00016_1,1531,1149,B0001,C0042,83,97
U+3058,100241706_00016_1,1576,1248,B0001,C0043,43,103
U+3081,100241706_00016_1,1531,1355,B0001,C0044,91,127
U+3051,100241706_00016_1,1532,1481,B0001,C0045,96,109
U+308C,100241706_00016_1,1535,1592,B0001,C0046,79,144
U+3070,100241706_00016_1,1530,1737,B0001,C0047,103,87
U+81EA,100241706_00016_1,1543,1825,B0001,C0048,69,161
U+7136,100241706_00016_1,1515,2008,B0001,C0049,119,140
U+3068,100241706_00016_1,1543,2150,B0001,C0050,76,109
U+6E6F,100241706_00016_1,1284,985,B0001,C0051,112,163
U+5A46,100241706_00016_1,1287,1149,B0001,C0052,103,149
U+3068,100241706_00016_1,1310,1309,B0001,C0053,60,108
U+8B02,100241706_00016_1,1274,1460,B0001,C0054,116,149
U+306A,100241706_00016_1,1292,1633,B0001,C0055,91,132
U+308B,100241706_00016_1,1315,1767,B0001,C0056,41,88
U+3079,100241706_00016_1,1274,1859,B0001,C0057,121,83
U+3057,100241706_00016_1,1320,1942,B0001,C0058,27,328
U+25B2,100241706_00016_1,1040,939,B0001,C0059,107,52
U+3075,100241706_00016_1,1024,1009,B0001,C0060,115,135
U+308D,100241706_00016_1,1035,1145,B0001,C0061,104,163
U+3075,100241706_00016_1,1019,1309,B0001,C0062,119,112
U+304D,100241706_00016_1,1043,1425,B0001,C0063,77,133
U+5927,100241706_00016_1,1023,1580,B0001,C0064,151,121
U+6839,100241706_00016_1,1004,1711,B0001,C0065,161,139
U+6F06,100241706_00016_1,795,981,B0001,C0066,148,155
U+7D30,100241706_00016_1,788,1140,B0001,C0067,137,135
U+5DE5,100241706_00016_1,816,1284,B0001,C0068,92,95
U+3092,100241706_00016_1,803,1380,B0001,C0069,113,143
U+306A,100241706_00016_1,816,1537,B0001,C0070,76,140
U+3059,100241706_00016_1,796,1677,B0001,C0071,97,161
U+3082,100241706_00016_1,833,1843,B0001,C0072,45,117
U+306E,100241706_00016_1,812,1960,B0001,C0073,79,105
U+3092,100241706_00016_1,813,2069,B0001,C0074,76,117
U+5857,100241706_00016_1,795,2218,B0001,C0075,125,164
U+5E2B,100241706_00016_1,792,2385,B0001,C0076,119,153
U+8077,100241706_00016_1,773,2525,B0001,C0077,148,167
U+3068,100241706_00016_1,820,2696,B0001,C0078,73,113
U+3044,100241706_00016_1,803,2838,B0001,C0079,92,83
U+3075,100241706_00016_1,784,2922,B0001,C0080,112,93
U+3053,100241706_00016_1,805,3046,B0001,C0081,80,141
U+309D,100241706_00016_1,835,3193,B0001,C0082,27,44
U+306B,100241706_00016_1,809,3276,B0001,C0083,59,151
U+51AC,100241706_00016_1,787,3462,B0001,C0084,119,125
U+5BD2,100241706_00016_1,533,987,B0001,C0085,143,149
U+6C17,100241706_00016_1,571,1137,B0001,C0086,111,156
U+3064,100241706_00016_1,565,1320,B0001,C0087,104,132
U+3088,100241706_00016_1,587,1453,B0001,C0088,48,97
U+304D,100241706_00016_1,572,1552,B0001,C0089,63,136
U+7BC0,100241706_00016_1,549,1708,B0001,C0090,108,168
U+306F,100241706_00016_1,580,1883,B0001,C0091,64,149
U+3046,100241706_00016_1,579,2037,B0001,C0092,52,111
U+308B,100241706_00016_1,581,2146,B0001,C0093,45,103
U+3057,100241706_00016_1,589,2244,B0001,C0094,21,140
U+306C,100241706_00016_1,547,2397,B0001,C0095,105,96
U+308A,100241706_00016_1,577,2505,B0001,C0096,59,97
U+306E,100241706_00016_1,561,2616,B0001,C0097,81,84
U+7269,100241706_00016_1,537,2713,B0001,C0098,115,116
U+4F55,100241706_00016_1,541,2857,B0001,C0099,111,127
U+54C1,100241706_00016_1,543,3000,B0001,C0100,113,112
U+306B,100241706_00016_1,543,3149,B0001,C0101,97,97
U+3066,100241706_00016_1,552,3246,B0001,C0102,71,123
U+3082,100241706_00016_1,556,3384,B0001,C0103,71,104
U+4E00,100241706_00016_1,545,3553,B0001,C0104,105,24
U+5411,100241706_00016_1,315,985,B0001,C0105,101,132
U+306B,100241706_00016_1,336,1121,B0001,C0106,56,104
U+304B,100241706_00016_1,304,1256,B0001,C0107,117,91
U+308F,100241706_00016_1,335,1348,B0001,C0108,53,139
U+304D,100241706_00016_1,323,1495,B0001,C0109,65,124
U+3072,100241706_00016_1,312,1647,B0001,C0110,108,93
U+308B,100241706_00016_1,347,1747,B0001,C0111,39,108
U+306A,100241706_00016_1,299,2041,B0001,C0112,111,113
U+3057,100241706_00016_1,355,2156,B0001,C0113,32,204
U+3053,100241706_00016_1,328,2381,B0001,C0114,79,80
U+308C,100241706_00016_1,321,2462,B0001,C0115,85,152
U+306B,100241706_00016_1,308,2625,B0001,C0116,97,108
U+3088,100241706_00016_1,337,2738,B0001,C0117,44,108
U+3063,100241706_00016_1,309,2852,B0001,C0118,87,105
U+3066,100241706_00016_1,307,2961,B0001,C0119,77,96
U+5F7C,100241706_00016_1,299,3085,B0001,C0120,140,133
U+3080,100241706_00016_1,308,3236,B0001,C0121,116,131
U+308D,100241706_00016_1,309,3368,B0001,C0122,91,127
U+5171,100241706_00016_1,311,3488,B0001,C0123,91,115
U+3075,100241706_00016_2,1876,1012,B0001,C0001,112,151
U+308D,100241706_00016_2,1891,1164,B0001,C0002,81,115
U+3068,100241706_00016_2,1893,1296,B0001,C0003,77,95
U+3082,100241706_00016_2,1891,1406,B0001,C0004,63,115
U+3044,100241706_00016_2,1889,1546,B0001,C0005,84,69
U+3075,100241706_00016_2,1871,1616,B0001,C0006,104,109
U+6238,100241706_00016_2,1856,1752,B0001,C0007,104,135
U+68DA,100241706_00016_2,1856,1879,B0001,C0008,119,133
U+306E,100241706_00016_2,1887,2044,B0001,C0009,81,79
U+3055,100241706_00016_2,1891,2156,B0001,C0010,67,92
U+307E,100241706_00016_2,1879,2250,B0001,C0011,88,129
U+306B,100241706_00016_2,1876,2380,B0001,C0012,96,103
U+4F5C,100241706_00016_2,1875,2528,B0001,C0013,109,139
U+308A,100241706_00016_2,1911,2668,B0001,C0014,52,107
U+305F,100241706_00016_2,1889,2782,B0001,C0015,71,117
U+308B,100241706_00016_2,1912,2903,B0001,C0016,36,85
U+5185,100241706_00016_2,1887,3041,B0001,C0017,84,128
U+3078,100241706_00016_2,1869,3183,B0001,C0018,135,57
U+6C34,100241706_00016_2,1899,3238,B0001,C0019,63,119
U+3092,100241706_00016_2,1875,3354,B0001,C0020,108,129
U+5439,100241706_00016_2,1873,3505,B0001,C0021,108,123
U+9152,100241706_00016_2,1641,1019,B0001,C0022,104,140
U+3092,100241706_00016_2,1653,1168,B0001,C0023,84,112
U+3075,100241706_00016_2,1644,1306,B0001,C0024,93,107
U+304D,100241706_00016_2,1659,1412,B0001,C0025,65,135
U+706B,100241706_00016_2,1656,1579,B0001,C0026,87,116
U+6C17,100241706_00016_2,1675,1698,B0001,C0027,85,151
U+306B,100241706_00016_2,1652,1878,B0001,C0028,96,99
U+3066,100241706_00016_2,1660,1984,B0001,C0029,89,97
U+3042,100241706_00016_2,1660,2100,B0001,C0030,91,115
U+305F,100241706_00016_2,1663,2218,B0001,C0031,73,89
U+309D,100241706_00016_2,1691,2308,B0001,C0032,24,49
U+3081,100241706_00016_2,1660,2380,B0001,C0033,85,89
U+3066,100241706_00016_2,1659,2471,B0001,C0034,91,107
U+3082,100241706_00016_2,1672,2583,B0001,C0035,64,104
U+304B,100241706_00016_2,1645,2715,B0001,C0036,116,97
U+308F,100241706_00016_2,1671,2820,B0001,C0037,51,119
U+304B,100241706_00016_2,1672,2941,B0001,C0038,48,68
U+305A,100241706_00016_2,1663,3025,B0001,C0039,93,131
U+96E3,100241706_00016_2,1640,3182,B0001,C0040,132,115
U+6E0B,100241706_00016_2,1644,3297,B0001,C0041,112,116
U+3059,100241706_00016_2,1649,3414,B0001,C0042,91,124
U+308B,100241706_00016_2,1668,3539,B0001,C0043,48,73
U+7269,100241706_00016_2,1388,1019,B0001,C0044,116,119
U+306A,100241706_00016_2,1415,1146,B0001,C0045,68,139
U+308A,100241706_00016_2,1411,1288,B0001,C0046,68,141
U+7136,100241706_00016_2,1395,1454,B0001,C0047,120,148
U+308B,100241706_00016_2,1439,1603,B0001,C0048,35,96
U+306B,100241706_00016_2,1400,1736,B0001,C0049,95,100
U+3042,100241706_00016_2,1415,1862,B0001,C0050,95,112
U+308B,100241706_00016_2,1437,1975,B0001,C0051,43,97
U+50E7,100241706_00016_2,1393,2094,B0001,C0052,117,151
U+306E,100241706_00016_2,1419,2262,B0001,C0053,81,79
U+7533,100241706_00016_2,1435,2362,B0001,C0054,53,135
U+306B,100241706_00016_2,1419,2499,B0001,C0055,85,109
U+306F,100241706_00016_2,1421,2610,B0001,C0056,73,73
U+3088,100241706_00016_2,1443,2718,B0001,C0057,49,89
U+304D,100241706_00016_2,1411,2826,B0001,C0058,117,119
U+5927,100241706_00016_2,1407,2967,B0001,C0059,107,116
U+6839,100241706_00016_2,1397,3113,B0001,C0060,131,145
U+306B,100241706_00016_2,1428,3269,B0001,C0061,56,100
U+5869,100241706_00016_2,1393,3393,B0001,C0062,132,121
U+3092,100241706_00016_2,1423,3521,B0001,C0063,97,101
U+3044,100241706_00016_2,1175,1016,B0001,C0064,95,77
U+308C,100241706_00016_2,1180,1095,B0001,C0065,76,128
U+3088,100241706_00016_2,1185,1235,B0001,C0066,56,91
U+304F,100241706_00016_2,1191,1323,B0001,C0067,40,99
U+3031,100241706_00016_2,1187,1376,B0001,C0068,79,275
U+716E,100241706_00016_2,1155,1666,B0001,C0069,112,187
U+3066,100241706_00016_2,1180,1866,B0001,C0070,77,109
U+305D,100241706_00016_2,1183,2008,B0001,C0071,77,107
U+306E,100241706_00016_2,1181,2128,B0001,C0072,77,97
U+6E6F,100241706_00016_2,1172,2255,B0001,C0073,104,147
U+3092,100241706_00016_2,1172,2410,B0001,C0074,96,132
U+3080,100241706_00016_2,1180,2575,B0001,C0075,100,119
U+308D,100241706_00016_2,1181,2695,B0001,C0076,80,127
U+3078,100241706_00016_2,1155,2827,B0001,C0077,123,52
U+5439,100241706_00016_2,1169,2910,B0001,C0078,107,132
U+306C,100241706_00016_2,1169,3078,B0001,C0079,91,105
U+308A,100241706_00016_2,1200,3191,B0001,C0080,48,116
U+3082,100241706_00016_2,1199,3313,B0001,C0081,53,117
U+306E,100241706_00016_2,1181,3431,B0001,C0082,81,76
U+3092,100241706_00016_2,1176,3509,B0001,C0083,88,108
U+5165,100241706_00016_2,908,1004,B0001,C0084,125,113
U+3066,100241706_00016_2,948,1127,B0001,C0085,47,141
U+5B9C,100241706_00016_2,932,1295,B0001,C0086,100,139
U+3068,100241706_00016_2,956,1435,B0001,C0087,67,116
U+307E,100241706_00016_2,948,1574,B0001,C0088,55,127
U+3046,100241706_00016_2,953,1704,B0001,C0089,53,109
U+3055,100241706_00016_2,940,1822,B0001,C0090,67,105
U+308C,100241706_00016_2,941,1932,B0001,C0091,67,127
U+306C,100241706_00016_2,927,2067,B0001,C0092,91,119
U+53F3,100241706_00016_2,920,2232,B0001,C0093,107,116
U+8077,100241706_00016_2,908,2359,B0001,C0094,145,155
U+4EBA,100241706_00016_2,923,2530,B0001,C0095,125,104
U+50E7,100241706_00016_2,916,2663,B0001,C0096,120,129
U+306E,100241706_00016_2,941,2814,B0001,C0097,79,87
U+3092,100241706_00016_2,937,2930,B0001,C0098,96,116
U+3057,100241706_00016_2,987,3049,B0001,C0099,27,112
U+3048,100241706_00016_2,931,3167,B0001,C0100,116,127
U+306E,100241706_00016_2,945,3309,B0001,C0101,72,89
U+5982,100241706_00016_2,927,3395,B0001,C0102,103,92
U+304F,100241706_00016_2,949,3499,B0001,C0103,52,127
U+305B,100241706_00016_2,677,1003,B0001,C0104,103,108
U+3057,100241706_00016_2,731,1112,B0001,C0105,29,132
U+304B,100241706_00016_2,709,1251,B0001,C0106,48,76
U+3070,100241706_00016_2,687,1334,B0001,C0107,108,92
U+3072,100241706_00016_2,681,1455,B0001,C0108,115,115
U+3057,100241706_00016_2,723,1566,B0001,C0109,24,144
U+3031,100241706_00016_2,703,1688,B0001,C0110,87,193
U+3068,100241706_00016_2,715,1876,B0001,C0111,72,95
U+304B,100241706_00016_2,684,2002,B0001,C0112,116,88
U+308F,100241706_00016_2,709,2091,B0001,C0113,53,116
U+304F,100241706_00016_2,708,2208,B0001,C0114,52,104
U+3086,100241706_00016_2,691,2315,B0001,C0115,100,108
U+3078,100241706_00016_2,681,2428,B0001,C0116,125,79
U+304D,100241706_00016_2,707,2499,B0001,C0117,68,139
U+3073,100241706_00016_2,693,2646,B0001,C0118,113,104
U+3057,100241706_00016_2,721,2767,B0001,C0119,37,132
U+304D,100241706_00016_2,704,2898,B0001,C0120,101,108
U+5BD2,100241706_00016_2,673,3018,B0001,C0121,135,145
U+3055,100241706_00016_2,707,3179,B0001,C0122,67,96
U+306E,100241706_00016_2,697,3278,B0001,C0123,83,93
U+3046,100241706_00016_2,719,3371,B0001,C0124,43,132
U+3061,100241706_00016_2,705,3489,B0001,C0125,81,137
U+306B,100241706_00016_2,468,1003,B0001,C0126,49,141
U+3066,100241706_00016_2,449,1139,B0001,C0127,89,92
U+5927,100241706_00016_2,447,1263,B0001,C0128,100,137
U+6839,100241706_00016_2,425,1418,B0001,C0129,145,127
U+306E,100241706_00016_2,459,1562,B0001,C0130,84,100
U+6E6F,100241706_00016_2,455,1670,B0001,C0131,115,148
U+306B,100241706_00016_2,472,1828,B0001,C0132,52,109
U+3066,100241706_00016_2,456,1947,B0001,C0133,93,108
U+304B,100241706_00016_2,447,2082,B0001,C0134,119,97
U+308F,100241706_00016_2,476,2180,B0001,C0135,52,119
U+304B,100241706_00016_2,480,2299,B0001,C0136,53,79
U+3057,100241706_00016_2,492,2386,B0001,C0137,28,179
U+306C,100241706_00016_2,452,2570,B0001,C0138,104,100
U+3055,100241706_00016_2,468,2682,B0001,C0139,73,113
U+3066,100241706_00016_2,451,2796,B0001,C0140,92,103
U+3086,100241706_00016_2,456,2907,B0001,C0141,104,113
U+3067,100241706_00016_2,463,3019,B0001,C0142,88,112
U+305F,100241706_00016_2,469,3169,B0001,C0143,69,113
U+308B,100241706_00016_2,459,3283,B0001,C0144,105,140
U+5927,100241706_00016_2,459,3485,B0001,C0145,111,123
U+6839,100241706_00016_2,181,995,B0001,C0146,132,131
U+65E5,100241706_00016_2,215,1160,B0001,C0147,59,105
U+3005,100241706_00016_2,225,1271,B0001,C0148,35,99
U+305F,100241706_00016_2,192,1388,B0001,C0149,111,115
U+307E,100241706_00016_2,221,1488,B0001,C0150,51,105
U+308A,100241706_00016_2,221,1595,B0001,C0151,55,107
U+305F,100241706_00016_2,211,1715,B0001,C0152,73,79
U+308B,100241706_00016_2,224,1795,B0001,C0153,53,76
U+306B,100241706_00016_2,189,1890,B0001,C0154,111,109
U+6368,100241706_00016_2,179,2031,B0001,C0155,155,136
U+308B,100241706_00016_2,231,2171,B0001,C0156,47,85
U+306B,100241706_00016_2,192,2260,B0001,C0157,113,116
U+3082,100241706_00016_2,216,2378,B0001,C0158,93,149
U+3042,100241706_00016_2,207,2546,B0001,C0159,96,96
U+3089,100241706_00016_2,236,2640,B0001,C0160,40,112
U+3056,100241706_00016_2,219,2750,B0001,C0161,87,120
U+308C,100241706_00016_2,213,2875,B0001,C0162,79,137
U+3070,100241706_00016_2,204,3018,B0001,C0163,103,83
U+96A3,100241706_00016_2,199,3093,B0001,C0164,117,160
U+5BB6,100241706_00016_2,177,3253,B0001,C0165,131,147
U+306A,100241706_00016_2,211,3398,B0001,C0166,91,99
U+3069,100241706_00016_2,221,3515,B0001,C0167,80,93
U+3078,100241706_00017_1,2006,1007,B0001,C0001,123,59
U+3082,100241706_00017_1,2014,1067,B0001,C0002,73,112
U+983C,100241706_00017_1,1991,1203,B0001,C0003,121,160
U+307F,100241706_00017_1,2045,1365,B0001,C0004,35,111
U+3064,100241706_00017_1,2013,1499,B0001,C0005,99,124
U+304B,100241706_00017_1,2027,1627,B0001,C0006,63,77
U+306F,100241706_00017_1,2002,1705,B0001,C0007,99,73
U+3057,100241706_00017_1,2050,1780,B0001,C0008,21,148
U+3057,100241706_00017_1,2010,1957,B0001,C0009,104,124
U+3087,100241706_00017_1,2035,2083,B0001,C0010,55,83
U+304F,100241706_00017_1,2025,2167,B0001,C0011,59,120
U+3057,100241706_00017_1,2047,2307,B0001,C0012,21,132
U+3066,100241706_00017_1,2009,2440,B0001,C0013,96,113
U+3082,100241706_00017_1,2039,2555,B0001,C0014,56,145
U+308D,100241706_00017_1,2025,2701,B0001,C0015,84,124
U+3075,100241706_00017_1,2007,2827,B0001,C0016,105,91
U+306A,100241706_00017_1,2034,2916,B0001,C0017,64,137
U+308A,100241706_00017_1,2043,3055,B0001,C0018,55,116
U+3053,100241706_00017_1,2029,3171,B0001,C0019,77,111
U+306E,100241706_00017_1,2021,3284,B0001,C0020,81,84
U+8B02,100241706_00017_1,2010,3389,B0001,C0021,105,129
U+306B,100241706_00017_1,2013,3509,B0001,C0022,108,100
U+5473,100241706_00017_1,1751,992,B0001,C0023,127,135
U+564C,100241706_00017_1,1750,1156,B0001,C0024,116,153
U+306A,100241706_00017_1,1778,1323,B0001,C0025,85,127
U+3093,100241706_00017_1,1767,1444,B0001,C0026,121,107
U+3069,100241706_00017_1,1785,1545,B0001,C0027,69,105
U+4ED8,100241706_00017_1,1771,1680,B0001,C0028,81,173
U+3066,100241706_00017_1,1783,1855,B0001,C0029,51,153
U+3042,100241706_00017_1,1762,2041,B0001,C0030,93,123
U+305F,100241706_00017_1,1770,2151,B0001,C0031,76,115
U+309D,100241706_00017_1,1802,2281,B0001,C0032,25,43
U+3081,100241706_00017_1,1770,2339,B0001,C0033,92,112
U+304F,100241706_00017_1,1767,2469,B0001,C0034,97,101
U+3089,100241706_00017_1,1798,2577,B0001,C0035,63,135
U+305D,100241706_00017_1,1778,2713,B0001,C0036,72,111
U+306E,100241706_00017_1,1773,2828,B0001,C0037,81,105
U+4FAD,100241706_00017_1,1756,2947,B0001,C0038,124,139
U+306B,100241706_00017_1,1781,3087,B0001,C0039,76,108
U+540D,100241706_00017_1,1766,3204,B0001,C0040,104,132
U+306B,100241706_00017_1,1779,3345,B0001,C0041,67,89
U+547C,100241706_00017_1,1759,3436,B0001,C0042,115,100
U+3067,100241706_00017_1,1771,3537,B0001,C0043,84,73
U+3075,100241706_00017_1,1519,1008,B0001,C0044,101,127
U+308D,100241706_00017_1,1523,1136,B0001,C0045,99,117
U+3075,100241706_00017_1,1523,1285,B0001,C0046,100,125
U+304D,100241706_00017_1,1527,1412,B0001,C0047,107,116
U+5927,100241706_00017_1,1528,1547,B0001,C0048,104,128
U+6839,100241706_00017_1,1500,1675,B0001,C0049,147,136
U+306A,100241706_00017_1,1546,1813,B0001,C0050,92,132
U+308B,100241706_00017_1,1568,1947,B0001,C0051,37,84
U+3079,100241706_00017_1,1524,2039,B0001,C0052,113,69
U+3057,100241706_00017_1,1566,2113,B0001,C0053,28,351
U+25B2,100241706_00017_1,1287,952,B0001,C0054,96,44
U+5343,100241706_00017_1,1254,1017,B0001,C0055,133,141
U+516D,100241706_00017_1,1278,1188,B0001,C0056,104,93
U+672C,100241706_00017_1,1267,1284,B0001,C0057,151,149
U+5927,100241706_00017_1,1287,1455,B0001,C0058,96,124
U+3053,100241706_00017_1,1295,1580,B0001,C0059,91,124
U+3093,100241706_00017_1,1274,1713,B0001,C0060,125,128
U+3080,100241706_00017_1,1039,999,B0001,C0061,117,117
U+304B,100241706_00017_1,1070,1108,B0001,C0062,41,56
U+3057,100241706_00017_1,1083,1185,B0001,C0063,25,172
U+5B50,100241706_00017_1,1040,1380,B0001,C0064,112,120
U+3092,100241706_00017_1,1040,1515,B0001,C0065,103,116
U+7523,100241706_00017_1,1036,1632,B0001,C0066,103,184
U+308C,100241706_00017_1,1047,1807,B0001,C0067,88,139
U+3066,100241706_00017_1,1054,1947,B0001,C0068,53,165
U+4E73,100241706_00017_1,1023,2121,B0001,C0069,139,132
U+306A,100241706_00017_1,1051,2265,B0001,C0070,93,145
U+304D,100241706_00017_1,1051,2412,B0001,C0071,71,119
U+5973,100241706_00017_1,1003,2547,B0001,C0072,160,89
U+5343,100241706_00017_1,1035,2667,B0001,C0073,108,137
U+624B,100241706_00017_1,1052,2805,B0001,C0074,92,132
U+89B3,100241706_00017_1,1043,2951,B0001,C0075,123,151
U+4E16,100241706_00017_1,1030,3099,B0001,C0076,129,108
U+97F3,100241706_00017_1,1042,3215,B0001,C0077,96,157
U+4E26,100241706_00017_1,1060,3388,B0001,C0078,101,156
U+306B,100241706_00017_1,1074,3551,B0001,C0079,65,81
U+5730,100241706_00017_1,790,997,B0001,C0080,124,127
U+8535,100241706_00017_1,807,1125,B0001,C0081,101,197
U+83E9,100241706_00017_1,807,1332,B0001,C0082,96,181
U+85A9,100241706_00017_1,807,1521,B0001,C0083,103,221
U+3078,100241706_00017_1,796,1744,B0001,C0084,131,75
U+5927,100241706_00017_1,802,1836,B0001,C0085,117,128
U+6839,100241706_00017_1,794,1963,B0001,C0086,129,148
U+3092,100241706_00017_1,815,2129,B0001,C0087,103,112
U+6E05,100241706_00017_1,804,2264,B0001,C0088,116,157
U+6D44,100241706_00017_1,800,2437,B0001,C0089,115,173
U+306B,100241706_00017_1,816,2612,B0001,C0090,76,97
U+3057,100241706_00017_1,842,2731,B0001,C0091,24,161
U+3066,100241706_00017_1,806,2904,B0001,C0092,93,109
U+7CF8,100241706_00017_1,803,3040,B0001,C0093,104,160
U+307B,100241706_00017_1,812,3248,B0001,C0094,96,139
U+305D,100241706_00017_1,824,3388,B0001,C0095,75,105
U+304F,100241706_00017_1,832,3492,B0001,C0096,55,100
U+6253,100241706_00017_1,551,1003,B0001,C0097,115,145
U+4E00,100241706_00017_1,557,1197,B0001,C0098,103,21
U+5FC3,100241706_00017_1,564,1256,B0001,C0099,115,73
U+7948,100241706_00017_1,531,1364,B0001,C0100,147,145
U+5FF5,100241706_00017_1,544,1517,B0001,C0101,135,148
U+3057,100241706_00017_1,600,1685,B0001,C0102,21,131
U+3066,100241706_00017_1,568,1817,B0001,C0103,56,167
U+662F,100241706_00017_1,561,1989,B0001,C0104,91,159
U+3092,100241706_00017_1,557,2165,B0001,C0105,100,103
U+4F9B,100241706_00017_1,536,2297,B0001,C0106,131,132
U+3058,100241706_00017_1,600,2431,B0001,C0107,48,175
U+3055,100241706_00017_1,568,2643,B0001,C0108,64,105
U+3052,100241706_00017_1,567,2757,B0001,C0109,107,111
U+3066,100241706_00017_1,553,2868,B0001,C0110,85,96
U+6C41,100241706_00017_1,548,2999,B0001,C0111,121,141
U+306B,100241706_00017_1,569,3143,B0001,C0112,65,101
U+711A,100241706_00017_1,544,3253,B0001,C0113,119,176
U+304D,100241706_00017_1,568,3429,B0001,C0114,64,93
U+3066,100241706_00017_1,559,3524,B0001,C0115,89,99
U+98DF,100241706_00017_1,305,999,B0001,C0116,129,160
U+3059,100241706_00017_1,329,1172,B0001,C0117,75,127
U+304D,100241706_00017_1,319,1325,B0001,C0118,83,125
U+308F,100241706_00017_1,332,1452,B0001,C0119,60,137
U+3081,100241706_00017_1,315,1591,B0001,C0120,85,124
U+3066,100241706_00017_1,311,1707,B0001,C0121,96,109
U+4E73,100241706_00017_1,305,1843,B0001,C0122,128,141
U+6C41,100241706_00017_1,308,2011,B0001,C0123,123,156
U+51FA,100241706_00017_1,321,2173,B0001,C0124,100,92
U+308B,100241706_00017_1,348,2267,B0001,C0125,41,96
U+3068,100241706_00017_1,344,2365,B0001,C0126,65,107
U+7533,100241706_00017_1,335,2484,B0001,C0127,63,143
U+6765,100241706_00017_1,313,2635,B0001,C0128,111,177
U+308A,100241706_00017_1,333,2819,B0001,C0129,68,132
U+3051,100241706_00017_1,324,2972,B0001,C0130,99,112
U+308B,100241706_00017_1,351,3095,B0001,C0131,45,95
U+53F3,100241706_00017_1,309,3212,B0001,C0132,109,107
U+5343,100241706_00017_1,313,3341,B0001,C0133,92,131
U+672C,100241706_00017_1,321,3491,B0001,C0134,91,139
U+306F,100241706_00017_2,1899,977,B0001,C0001,61,147
U+89B3,100241706_00017_2,1861,1133,B0001,C0002,117,151
U+4E16,100241706_00017_2,1876,1285,B0001,C0003,105,99
U+97F3,100241706_00017_2,1877,1408,B0001,C0004,95,163
U+3078,100241706_00017_2,1872,1572,B0001,C0005,111,63
U+4F9B,100241706_00017_2,1871,1667,B0001,C0006,113,111
U+3058,100241706_00017_2,1921,1795,B0001,C0007,47,153
U+516D,100241706_00017_2,1875,1988,B0001,C0008,97,88
U+672C,100241706_00017_2,1888,2089,B0001,C0009,83,141
U+306F,100241706_00017_2,1892,2267,B0001,C0010,75,56
U+516D,100241706_00017_2,1875,2353,B0001,C0011,100,89
U+5730,100241706_00017_2,1871,2467,B0001,C0012,113,105
U+8535,100241706_00017_2,1880,2593,B0001,C0013,108,161
U+5C0A,100241706_00017_2,1900,2772,B0001,C0014,60,171
U+3078,100241706_00017_2,1879,2944,B0001,C0015,111,59
U+4F9B,100241706_00017_2,1875,3032,B0001,C0016,113,112
U+3057,100241706_00017_2,1928,3153,B0001,C0017,16,104
U+5949,100241706_00017_2,1877,3268,B0001,C0018,127,145
U+3064,100241706_00017_2,1896,3453,B0001,C0019,83,67
U+308B,100241706_00017_2,1901,3523,B0001,C0020,100,97
U+305D,100241706_00017_2,1667,993,B0001,C0021,67,117
U+306E,100241706_00017_2,1653,1115,B0001,C0022,77,117
U+6C41,100241706_00017_2,1641,1249,B0001,C0023,104,160
U+4E16,100241706_00017_2,1643,1441,B0001,C0024,107,105
U+9593,100241706_00017_2,1651,1592,B0001,C0025,96,129
U+306B,100241706_00017_2,1675,1739,B0001,C0026,52,88
U+6D41,100241706_00017_2,1645,1875,B0001,C0027,119,125
U+884C,100241706_00017_2,1645,2032,B0001,C0028,96,148
U+3057,100241706_00017_2,1689,2192,B0001,C0029,23,145
U+3066,100241706_00017_2,1653,2339,B0001,C0030,81,115
U+304A,100241706_00017_2,1657,2497,B0001,C0031,99,81
U+306E,100241706_00017_2,1659,2581,B0001,C0032,77,107
U+3031,100241706_00017_2,1677,2648,B0001,C0033,80,247
U+9858,100241706_00017_2,1617,2943,B0001,C0034,135,143
U+306A,100241706_00017_2,1668,3108,B0001,C0035,68,128
U+304F,100241706_00017_2,1671,3237,B0001,C0036,52,117
U+3068,100241706_00017_2,1679,3375,B0001,C0037,55,119
U+3082,100241706_00017_2,1676,3495,B0001,C0038,97,119
U+6C41,100241706_00017_2,1396,1008,B0001,C0039,107,131
U+306B,100241706_00017_2,1399,1140,B0001,C0040,92,104
U+306A,100241706_00017_2,1411,1259,B0001,C0041,80,108
U+3057,100241706_00017_2,1455,1368,B0001,C0042,27,141
U+306C,100241706_00017_2,1397,1511,B0001,C0043,92,105
U+53C8,100241706_00017_2,1156,1000,B0001,C0044,133,93
U+5927,100241706_00017_2,1159,1131,B0001,C0045,120,107
U+6839,100241706_00017_2,1156,1259,B0001,C0046,117,139
U+3092,100241706_00017_2,1173,1409,B0001,C0047,89,112
U+7F85,100241706_00017_2,1160,1549,B0001,C0048,104,176
U+844D,100241706_00017_2,1169,1739,B0001,C0049,84,163
U+3068,100241706_00017_2,1183,1925,B0001,C0050,64,99
U+3044,100241706_00017_2,1175,2059,B0001,C0051,80,95
U+3075,100241706_00017_2,1157,2157,B0001,C0052,101,87
U+662F,100241706_00017_2,1176,2271,B0001,C0053,79,137
U+3092,100241706_00017_2,1169,2424,B0001,C0054,99,107
U+3053,100241706_00017_2,1177,2556,B0001,C0055,83,111
U+307E,100241706_00017_2,1185,2668,B0001,C0056,65,112
U+3084,100241706_00017_2,1161,2815,B0001,C0057,108,56
U+304B,100241706_00017_2,1195,2865,B0001,C0058,48,77
U+306B,100241706_00017_2,1163,2944,B0001,C0059,96,103
U+6253,100241706_00017_2,1167,3065,B0001,C0060,103,125
U+3086,100241706_00017_2,1169,3187,B0001,C0061,100,128
U+3078,100241706_00017_2,1163,3321,B0001,C0062,123,63
U+305B,100241706_00017_2,1167,3420,B0001,C0063,100,95
U+3093,100241706_00017_2,1165,3516,B0001,C0064,115,91
U+3089,100241706_00017_2,947,997,B0001,C0065,77,136
U+3075,100241706_00017_2,921,1159,B0001,C0066,107,103
U+3068,100241706_00017_2,949,1295,B0001,C0067,64,105
U+8B02,100241706_00017_2,908,1439,B0001,C0068,127,151
U+3068,100241706_00017_2,941,1603,B0001,C0069,68,92
U+3082,100241706_00017_2,947,1696,B0001,C0070,61,99
U+6B64,100241706_00017_2,911,1837,B0001,C0071,120,103
U+7BC0,100241706_00017_2,919,1953,B0001,C0072,113,193
U+3044,100241706_00017_2,925,2175,B0001,C0073,97,68
U+304B,100241706_00017_2,916,2249,B0001,C0074,105,119
U+309E,100241706_00017_2,971,2355,B0001,C0075,47,64
U+306A,100241706_00017_2,939,2436,B0001,C0076,73,124
U+308B,100241706_00017_2,955,2559,B0001,C0077,49,103
U+306B,100241706_00017_2,921,2668,B0001,C0078,101,96
U+3084,100241706_00017_2,925,2765,B0001,C0079,97,152
U+25B2,100241706_00017_2,679,945,B0001,C0080,101,41
U+305F,100241706_00017_2,675,1025,B0001,C0081,120,117
U+304F,100241706_00017_2,699,1147,B0001,C0082,52,136
U+3042,100241706_00017_2,693,1299,B0001,C0083,89,104
U+3093,100241706_00017_2,677,1401,B0001,C0084,133,92
U+6F2C,100241706_00017_2,677,1497,B0001,C0085,125,163
U+5927,100241706_00017_2,439,985,B0001,C0086,101,125
U+6839,100241706_00017_2,427,1112,B0001,C0087,127,153
U+3092,100241706_00017_2,441,1279,B0001,C0088,99,131
U+3068,100241706_00017_2,465,1408,B0001,C0089,51,83
U+3057,100241706_00017_2,491,1492,B0001,C0090,28,161
U+306E,100241706_00017_2,455,1675,B0001,C0091,79,84
U+5185,100241706_00017_2,455,1781,B0001,C0092,80,137
U+3088,100241706_00017_2,469,1947,B0001,C0093,49,101
U+308A,100241706_00017_2,451,2049,B0001,C0094,71,136
U+7CE0,100241706_00017_2,423,2200,B0001,C0095,139,157
U+5869,100241706_00017_2,432,2388,B0001,C0096,124,141
U+3092,100241706_00017_2,455,2531,B0001,C0097,95,135
U+52A0,100241706_00017_2,435,2691,B0001,C0098,129,103
U+6E1B,100241706_00017_2,439,2820,B0001,C0099,137,125
U+3057,100241706_00017_2,491,2957,B0001,C0100,28,133
U+3066,100241706_00017_2,456,3103,B0001,C0101,84,104
U+6F2C,100241706_00017_2,453,3215,B0001,C0102,105,156
U+304A,100241706_00017_2,456,3399,B0001,C0103,107,85
U+304D,100241706_00017_2,469,3485,B0001,C0104,67,124
U+3088,100241706_00017_2,211,989,B0001,C0105,60,96
U+304F,100241706_00017_2,208,1087,B0001,C0106,57,111
U+5E74,100241706_00017_2,185,1217,B0001,C0107,91,196
U+5185,100241706_00017_2,200,1444,B0001,C0108,77,128
U+9999,100241706_00017_2,185,1592,B0001,C0109,115,153
U+306E,100241706_00017_2,204,1763,B0001,C0110,76,84
U+3082,100241706_00017_2,220,1884,B0001,C0111,53,105
U+306E,100241706_00017_2,201,1991,B0001,C0112,84,84
U+306B,100241706_00017_2,192,2104,B0001,C0113,99,107
U+3066,100241706_00017_2,207,2212,B0001,C0114,52,139
U+5927,100241706_00017_2,197,2379,B0001,C0115,103,133
U+5546,100241706_00017_2,203,2513,B0001,C0116,91,156
U+4EBA,100241706_00017_2,188,2684,B0001,C0117,127,116
U+5927,100241706_00017_2,204,2813,B0001,C0118,96,116
U+8077,100241706_00017_2,181,2937,B0001,C0119,132,143
U+4EBA,100241706_00017_2,188,3095,B0001,C0120,133,117
U+305F,100241706_00017_2,208,3240,B0001,C0121,97,109
U+3044,100241706_00017_2,208,3357,B0001,C0122,84,79
U+305C,100241706_00017_2,203,3444,B0001,C0123,116,96
U+3044,100241706_00017_2,208,3548,B0001,C0124,105,57
U+4EBA,100241706_00018_1,1970,998,B0001,C0001,133,131
U+3092,100241706_00018_1,1995,1131,B0001,C0002,100,123
U+3064,100241706_00018_1,1995,1262,B0001,C0003,99,129
U+304B,100241706_00018_1,2029,1386,B0001,C0004,56,77
U+3075,100241706_00018_1,1982,1464,B0001,C0005,99,99
U+6240,100241706_00018_1,1985,1583,B0001,C0006,112,113
U+306E,100241706_00018_1,2001,1703,B0001,C0007,76,101
U+5E38,100241706_00018_1,1995,1819,B0001,C0008,84,180
U+98DF,100241706_00018_1,1994,2010,B0001,C0009,117,153
U+3068,100241706_00018_1,2023,2164,B0001,C0010,56,108
U+3059,100241706_00018_1,2014,2290,B0001,C0011,77,119
U+308B,100241706_00018_1,2027,2406,B0001,C0012,48,87
U+306A,100241706_00018_1,1986,2526,B0001,C0013,105,104
U+308A,100241706_00018_1,2031,2631,B0001,C0014,48,109
U+6708,100241706_00018_1,1752,995,B0001,C0015,96,164
U+3005,100241706_00018_1,1791,1158,B0001,C0016,23,93
U+3092,100241706_00018_1,1758,1275,B0001,C0017,85,121
U+8D8A,100241706_00018_1,1746,1402,B0001,C0018,116,156
U+3057,100241706_00018_1,1790,1559,B0001,C0019,21,179
U+590F,100241706_00018_1,1754,1756,B0001,C0020,89,171
U+79CB,100241706_00018_1,1732,1946,B0001,C0021,121,151
U+306B,100241706_00018_1,1766,2107,B0001,C0022,64,111
U+304A,100241706_00018_1,1755,2238,B0001,C0023,107,85
U+3088,100241706_00018_1,1778,2323,B0001,C0024,55,117
U+3079,100241706_00018_1,1746,2442,B0001,C0025,116,81
U+3070,100241706_00018_1,1760,2524,B0001,C0026,93,83
U+5869,100241706_00018_1,1736,2638,B0001,C0027,132,120
U+306E,100241706_00018_1,1771,2788,B0001,C0028,73,72
U+304B,100241706_00018_1,1739,2892,B0001,C0029,116,89
U+3089,100241706_00018_1,1773,2981,B0001,C0030,57,115
U+304D,100241706_00018_1,1747,3097,B0001,C0031,116,108
U+306E,100241706_00018_1,1760,3213,B0001,C0032,88,83
U+307F,100241706_00018_1,1785,3295,B0001,C0033,51,95
U+306B,100241706_00018_1,1758,3425,B0001,C0034,96,93
U+3066,100241706_00018_1,1760,3519,B0001,C0035,95,85
U+9AD8,100241706_00018_1,1506,1004,B0001,C0036,103,171
U+5473,100241706_00018_1,1495,1191,B0001,C0037,121,136
U+306A,100241706_00018_1,1520,1354,B0001,C0038,84,128
U+304F,100241706_00018_1,1535,1483,B0001,C0039,53,145
U+6570,100241706_00018_1,1490,1640,B0001,C0040,145,155
U+3005,100241706_00018_1,1550,1807,B0001,C0041,28,91
U+306F,100241706_00018_1,1522,1926,B0001,C0042,84,64
U+98DF,100241706_00018_1,1510,2002,B0001,C0043,124,152
U+305B,100241706_00018_1,1516,2182,B0001,C0044,99,108
U+305A,100241706_00018_1,1536,2292,B0001,C0045,79,149
U+751A,100241706_00018_1,1539,2475,B0001,C0046,83,177
U+5FB3,100241706_00018_1,1510,2652,B0001,C0047,127,149
U+7528,100241706_00018_1,1531,2804,B0001,C0048,92,140
U+306E,100241706_00018_1,1536,2973,B0001,C0049,84,80
U+54C1,100241706_00018_1,1528,3082,B0001,C0050,109,129
U+3086,100241706_00018_1,1530,3214,B0001,C0051,101,120
U+3091,100241706_00018_1,1536,3335,B0001,C0052,92,112
U+591A,100241706_00018_1,1524,3475,B0001,C0053,97,132
U+304F,100241706_00018_1,1266,1014,B0001,C0054,109,101
U+308F,100241706_00018_1,1287,1116,B0001,C0055,51,135
U+3093,100241706_00018_1,1271,1252,B0001,C0056,115,119
U+6F2C,100241706_00018_1,1264,1395,B0001,C0057,119,164
U+306A,100241706_00018_1,1290,1583,B0001,C0058,65,139
U+308B,100241706_00018_1,1302,1727,B0001,C0059,45,121
U+3079,100241706_00018_1,1264,1850,B0001,C0060,123,67
U+3057,100241706_00018_1,1307,1923,B0001,C0061,29,281
U+25B2,100241706_00018_1,1016,955,B0001,C0062,91,47
U+6CA2,100241706_00018_1,999,1043,B0001,C0063,139,161
U+5EB5,100241706_00018_1,990,1216,B0001,C0064,148,140
U+7985,100241706_00018_1,1000,1380,B0001,C0065,136,191
U+5E2B,100241706_00018_1,1022,1583,B0001,C0066,117,151
U+306E,100241706_00018_1,1034,1754,B0001,C0067,81,100
U+3064,100241706_00018_1,1027,1884,B0001,C0068,91,93
U+3051,100241706_00018_1,1032,1982,B0001,C0069,97,121
U+306F,100241706_00018_1,1032,2123,B0001,C0070,76,104
U+3058,100241706_00018_1,1075,2223,B0001,C0071,51,120
U+3081,100241706_00018_1,1032,2347,B0001,C0072,85,123
U+7D66,100241706_00018_1,1042,2474,B0001,C0073,67,87
U+3075,100241706_00018_1,1016,2556,B0001,C0074,112,115
U+3068,100241706_00018_1,1042,2674,B0001,C0075,81,91
U+3082,100241706_00018_1,1043,2770,B0001,C0076,71,100
U+53C8,100241706_00018_1,1006,2891,B0001,C0077,156,95
U+5E74,100241706_00018_1,1034,2982,B0001,C0078,93,163
U+3088,100241706_00018_1,1067,3159,B0001,C0079,43,83
U+308A,100241706_00018_1,1060,3249,B0001,C0080,55,92
U+5E74,100241706_00018_1,1038,3358,B0001,C0081,93,161
U+3078,100241706_00018_1,1032,3537,B0001,C0082,128,67
U+305F,100241706_00018_1,782,1022,B0001,C0083,111,108
U+304F,100241706_00018_1,814,1122,B0001,C0084,61,115
U+308F,100241706_00018_1,804,1250,B0001,C0085,56,124
U+3078,100241706_00018_1,778,1384,B0001,C0086,117,75
U+6F2C,100241706_00018_1,784,1460,B0001,C0087,116,157
U+3068,100241706_00018_1,810,1618,B0001,C0088,75,99
U+3082,100241706_00018_1,811,1720,B0001,C0089,63,92
U+3044,100241706_00018_1,799,1835,B0001,C0090,85,77
U+3075,100241706_00018_1,782,1915,B0001,C0091,100,96
U+3044,100241706_00018_1,788,2044,B0001,C0092,99,79
U+3065,100241706_00018_1,786,2124,B0001,C0093,131,120
U+308C,100241706_00018_1,792,2238,B0001,C0094,104,131
U+304B,100241706_00018_1,810,2386,B0001,C0095,64,65
U+25B2,100241706_00018_1,523,968,B0001,C0096,105,47
U+96F7,100241706_00018_1,520,1050,B0001,C0097,131,157
U+307C,100241706_00018_1,539,1243,B0001,C0098,128,133
U+3057,100241706_00018_1,577,1403,B0001,C0099,24,240
U+6D45,100241706_00018_1,285,1008,B0001,C0100,129,148
U+74DC,100241706_00018_1,289,1155,B0001,C0101,133,136
U+4E38,100241706_00018_1,292,1314,B0001,C0102,137,112
U+6F2C,100241706_00018_1,297,1439,B0001,C0103,107,163
U+74DC,100241706_00018_1,284,1627,B0001,C0104,129,145
U+5869,100241706_00018_1,287,1799,B0001,C0105,129,139
U+306B,100241706_00018_1,320,1939,B0001,C0106,69,113
U+3042,100241706_00018_1,308,2082,B0001,C0107,88,113
U+3066,100241706_00018_1,303,2195,B0001,C0108,95,92
U+571F,100241706_00018_1,312,2316,B0001,C0109,84,87
U+7528,100241706_00018_1,308,2422,B0001,C0110,89,136
U+306E,100241706_00018_1,313,2571,B0001,C0111,79,79
U+7167,100241706_00018_1,292,2686,B0001,C0112,116,124
U+308B,100241706_00018_1,319,2811,B0001,C0113,87,132
U+65E5,100241706_00018_1,328,2974,B0001,C0114,51,79
U+4E2D,100241706_00018_1,312,3077,B0001,C0115,87,135
U+4E00,100241706_00018_1,297,3258,B0001,C0116,111,19
U+65E5,100241706_00018_1,331,3319,B0001,C0117,47,79
U+5E72,100241706_00018_1,305,3446,B0001,C0118,92,101
U+3057,100241706_00018_1,313,3521,B0001,C0119,105,93
U+3042,100241706_00018_2,1889,1015,B0001,C0001,88,111
U+3050,100241706_00018_2,1881,1128,B0001,C0002,97,116
U+308B,100241706_00018_2,1907,1247,B0001,C0003,43,104
U+304F,100241706_00018_2,1881,1380,B0001,C0004,93,109
U+308B,100241706_00018_2,1885,1496,B0001,C0005,96,132
U+3031,100241706_00018_2,1894,1584,B0001,C0006,85,224
U+3068,100241706_00018_2,1901,1788,B0001,C0007,63,108
U+5DFB,100241706_00018_2,1867,1926,B0001,C0008,121,160
U+3066,100241706_00018_2,1883,2087,B0001,C0009,79,99
U+7A32,100241706_00018_2,1858,2218,B0001,C0010,116,135
U+3065,100241706_00018_2,1883,2379,B0001,C0011,105,87
U+307E,100241706_00018_2,1894,2470,B0001,C0012,64,109
U+306E,100241706_00018_2,1886,2599,B0001,C0013,77,80
U+5F62,100241706_00018_2,1861,2722,B0001,C0014,121,113
U+306E,100241706_00018_2,1886,2846,B0001,C0015,80,77
U+3054,100241706_00018_2,1890,2963,B0001,C0016,101,111
U+3068,100241706_00018_2,1898,3075,B0001,C0017,71,92
U+3057,100241706_00018_2,1915,3178,B0001,C0018,28,144
U+3053,100241706_00018_2,1899,3327,B0001,C0019,80,76
U+308C,100241706_00018_2,1870,3407,B0001,C0020,119,116
U+3092,100241706_00018_2,1889,3521,B0001,C0021,96,100
U+304F,100241706_00018_2,1638,1016,B0001,C0022,100,107
U+3089,100241706_00018_2,1674,1126,B0001,C0023,57,137
U+3078,100241706_00018_2,1635,1267,B0001,C0024,117,75
U+3070,100241706_00018_2,1648,1352,B0001,C0025,101,85
U+97F3,100241706_00018_2,1648,1480,B0001,C0026,95,167
U+304B,100241706_00018_2,1628,1682,B0001,C0027,115,92
U+3057,100241706_00018_2,1691,1767,B0001,C0028,23,163
U+307E,100241706_00018_2,1654,1947,B0001,C0029,95,127
U+3057,100241706_00018_2,1691,2078,B0001,C0030,21,155
U+304F,100241706_00018_2,1667,2266,B0001,C0031,48,136
U+6B6F,100241706_00018_2,1656,2440,B0001,C0032,101,145
U+306B,100241706_00018_2,1648,2587,B0001,C0033,99,116
U+3053,100241706_00018_2,1666,2739,B0001,C0034,75,93
U+305F,100241706_00018_2,1647,2834,B0001,C0035,104,131
U+3078,100241706_00018_2,1650,2971,B0001,C0036,112,69
U+97F3,100241706_00018_2,1658,3043,B0001,C0037,71,151
U+3059,100241706_00018_2,1640,3199,B0001,C0038,103,123
U+308B,100241706_00018_2,1679,3323,B0001,C0039,44,79
U+6545,100241706_00018_2,1639,3418,B0001,C0040,119,113
U+306B,100241706_00018_2,1639,3533,B0001,C0041,107,99
U+304B,100241706_00018_2,1374,1026,B0001,C0042,133,117
U+307F,100241706_00018_2,1394,1144,B0001,C0043,117,157
U+306A,100241706_00018_2,1412,1312,B0001,C0044,92,129
U+308A,100241706_00018_2,1414,1443,B0001,C0045,75,136
U+307B,100241706_00018_2,1411,1595,B0001,C0046,91,136
U+3057,100241706_00018_2,1452,1732,B0001,C0047,37,173
U+306A,100241706_00018_2,1408,1912,B0001,C0048,95,136
U+308B,100241706_00018_2,1435,2050,B0001,C0049,36,80
U+3079,100241706_00018_2,1387,2131,B0001,C0050,133,84
U+3057,100241706_00018_2,1438,2219,B0001,C0051,31,311
U+25B2,100241706_00018_2,1163,965,B0001,C0052,97,48
U+3082,100241706_00018_2,1172,1048,B0001,C0053,76,145
U+308A,100241706_00018_2,1166,1220,B0001,C0054,83,173
U+53E3,100241706_00018_2,1179,1414,B0001,C0055,80,109
U+6442,100241706_00018_2,900,1007,B0001,C0056,143,145
U+5DDE,100241706_00018_2,902,1154,B0001,C0057,121,156
U+6C60,100241706_00018_2,920,1326,B0001,C0058,121,139
U+7530,100241706_00018_2,931,1479,B0001,C0059,97,109
U+4F0A,100241706_00018_2,911,1624,B0001,C0060,117,136
U+4E39,100241706_00018_2,904,1775,B0001,C0061,132,144
U+306E,100241706_00018_2,930,1940,B0001,C0062,85,85
U+9152,100241706_00018_2,923,2055,B0001,C0063,100,144
U+554F,100241706_00018_2,923,2227,B0001,C0064,100,148
U+5C4B,100241706_00018_2,919,2376,B0001,C0065,115,132
U+306B,100241706_00018_2,918,2540,B0001,C0066,103,121
U+3066,100241706_00018_2,935,2663,B0001,C0067,59,144
U+306F,100241706_00018_2,934,2826,B0001,C0068,97,133
U+3060,100241706_00018_2,939,2967,B0001,C0069,89,100
U+306A,100241706_00018_2,935,3090,B0001,C0070,100,111
U+306E,100241706_00018_2,939,3210,B0001,C0071,84,79
U+3054,100241706_00018_2,951,3314,B0001,C0072,89,85
U+3068,100241706_00018_2,948,3398,B0001,C0073,64,119
U+304D,100241706_00018_2,938,3522,B0001,C0074,67,103
U+5927,100241706_00018_2,679,1008,B0001,C0075,109,137
U+6839,100241706_00018_2,672,1147,B0001,C0076,127,153
U+3092,100241706_00018_2,712,1311,B0001,C0077,79,108
U+9152,100241706_00018_2,691,1450,B0001,C0078,99,133
U+6A3D,100241706_00018_2,680,1591,B0001,C0079,105,137
U+306E,100241706_00018_2,698,1754,B0001,C0080,79,76
U+3075,100241706_00018_2,683,1864,B0001,C0081,101,104
U+3057,100241706_00018_2,723,1975,B0001,C0082,27,129
U+306E,100241706_00018_2,698,2120,B0001,C0083,75,73
U+306C,100241706_00018_2,692,2218,B0001,C0084,91,117
U+3051,100241706_00018_2,696,2336,B0001,C0085,99,152
U+305F,100241706_00018_2,698,2490,B0001,C0086,72,88
U+308B,100241706_00018_2,710,2579,B0001,C0087,53,84
U+3078,100241706_00018_2,687,2708,B0001,C0088,121,40
U+3055,100241706_00018_2,703,2768,B0001,C0089,81,100
U+3057,100241706_00018_2,738,2870,B0001,C0090,21,99
U+304A,100241706_00018_2,692,2974,B0001,C0091,108,95
U+304D,100241706_00018_2,706,3074,B0001,C0092,68,148
U+6C5F,100241706_00018_2,690,3254,B0001,C0093,108,108
U+6238,100241706_00018_2,674,3363,B0001,C0094,97,148
U+8AF8,100241706_00018_2,684,3513,B0001,C0095,124,119
U+56FD,100241706_00018_2,449,1003,B0001,C0096,97,152
U+3078,100241706_00018_2,436,1166,B0001,C0097,128,61
U+3064,100241706_00018_2,452,1235,B0001,C0098,91,149
U+307F,100241706_00018_2,468,1386,B0001,C0099,64,105
U+51FA,100241706_00018_2,456,1515,B0001,C0100,107,92
U+3057,100241706_00018_2,489,1622,B0001,C0101,31,143
U+306E,100241706_00018_2,457,1776,B0001,C0102,85,79
U+3068,100241706_00018_2,467,1891,B0001,C0103,63,96
U+304D,100241706_00018_2,456,1998,B0001,C0104,101,120
U+53F3,100241706_00018_2,448,2142,B0001,C0105,111,121
U+306E,100241706_00018_2,456,2264,B0001,C0106,93,113
U+7BC0,100241706_00018_2,444,2406,B0001,C0107,115,184
U+3078,100241706_00018_2,444,2612,B0001,C0108,131,61
U+6749,100241706_00018_2,443,2694,B0001,C0109,111,143
U+306E,100241706_00018_2,461,2856,B0001,C0110,92,92
U+305B,100241706_00018_2,449,2963,B0001,C0111,117,104
U+3093,100241706_00018_2,456,3067,B0001,C0112,121,83
U+3092,100241706_00018_2,456,3174,B0001,C0113,104,79
U+3055,100241706_00018_2,469,3313,B0001,C0114,67,108
U+3057,100241706_00018_2,491,3449,B0001,C0115,31,185
U+304B,100241706_00018_2,201,1011,B0001,C0116,103,109
U+3078,100241706_00018_2,191,1122,B0001,C0117,124,61
U+839A,100241706_00018_2,180,1220,B0001,C0118,133,155
U+5305,100241706_00018_2,200,1384,B0001,C0119,104,143
U+306B,100241706_00018_2,220,1555,B0001,C0120,47,105
U+3057,100241706_00018_2,240,1660,B0001,C0121,25,132
U+3066,100241706_00018_2,196,1794,B0001,C0122,91,103
U+51FA,100241706_00018_2,208,1931,B0001,C0123,108,93
U+3059,100241706_00018_2,215,2026,B0001,C0124,80,151
U+305D,100241706_00018_2,215,2202,B0001,C0125,84,116
U+306E,100241706_00018_2,204,2319,B0001,C0126,89,109
U+53E3,100241706_00018_2,215,2444,B0001,C0127,76,111
U+3078,100241706_00018_2,192,2559,B0001,C0128,120,73
U+5DEE,100241706_00018_2,205,2652,B0001,C0129,85,169
U+3057,100241706_00018_2,239,2819,B0001,C0130,21,147
U+305F,100241706_00018_2,207,2975,B0001,C0131,81,104
U+308B,100241706_00018_2,236,3082,B0001,C0132,41,100
U+5927,100241706_00018_2,197,3230,B0001,C0133,104,132
U+6839,100241706_00018_2,185,3362,B0001,C0134,129,135
U+3092,100241706_00018_2,211,3501,B0001,C0135,99,113
U+5668,100241706_00019_1,2005,999,B0001,C0001,128,139
U+306B,100241706_00019_1,2011,1157,B0001,C0002,111,99
U+53D6,100241706_00019_1,2011,1281,B0001,C0003,127,125
U+308A,100241706_00019_1,2046,1409,B0001,C0004,61,141
U+8336,100241706_00019_1,2017,1576,B0001,C0005,111,165
U+6F2C,100241706_00019_1,2018,1761,B0001,C0006,104,163
U+306A,100241706_00019_1,2035,1945,B0001,C0007,85,109
U+3069,100241706_00019_1,2043,2056,B0001,C0008,72,101
U+306E,100241706_00019_1,2039,2183,B0001,C0009,79,79
U+305D,100241706_00019_1,2047,2295,B0001,C0010,68,136
U+3078,100241706_00019_1,2021,2432,B0001,C0011,121,51
U+7269,100241706_00019_1,2018,2504,B0001,C0012,119,123
U+306B,100241706_00019_1,2042,2649,B0001,C0013,67,87
U+7528,100241706_00019_1,2042,2756,B0001,C0014,79,139
U+3086,100241706_00019_1,2038,2896,B0001,C0015,87,84
U+9152,100241706_00019_1,2027,3008,B0001,C0016,104,139
U+306E,100241706_00019_1,2046,3147,B0001,C0017,73,80
U+6C17,100241706_00019_1,2053,3228,B0001,C0018,97,140
U+306B,100241706_00019_1,2039,3403,B0001,C0019,93,99
U+3066,100241706_00019_1,2041,3505,B0001,C0020,92,100
U+751A,100241706_00019_1,1793,1004,B0001,C0021,92,165
U+9AD8,100241706_00019_1,1787,1171,B0001,C0022,93,191
U+5473,100241706_00019_1,1767,1364,B0001,C0023,119,140
U+306A,100241706_00019_1,1793,1531,B0001,C0024,71,99
U+308A,100241706_00019_1,1802,1631,B0001,C0025,57,117
U+3082,100241706_00019_1,1802,1764,B0001,C0026,63,132
U+308A,100241706_00019_1,1790,1897,B0001,C0027,77,161
U+3078,100241706_00019_1,1771,2064,B0001,C0028,120,55
U+5DEE,100241706_00019_1,1790,2127,B0001,C0029,88,199
U+304A,100241706_00019_1,1784,2328,B0001,C0030,109,93
U+304D,100241706_00019_1,1795,2423,B0001,C0031,83,112
U+3057,100241706_00019_1,1827,2536,B0001,C0032,25,141
U+3086,100241706_00019_1,1793,2700,B0001,C0033,96,81
U+3078,100241706_00019_1,1775,2784,B0001,C0034,139,61
U+3082,100241706_00019_1,1552,1013,B0001,C0035,69,128
U+308A,100241706_00019_1,1556,1164,B0001,C0036,75,149
U+53E3,100241706_00019_1,1554,1347,B0001,C0037,84,72
U+306A,100241706_00019_1,1552,1469,B0001,C0038,92,129
U+308B,100241706_00019_1,1575,1600,B0001,C0039,37,96
U+3079,100241706_00019_1,1531,1697,B0001,C0040,133,89
U+3057,100241706_00019_1,1578,1792,B0001,C0041,36,412
U+25B2,100241706_00019_1,1300,964,B0001,C0042,96,40
U+5929,100241706_00019_1,1291,1041,B0001,C0043,125,132
U+9EA9,100241706_00019_1,1263,1183,B0001,C0044,159,184
U+7F85,100241706_00019_1,1284,1403,B0001,C0045,132,175
U+9B5A,100241706_00019_1,1059,1009,B0001,C0046,95,151
U+985E,100241706_00019_1,1035,1164,B0001,C0047,116,193
U+3092,100241706_00019_1,1059,1359,B0001,C0048,95,147
U+6CB9,100241706_00019_1,1050,1524,B0001,C0049,111,152
U+306B,100241706_00019_1,1080,1683,B0001,C0050,49,115
U+3066,100241706_00019_1,1062,1804,B0001,C0051,80,116
U+63DA,100241706_00019_1,1047,1948,B0001,C0052,125,168
U+305F,100241706_00019_1,1071,2132,B0001,C0053,68,123
U+308B,100241706_00019_1,1087,2256,B0001,C0054,41,108
U+3092,100241706_00019_1,1063,2372,B0001,C0055,96,131
U+540D,100241706_00019_1,1058,2513,B0001,C0056,99,135
U+3068,100241706_00019_1,1090,2667,B0001,C0057,49,119
U+3059,100241706_00019_1,1074,2795,B0001,C0058,83,152
U+306F,100241706_00019_1,1074,2973,B0001,C0059,69,103
U+3058,100241706_00019_1,1110,3069,B0001,C0060,49,124
U+3081,100241706_00019_1,1072,3196,B0001,C0061,85,85
U+306F,100241706_00019_1,1079,3325,B0001,C0062,73,136
U+5929,100241706_00019_1,1048,3508,B0001,C0063,143,107
U+9EA9,100241706_00019_1,791,1019,B0001,C0064,151,169
U+7F85,100241706_00019_1,814,1200,B0001,C0065,125,171
U+963F,100241706_00019_1,816,1405,B0001,C0066,131,140
U+5E0C,100241706_00019_1,795,1561,B0001,C0067,125,184
U+3068,100241706_00019_1,847,1767,B0001,C0068,56,119
U+4E07,100241706_00019_1,820,1919,B0001,C0069,111,129
U+8449,100241706_00019_1,812,2064,B0001,C0070,112,179
U+306E,100241706_00019_1,827,2271,B0001,C0071,81,88
U+4EEE,100241706_00019_1,811,2391,B0001,C0072,121,123
U+540D,100241706_00019_1,815,2515,B0001,C0073,100,151
U+306B,100241706_00019_1,846,2701,B0001,C0074,49,108
U+3066,100241706_00019_1,823,2820,B0001,C0075,92,108
U+304B,100241706_00019_1,827,2968,B0001,C0076,99,105
U+3093,100241706_00019_1,826,3069,B0001,C0077,135,121
U+3070,100241706_00019_1,834,3219,B0001,C0078,115,123
U+3093,100241706_00019_1,820,3347,B0001,C0079,131,117
U+306B,100241706_00019_1,819,3515,B0001,C0080,101,99
U+66F8,100241706_00019_1,543,1020,B0001,C0081,144,173
U+3066,100241706_00019_1,567,1201,B0001,C0082,93,93
U+3046,100241706_00019_1,602,1315,B0001,C0083,48,132
U+308A,100241706_00019_1,580,1443,B0001,C0084,80,137
U+3057,100241706_00019_1,614,1580,B0001,C0085,35,169
U+3082,100241706_00019_1,603,1765,B0001,C0086,52,121
U+306E,100241706_00019_1,583,1891,B0001,C0087,81,99
U+306A,100241706_00019_1,583,2008,B0001,C0088,83,105
U+308A,100241706_00019_1,584,2115,B0001,C0089,68,151
U+3044,100241706_00019_1,567,2295,B0001,C0090,108,96
U+3064,100241706_00019_1,573,2392,B0001,C0091,103,119
U+3057,100241706_00019_1,618,2519,B0001,C0092,27,139
U+304B,100241706_00019_1,598,2660,B0001,C0093,51,75
U+63DA,100241706_00019_1,556,2768,B0001,C0094,127,151
U+306E,100241706_00019_1,579,2939,B0001,C0095,85,81
U+5B57,100241706_00019_1,584,3040,B0001,C0096,80,147
U+3092,100241706_00019_1,560,3191,B0001,C0097,115,101
U+306C,100241706_00019_1,565,3331,B0001,C0098,105,125
U+304D,100241706_00019_1,588,3464,B0001,C0099,63,157
U+3066,100241706_00019_1,328,1019,B0001,C0100,91,111
U+5929,100241706_00019_1,317,1159,B0001,C0101,132,123
U+9EA9,100241706_00019_1,301,1295,B0001,C0102,132,165
U+7F85,100241706_00019_1,328,1475,B0001,C0103,112,167
U+3068,100241706_00019_1,347,1667,B0001,C0104,72,104
U+6597,100241706_00019_1,333,1796,B0001,C0105,96,195
U+308A,100241706_00019_1,348,1992,B0001,C0106,64,124
U+304B,100241706_00019_1,323,2135,B0001,C0107,121,103
U+304D,100241706_00019_1,345,2241,B0001,C0108,65,97
U+3057,100241706_00019_1,371,2337,B0001,C0109,24,128
U+3086,100241706_00019_1,337,2476,B0001,C0110,89,89
U+3078,100241706_00019_1,327,2572,B0001,C0111,128,64
U+90FD,100241706_00019_1,308,2655,B0001,C0112,125,153
U+3066,100241706_00019_1,344,2819,B0001,C0113,80,111
U+3066,100241706_00019_1,336,2957,B0001,C0114,84,92
U+3093,100241706_00019_1,324,3044,B0001,C0115,136,105
U+3077,100241706_00019_1,328,3172,B0001,C0116,121,105
U+3089,100241706_00019_1,349,3280,B0001,C0117,63,113
U+3068,100241706_00019_1,352,3401,B0001,C0118,71,83
U+60E3,100241706_00019_1,337,3504,B0001,C0119,95,120
U+540D,100241706_00019_2,1868,1003,B0001,C0001,105,165
U+306B,100241706_00019_2,1899,1170,B0001,C0002,67,111
U+306A,100241706_00019_2,1888,1316,B0001,C0003,88,125
U+308A,100241706_00019_2,1845,1446,B0001,C0004,117,133
U+3051,100241706_00019_2,1875,1580,B0001,C0005,105,141
U+308A,100241706_00019_2,1889,1723,B0001,C0006,81,135
U+5929,100241706_00019_2,1869,1895,B0001,C0007,115,131
U+3068,100241706_00019_2,1905,2024,B0001,C0008,59,105
U+3044,100241706_00019_2,1892,2186,B0001,C0009,83,72
U+3075,100241706_00019_2,1875,2259,B0001,C0010,103,104
U+6587,100241706_00019_2,1871,2390,B0001,C0011,123,133
U+5B57,100241706_00019_2,1891,2542,B0001,C0012,85,143
U+3092,100241706_00019_2,1883,2703,B0001,C0013,107,117
U+3042,100241706_00019_2,1895,2838,B0001,C0014,95,116
U+3081,100241706_00019_2,1885,2955,B0001,C0015,96,140
U+306E,100241706_00019_2,1900,3107,B0001,C0016,84,87
U+304B,100241706_00019_2,1872,3214,B0001,C0017,115,112
U+306A,100241706_00019_2,1893,3321,B0001,C0018,99,116
U+306B,100241706_00019_2,1885,3445,B0001,C0019,103,88
U+3066,100241706_00019_2,1891,3530,B0001,C0020,83,103
U+3042,100241706_00019_2,1652,1008,B0001,C0021,104,116
U+3068,100241706_00019_2,1672,1138,B0001,C0022,60,103
U+3088,100241706_00019_2,1669,1264,B0001,C0023,60,120
U+307E,100241706_00019_2,1655,1391,B0001,C0024,99,153
U+305B,100241706_00019_2,1643,1543,B0001,C0025,97,119
U+305F,100241706_00019_2,1659,1690,B0001,C0026,88,112
U+308B,100241706_00019_2,1685,1803,B0001,C0027,41,105
U+3042,100241706_00019_2,1659,1931,B0001,C0028,103,103
U+3076,100241706_00019_2,1647,2036,B0001,C0029,117,119
U+3089,100241706_00019_2,1672,2156,B0001,C0030,59,123
U+3042,100241706_00019_2,1656,2275,B0001,C0031,96,127
U+3052,100241706_00019_2,1667,2403,B0001,C0032,99,144
U+306E,100241706_00019_2,1669,2566,B0001,C0033,80,99
U+7565,100241706_00019_2,1632,2691,B0001,C0034,157,135
U+3066,100241706_00019_2,1403,1006,B0001,C0035,92,119
U+3093,100241706_00019_2,1396,1152,B0001,C0036,164,125
U+3077,100241706_00019_2,1400,1314,B0001,C0037,133,176
U+3089,100241706_00019_2,1435,1495,B0001,C0038,49,133
U+306A,100241706_00019_2,1417,1648,B0001,C0039,96,141
U+308B,100241706_00019_2,1443,1791,B0001,C0040,39,96
U+3079,100241706_00019_2,1395,1888,B0001,C0041,123,80
U+3057,100241706_00019_2,1444,1971,B0001,C0042,31,328
U+25B2,100241706_00019_2,1156,955,B0001,C0043,104,51
U+3055,100241706_00019_2,1168,1043,B0001,C0044,85,121
U+3057,100241706_00019_2,1212,1206,B0001,C0045,27,209
U+307F,100241706_00019_2,1165,1468,B0001,C0046,116,147
U+9C39,100241706_00019_2,892,991,B0001,C0047,179,152
U+9BDB,100241706_00019_2,873,1178,B0001,C0048,160,149
U+5E73,100241706_00019_2,911,1366,B0001,C0049,125,140
U+76EE,100241706_00019_2,944,1507,B0001,C0050,79,152
U+307E,100241706_00019_2,944,1674,B0001,C0051,71,128
U+3050,100241706_00019_2,945,1803,B0001,C0052,73,116
U+308D,100241706_00019_2,928,1928,B0001,C0053,101,156
U+3059,100241706_00019_2,925,2116,B0001,C0054,109,153
U+3079,100241706_00019_2,923,2267,B0001,C0055,123,81
U+3066,100241706_00019_2,943,2354,B0001,C0056,60,133
U+89D2,100241706_00019_2,936,2510,B0001,C0057,80,169
U+3069,100241706_00019_2,948,2700,B0001,C0058,101,91
U+308A,100241706_00019_2,956,2804,B0001,C0059,53,128
U+3066,100241706_00019_2,931,2918,B0001,C0060,93,100
U+8584,100241706_00019_2,933,3038,B0001,C0061,99,179
U+304F,100241706_00019_2,961,3217,B0001,C0062,48,132
U+304D,100241706_00019_2,945,3346,B0001,C0063,75,149
U+308A,100241706_00019_2,955,3497,B0001,C0064,57,127
U+9162,100241706_00019_2,676,990,B0001,C0065,121,179
U+307F,100241706_00019_2,680,1170,B0001,C0066,109,155
U+305D,100241706_00019_2,709,1326,B0001,C0067,72,112
U+5927,100241706_00019_2,687,1459,B0001,C0068,111,145
U+6839,100241706_00019_2,679,1603,B0001,C0069,135,164
U+304A,100241706_00019_2,692,1776,B0001,C0070,112,147
U+308D,100241706_00019_2,697,1927,B0001,C0071,97,176
U+3057,100241706_00019_2,724,2104,B0001,C0072,36,157
U+306B,100241706_00019_2,717,2263,B0001,C0073,55,127
U+304F,100241706_00019_2,695,2402,B0001,C0074,108,112
U+3089,100241706_00019_2,723,2515,B0001,C0075,67,135
U+3075,100241706_00019_2,687,2651,B0001,C0076,103,97
U+662F,100241706_00019_2,701,2752,B0001,C0077,96,159
U+3092,100241706_00019_2,701,2927,B0001,C0078,105,127
U+3055,100241706_00019_2,715,3069,B0001,C0079,65,100
U+3057,100241706_00019_2,732,3170,B0001,C0080,36,209
U+307F,100241706_00019_2,688,3370,B0001,C0081,99,124
U+3068,100241706_00019_2,713,3498,B0001,C0082,71,120
U+3044,100241706_00019_2,451,1012,B0001,C0083,100,103
U+3075,100241706_00019_2,436,1115,B0001,C0084,115,119
U+5176,100241706_00019_2,431,1248,B0001,C0085,127,169
U+540D,100241706_00019_2,451,1426,B0001,C0086,105,159
U+306E,100241706_00019_2,456,1602,B0001,C0087,97,105
U+304A,100241706_00019_2,456,1732,B0001,C0088,104,84
U+3053,100241706_00019_2,467,1831,B0001,C0089,76,107
U+308A,100241706_00019_2,477,1952,B0001,C0090,61,140
U+306F,100241706_00019_2,472,2095,B0001,C0091,65,157
U+4E5D,100241706_00019_2,448,2280,B0001,C0092,135,103
U+5DDE,100241706_00019_2,416,2410,B0001,C0093,136,136
U+306E,100241706_00019_2,461,2564,B0001,C0094,87,96
U+6D77,100241706_00019_2,451,2687,B0001,C0095,133,141
U+8FBA,100241706_00019_2,464,2840,B0001,C0096,104,117
U+306B,100241706_00019_2,460,2985,B0001,C0097,99,107
U+3066,100241706_00019_2,477,3093,B0001,C0098,48,143
U+9BE8,100241706_00019_2,433,3285,B0001,C0099,149,156
U+5927,100241706_00019_2,448,3479,B0001,C0100,131,131
U+6F01,100241706_00019_2,193,996,B0001,C0101,123,155
U+3042,100241706_00019_2,212,1175,B0001,C0102,89,105
U+308A,100241706_00019_2,211,1282,B0001,C0103,76,129
U+3051,100241706_00019_2,205,1420,B0001,C0104,101,107
U+308C,100241706_00019_2,215,1524,B0001,C0105,77,148
U+3070,100241706_00019_2,211,1688,B0001,C0106,99,77
U+7269,100241706_00019_2,199,1812,B0001,C0107,113,151
U+5DEE,100241706_00019_2,184,1970,B0001,C0108,131,175
U+306B,100241706_00019_2,200,2162,B0001,C0109,108,131
U+3066,100241706_00019_2,199,2306,B0001,C0110,93,112
U+4F55,100241706_00019_2,195,2452,B0001,C0111,112,171
U+5C3A,100241706_00019_2,201,2618,B0001,C0112,93,140
U+3031,100241706_00019_2,227,2723,B0001,C0113,109,236
U+3068,100241706_00019_2,231,2973,B0001,C0114,69,125
U+5DEE,100241706_00019_2,215,3138,B0001,C0115,93,177
U+3057,100241706_00019_2,249,3330,B0001,C0116,31,155
U+3066,100241706_00019_2,209,3495,B0001,C0117,121,119
U+58F2,100241706_00020_1,1997,985,B0001,C0001,123,220
U+8CB7,100241706_00020_1,2013,1213,B0001,C0002,104,175
U+3092,100241706_00020_1,2014,1391,B0001,C0003,116,145
U+5B9A,100241706_00020_1,2014,1541,B0001,C0004,109,163
U+3081,100241706_00020_1,2015,1707,B0001,C0005,95,128
U+3057,100241706_00020_1,2058,1832,B0001,C0006,27,156
U+3082,100241706_00020_1,2043,1993,B0001,C0007,57,132
U+306E,100241706_00020_1,2029,2128,B0001,C0008,88,107
U+306A,100241706_00020_1,2030,2236,B0001,C0009,84,147
U+308A,100241706_00020_1,2038,2399,B0001,C0010,69,132
U+5247,100241706_00020_1,2013,2541,B0001,C0011,116,141
U+9B5A,100241706_00020_1,2025,2687,B0001,C0012,100,199
U+3092,100241706_00020_1,2034,2903,B0001,C0013,97,112
U+89D2,100241706_00020_1,2043,3049,B0001,C0014,77,168
U+3069,100241706_00020_1,2050,3249,B0001,C0015,105,87
U+308A,100241706_00020_1,2063,3333,B0001,C0016,55,128
U+3066,100241706_00020_1,2058,3459,B0001,C0017,51,156
U+3055,100241706_00020_1,1784,999,B0001,C0018,69,119
U+3059,100241706_00020_1,1763,1119,B0001,C0019,101,156
U+3086,100241706_00020_1,1766,1271,B0001,C0020,93,123
U+3078,100241706_00020_1,1756,1393,B0001,C0021,129,69
U+306B,100241706_00020_1,1764,1489,B0001,C0022,108,95
U+9BE8,100241706_00020_1,1748,1616,B0001,C0023,139,165
U+3055,100241706_00020_1,1787,1776,B0001,C0024,65,124
U+3057,100241706_00020_1,1810,1919,B0001,C0025,36,173
U+306E,100241706_00020_1,1779,2116,B0001,C0026,87,84
U+540D,100241706_00020_1,1772,2223,B0001,C0027,95,141
U+4ECA,100241706_00020_1,1771,2380,B0001,C0028,108,161
U+3082,100241706_00020_1,1797,2535,B0001,C0029,57,117
U+6B8B,100241706_00020_1,1755,2667,B0001,C0030,143,171
U+308C,100241706_00020_1,1793,2825,B0001,C0031,76,163
U+308A,100241706_00020_1,1806,2992,B0001,C0032,56,111
U+5176,100241706_00020_1,1782,3120,B0001,C0033,99,167
U+306E,100241706_00020_1,1798,3303,B0001,C0034,71,91
U+3061,100241706_00020_1,1795,3396,B0001,C0035,80,147
U+306F,100241706_00020_1,1790,3555,B0001,C0036,93,68
U+91CF,100241706_00020_1,1508,1000,B0001,C0037,120,180
U+308A,100241706_00020_1,1554,1209,B0001,C0038,63,153
U+306B,100241706_00020_1,1547,1364,B0001,C0039,64,121
U+3066,100241706_00020_1,1531,1508,B0001,C0040,101,92
U+307E,100241706_00020_1,1554,1619,B0001,C0041,61,131
U+305F,100241706_00020_1,1540,1749,B0001,C0042,75,91
U+3031,100241706_00020_1,1558,1791,B0001,C0043,85,220
U+3046,100241706_00020_1,1568,2024,B0001,C0044,45,99
U+308A,100241706_00020_1,1551,2128,B0001,C0045,76,115
U+304B,100241706_00020_1,1532,2256,B0001,C0046,111,120
U+3044,100241706_00020_1,1546,2377,B0001,C0047,92,68
U+3092,100241706_00020_1,1552,2463,B0001,C0048,91,116
U+306A,100241706_00020_1,1551,2593,B0001,C0049,81,132
U+3057,100241706_00020_1,1592,2731,B0001,C0050,23,139
U+76EE,100241706_00020_1,1559,2888,B0001,C0051,87,139
U+65B9,100241706_00020_1,1540,3035,B0001,C0052,107,155
U+304C,100241706_00020_1,1543,3217,B0001,C0053,139,97
U+3078,100241706_00020_1,1547,3320,B0001,C0054,121,60
U+306A,100241706_00020_1,1554,3381,B0001,C0055,92,117
U+308A,100241706_00020_1,1556,3500,B0001,C0056,79,141
U+53F3,100241706_00020_1,1271,1005,B0001,C0057,116,148
U+306E,100241706_00020_1,1290,1161,B0001,C0058,81,112
U+9BE8,100241706_00020_1,1267,1307,B0001,C0059,135,167
U+306B,100241706_00020_1,1302,1475,B0001,C0060,68,123
U+306A,100241706_00020_1,1298,1619,B0001,C0061,80,149
U+3089,100241706_00020_1,1322,1769,B0001,C0062,35,119
U+3072,100241706_00020_1,1291,1891,B0001,C0063,108,105
U+4F55,100241706_00020_1,1288,2025,B0001,C0064,105,153
U+9B5A,100241706_00020_1,1296,2172,B0001,C0065,92,183
U+306B,100241706_00020_1,1299,2371,B0001,C0066,88,108
U+3066,100241706_00020_1,1295,2479,B0001,C0067,101,95
U+3082,100241706_00020_1,1315,2591,B0001,C0068,65,95
U+89D2,100241706_00020_1,1307,2707,B0001,C0069,81,171
U+3069,100241706_00020_1,1318,2881,B0001,C0070,95,103
U+308A,100241706_00020_1,1327,2992,B0001,C0071,55,132
U+4E26,100241706_00020_1,1312,3128,B0001,C0072,84,148
U+3076,100241706_00020_1,1295,3276,B0001,C0073,119,120
U+3092,100241706_00020_1,1294,3397,B0001,C0074,127,83
U+5DEE,100241706_00020_1,1275,3487,B0001,C0075,148,156
U+8EAB,100241706_00020_1,1016,1011,B0001,C0076,116,164
U+3068,100241706_00020_1,1064,1161,B0001,C0077,65,117
U+3044,100241706_00020_1,1046,1303,B0001,C0078,100,81
U+3072,100241706_00020_1,1043,1388,B0001,C0079,108,112
U+306A,100241706_00020_1,1047,1501,B0001,C0080,99,125
U+3089,100241706_00020_1,1082,1633,B0001,C0081,32,129
U+306F,100241706_00020_1,1042,1776,B0001,C0082,93,69
U+305B,100241706_00020_1,1032,1853,B0001,C0083,105,120
U+308A,100241706_00020_1,1062,1975,B0001,C0084,75,133
U+3053,100241706_00020_1,1060,2125,B0001,C0085,88,127
U+306E,100241706_00020_1,1060,2253,B0001,C0086,83,91
U+3086,100241706_00020_1,1059,2359,B0001,C0087,92,100
U+3091,100241706_00020_1,1055,2460,B0001,C0088,95,115
U+306B,100241706_00020_1,1055,2589,B0001,C0089,123,112
U+3055,100241706_00020_1,822,1020,B0001,C0090,69,108
U+3057,100241706_00020_1,848,1129,B0001,C0091,25,204
U+8EAB,100241706_00020_1,758,1340,B0001,C0092,144,201
U+306A,100241706_00020_1,815,1536,B0001,C0093,84,163
U+308B,100241706_00020_1,844,1700,B0001,C0094,43,108
U+3079,100241706_00020_1,798,1812,B0001,C0095,129,89
U+3057,100241706_00020_1,843,1916,B0001,C0096,35,395
U+865A,100241706_00020_1,300,977,B0001,C0097,121,149
U+5357,100241706_00020_1,315,1153,B0001,C0098,101,155
U+7559,100241706_00020_1,300,1325,B0001,C0099,119,152
U+5225,100241706_00020_1,299,1505,B0001,C0100,120,133
U+5FD7,100241706_00020_1,305,1648,B0001,C0101,131,140
U+5DFB,100241706_00020_1,305,1805,B0001,C0102,177,139
U+4E4B,100241706_00020_1,311,1971,B0001,C0103,140,109
U+4E0A,100241706_00020_1,303,2095,B0001,C0104,137,93
U+7D42,100241706_00020_1,368,2221,B0001,C0105,135,127
U+865A,100241706_00020_2,1842,955,B0001,C0001,131,151
U+5357,100241706_00020_2,1862,1122,B0001,C0002,105,153
U+7559,100241706_00020_2,1858,1287,B0001,C0003,121,135
U+5225,100241706_00020_2,1855,1446,B0001,C0004,119,119
U+5FD7,100241706_00020_2,1873,1566,B0001,C0005,107,137
U+5DFB,100241706_00020_2,1861,1708,B0001,C0006,157,137
U+4E4B,100241706_00020_2,1878,1867,B0001,C0007,139,95
U+4E0B,100241706_00020_2,1877,1982,B0001,C0008,111,100
U+6C5F,100241706_00020_2,1663,2484,B0001,C0009,129,103
U+6238,100241706_00020_2,1639,2575,B0001,C0010,111,133
U+6728,100241706_00020_2,1639,2711,B0001,C0011,173,127
U+5C51,100241706_00020_2,1647,2868,B0001,C0012,109,157
U+5EB5,100241706_00020_2,1650,3049,B0001,C0013,137,136
U+8FF0,100241706_00020_2,1643,3193,B0001,C0014,157,140
U+25B2,100241706_00020_2,1396,936,B0001,C0015,100,47
U+3059,100241706_00020_2,1382,1010,B0001,C0016,115,177
U+3057,100241706_00020_2,1430,1214,B0001,C0017,29,240
U+6D77,100241706_00020_2,1162,983,B0001,C0018,131,136
U+4E0A,100241706_00020_2,1180,1128,B0001,C0019,84,124
U+306B,100241706_00020_2,1188,1260,B0001,C0020,59,121
U+96CE,100241706_00020_2,1144,1398,B0001,C0021,132,139
U+9CE9,100241706_00020_2,1143,1555,B0001,C0022,136,160
U+3068,100241706_00020_2,1191,1716,B0001,C0023,63,113
U+3044,100241706_00020_2,1180,1854,B0001,C0024,84,84
U+3075,100241706_00020_2,1166,1939,B0001,C0025,105,93
U+9CE5,100241706_00020_2,1186,2030,B0001,C0026,77,164
U+3088,100241706_00020_2,1198,2218,B0001,C0027,59,99
U+304F,100241706_00020_2,1200,2312,B0001,C0028,48,124
U+9B5A,100241706_00020_2,1174,2462,B0001,C0029,97,180
U+3092,100241706_00020_2,1183,2659,B0001,C0030,112,127
U+3068,100241706_00020_2,1198,2794,B0001,C0031,71,109
U+308A,100241706_00020_2,1192,2904,B0001,C0032,87,144
U+5F97,100241706_00020_2,1174,3086,B0001,C0033,109,129
U+3066,100241706_00020_2,1191,3217,B0001,C0034,100,96
U+5CA9,100241706_00020_2,1191,3331,B0001,C0035,95,141
U+306E,100241706_00020_2,1198,3498,B0001,C0036,87,85
U+9593,100241706_00020_2,927,988,B0001,C0037,101,131
U+306B,100241706_00020_2,922,1143,B0001,C0038,104,89
U+96A0,100241706_00020_2,920,1267,B0001,C0039,123,160
U+3059,100241706_00020_2,951,1428,B0001,C0040,72,148
U+8239,100241706_00020_2,907,1607,B0001,C0041,132,141
U+306E,100241706_00020_2,944,1763,B0001,C0042,84,91
U+3082,100241706_00020_2,962,1880,B0001,C0043,59,120
U+306E,100241706_00020_2,946,2000,B0001,C0044,85,88
U+662F,100241706_00020_2,952,2110,B0001,C0045,80,144
U+3092,100241706_00020_2,946,2279,B0001,C0046,107,128
U+3057,100241706_00020_2,946,2420,B0001,C0047,97,116
U+308A,100241706_00020_2,968,2538,B0001,C0048,53,135
U+3066,100241706_00020_2,948,2672,B0001,C0049,87,103
U+308F,100241706_00020_2,960,2788,B0001,C0050,65,120
U+308B,100241706_00020_2,980,2919,B0001,C0051,44,115
U+3055,100241706_00020_2,960,3039,B0001,C0052,68,113
U+306B,100241706_00020_2,942,3163,B0001,C0053,116,113
U+53D6,100241706_00020_2,954,3307,B0001,C0054,95,148
U+3066,100241706_00020_2,968,3457,B0001,C0055,57,161
U+304F,100241706_00020_2,687,983,B0001,C0056,100,93
U+3089,100241706_00020_2,715,1078,B0001,C0057,61,127
U+3075,100241706_00020_2,691,1206,B0001,C0058,91,95
U+7F8E,100241706_00020_2,692,1308,B0001,C0059,88,196
U+5473,100241706_00020_2,683,1500,B0001,C0060,117,156
U+3057,100241706_00020_2,734,1678,B0001,C0061,23,121
U+3066,100241706_00020_2,698,1800,B0001,C0062,93,113
U+81EA,100241706_00020_2,719,1926,B0001,C0063,65,157
U+7136,100241706_00020_2,698,2087,B0001,C0064,113,161
U+306B,100241706_00020_2,690,2256,B0001,C0065,113,111
U+9162,100241706_00020_2,687,2383,B0001,C0066,129,155
U+3057,100241706_00020_2,748,2536,B0001,C0067,21,167
U+3086,100241706_00020_2,715,2710,B0001,C0068,99,120
U+3091,100241706_00020_2,712,2831,B0001,C0069,101,133
U+306B,100241706_00020_2,726,2966,B0001,C0070,72,115
U+3059,100241706_00020_2,439,982,B0001,C0071,112,177
U+3057,100241706_00020_2,483,1154,B0001,C0072,32,205
U+306A,100241706_00020_2,467,1379,B0001,C0073,89,141
U+308B,100241706_00020_2,484,1523,B0001,C0074,43,101
U+3079,100241706_00020_2,440,1626,B0001,C0075,124,103
U+3057,100241706_00020_2,485,1726,B0001,C0076,37,305
U+25B2,100241706_00020_2,197,937,B0001,C0077,96,41
U+5BDB,100241706_00020_2,199,1000,B0001,C0078,105,167
U+6C38,100241706_00020_2,183,1179,B0001,C0079,129,139
U+306E,100241706_00020_2,207,1330,B0001,C0080,89,95
U+3053,100241706_00020_2,223,1432,B0001,C0081,68,97
U+308D,100241706_00020_2,212,1535,B0001,C0082,89,121
U+306F,100241706_00020_2,203,1658,B0001,C0083,92,85
U+53EA,100241706_00020_2,203,1750,B0001,C0084,96,111
U+4ECA,100241706_00020_2,192,1852,B0001,C0085,131,159
U+306E,100241706_00020_2,219,2022,B0001,C0086,81,88
U+307B,100241706_00020_2,216,2119,B0001,C0087,105,115
U+3069,100241706_00020_2,231,2235,B0001,C0088,80,111
U+6C5F,100241706_00020_2,211,2371,B0001,C0089,109,121
U+6238,100241706_00020_2,209,2494,B0001,C0090,93,144
U+753A,100241706_00020_2,209,2632,B0001,C0091,124,119
U+306B,100241706_00020_2,208,2755,B0001,C0092,113,99
U+3082,100241706_00020_2,237,2855,B0001,C0093,65,109
U+6599,100241706_00020_2,208,2970,B0001,C0094,125,151
U+7406,100241706_00020_2,231,3127,B0001,C0095,105,139
U+8336,100241706_00020_2,225,3271,B0001,C0096,101,160
U+5C4B,100241706_00020_2,228,3425,B0001,C0097,121,115
U+3068,100241706_00020_2,252,3538,B0001,C0098,71,77
U+3044,100241706_00021_1,2031,971,B0001,C0001,93,101
U+3075,100241706_00021_1,2023,1073,B0001,C0002,103,95
U+3082,100241706_00021_1,2055,1164,B0001,C0003,60,104
U+306E,100241706_00021_1,2037,1269,B0001,C0004,88,91
U+3082,100241706_00021_1,2047,1363,B0001,C0005,61,117
U+6CA2,100241706_00021_1,2028,1500,B0001,C0006,112,127
U+5C71,100241706_00021_1,2031,1629,B0001,C0007,113,149
U+306F,100241706_00021_1,2052,1787,B0001,C0008,65,121
U+306A,100241706_00021_1,2051,1913,B0001,C0009,65,132
U+304B,100241706_00021_1,2027,2045,B0001,C0010,101,109
U+308A,100241706_00021_1,2060,2151,B0001,C0011,55,109
U+3057,100241706_00021_1,2073,2251,B0001,C0012,21,112
U+3068,100241706_00021_1,2064,2373,B0001,C0013,49,104
U+305E,100241706_00021_1,2047,2480,B0001,C0014,97,115
U+65E5,100241706_00021_1,2056,2609,B0001,C0015,60,92
U+672C,100241706_00021_1,2039,2708,B0001,C0016,103,136
U+6A4B,100241706_00021_1,2031,2860,B0001,C0017,117,140
U+306B,100241706_00021_1,2052,3011,B0001,C0018,68,99
U+685C,100241706_00021_1,2021,3128,B0001,C0019,136,135
U+5C4B,100241706_00021_1,2045,3287,B0001,C0020,108,125
U+4EAC,100241706_00021_1,2044,3456,B0001,C0021,92,148
U+6A4B,100241706_00021_1,1773,975,B0001,C0022,135,157
U+3075,100241706_00021_1,1779,1143,B0001,C0023,113,103
U+304F,100241706_00021_1,1812,1247,B0001,C0024,56,105
U+308D,100241706_00021_1,1789,1348,B0001,C0025,104,149
U+3084,100241706_00021_1,1779,1499,B0001,C0026,107,124
U+3068,100241706_00021_1,1812,1617,B0001,C0027,65,111
U+8B02,100241706_00021_1,1765,1761,B0001,C0028,132,168
U+3075,100241706_00021_1,1784,1931,B0001,C0029,104,111
U+3046,100241706_00021_1,1816,2035,B0001,C0030,47,108
U+3061,100241706_00021_1,1800,2131,B0001,C0031,81,141
U+6B64,100241706_00021_1,1780,2288,B0001,C0032,121,112
U+4E8C,100241706_00021_1,1777,2429,B0001,C0033,115,63
U+8ED2,100241706_00021_1,1776,2515,B0001,C0034,127,140
U+540D,100241706_00021_1,1780,2676,B0001,C0035,108,147
U+9AD8,100241706_00021_1,1809,2829,B0001,C0036,64,165
U+304F,100241706_00021_1,1812,2996,B0001,C0037,44,117
U+5176,100241706_00021_1,1804,3129,B0001,C0038,67,152
U+5185,100241706_00021_1,1800,3299,B0001,C0039,85,131
U+306B,100241706_00021_1,1808,3451,B0001,C0040,52,167
U+685C,100241706_00021_1,1537,977,B0001,C0041,136,147
U+5C4B,100241706_00021_1,1557,1143,B0001,C0042,109,132
U+306B,100241706_00021_1,1553,1304,B0001,C0043,100,109
U+3066,100241706_00021_1,1565,1417,B0001,C0044,57,124
U+306F,100241706_00021_1,1557,1556,B0001,C0045,83,80
U+86F8,100241706_00021_1,1541,1659,B0001,C0046,117,151
U+3092,100241706_00021_1,1561,1811,B0001,C0047,96,128
U+716E,100241706_00021_1,1555,1945,B0001,C0048,93,196
U+308B,100241706_00021_1,1585,2143,B0001,C0049,43,103
U+540D,100241706_00021_1,1551,2264,B0001,C0050,99,144
U+4EE3,100241706_00021_1,1547,2407,B0001,C0051,117,153
U+306A,100241706_00021_1,1576,2540,B0001,C0052,67,133
U+308A,100241706_00021_1,1573,2675,B0001,C0053,63,141
U+888B,100241706_00021_1,1556,2836,B0001,C0054,124,165
U+5C4B,100241706_00021_1,1567,3003,B0001,C0055,111,156
U+306B,100241706_00021_1,1564,3199,B0001,C0056,100,92
U+3066,100241706_00021_1,1576,3303,B0001,C0057,61,145
U+306F,100241706_00021_1,1583,3473,B0001,C0058,61,133
U+86AB,100241706_00021_1,1287,979,B0001,C0059,145,135
U+3092,100241706_00021_1,1309,1121,B0001,C0060,111,135
U+716E,100241706_00021_1,1300,1236,B0001,C0061,108,205
U+308B,100241706_00021_1,1341,1448,B0001,C0062,40,83
U+304C,100241706_00021_1,1336,1528,B0001,C0063,77,88
U+540D,100241706_00021_1,1305,1644,B0001,C0064,100,184
U+7269,100241706_00021_1,1305,1829,B0001,C0065,108,128
U+306A,100241706_00021_1,1325,1972,B0001,C0066,71,137
U+308A,100241706_00021_1,1335,2111,B0001,C0067,60,127
U+4E8C,100241706_00021_1,1309,2265,B0001,C0068,103,76
U+8ED2,100241706_00021_1,1296,2368,B0001,C0069,112,157
U+3068,100241706_00021_1,1332,2536,B0001,C0070,59,113
U+3082,100241706_00021_1,1332,2651,B0001,C0071,89,135
U+306B,100241706_00021_1,1305,2815,B0001,C0072,108,96
U+5176,100241706_00021_1,1331,2929,B0001,C0073,57,156
U+5473,100241706_00021_1,1305,3087,B0001,C0074,123,140
U+306B,100241706_00021_1,1340,3240,B0001,C0075,60,89
U+5999,100241706_00021_1,1301,3351,B0001,C0076,132,127
U+3092,100241706_00021_1,1327,3476,B0001,C0077,108,124
U+5F97,100241706_00021_1,1068,995,B0001,C0078,95,139
U+305F,100241706_00021_1,1079,1137,B0001,C0079,71,72
U+308A,100241706_00021_1,1061,1211,B0001,C0080,83,123
U+305D,100241706_00021_1,1081,1333,B0001,C0081,72,119
U+306E,100241706_00021_1,1075,1453,B0001,C0082,80,128
U+3086,100241706_00021_1,1065,1583,B0001,C0083,95,119
U+3078,100241706_00021_1,1051,1703,B0001,C0084,133,56
U+304B,100241706_00021_1,1095,1768,B0001,C0085,49,57
U+86F8,100241706_00021_1,799,985,B0001,C0086,137,151
U+306E,100241706_00021_1,832,1157,B0001,C0087,91,95
U+685C,100241706_00021_1,807,1275,B0001,C0088,152,147
U+5C4B,100241706_00021_1,835,1451,B0001,C0089,113,135
U+716E,100241706_00021_1,815,1601,B0001,C0090,121,192
U+86AB,100241706_00021_1,816,2001,B0001,C0091,149,119
U+306E,100241706_00021_1,837,2137,B0001,C0092,93,83
U+888B,100241706_00021_1,823,2233,B0001,C0093,129,156
U+5C4B,100241706_00021_1,835,2404,B0001,C0094,116,128
U+716E,100241706_00021_1,827,2548,B0001,C0095,108,181
U+662F,100241706_00021_1,585,993,B0001,C0096,88,157
U+3092,100241706_00021_1,585,1153,B0001,C0097,97,109
U+305F,100241706_00021_1,585,1281,B0001,C0098,105,123
U+3053,100241706_00021_1,603,1405,B0001,C0099,73,91
U+306E,100241706_00021_1,589,1508,B0001,C0100,89,85
U+3055,100241706_00021_1,596,1607,B0001,C0101,67,99
U+304F,100241706_00021_1,576,1707,B0001,C0102,112,93
U+3089,100241706_00021_1,600,1803,B0001,C0103,59,107
U+306B,100241706_00021_1,572,1912,B0001,C0104,105,92
U+3042,100241706_00021_1,581,2027,B0001,C0105,99,121
U+308F,100241706_00021_1,600,2145,B0001,C0106,55,117
U+3073,100241706_00021_1,576,2263,B0001,C0107,117,117
U+306E,100241706_00021_1,593,2388,B0001,C0108,89,84
U+3075,100241706_00021_1,577,2485,B0001,C0109,103,105
U+304F,100241706_00021_1,581,2589,B0001,C0110,104,93
U+3089,100241706_00021_1,605,2691,B0001,C0111,48,103
U+716E,100241706_00021_1,580,2789,B0001,C0112,109,171
U+3068,100241706_00021_1,611,2959,B0001,C0113,65,109
U+3044,100241706_00021_1,596,3092,B0001,C0114,84,64
U+3072,100241706_00021_1,588,3160,B0001,C0115,105,95
U+306A,100241706_00021_1,605,3267,B0001,C0116,63,167
U+3089,100241706_00021_1,624,3435,B0001,C0117,40,95
U+306F,100241706_00021_1,593,3531,B0001,C0118,88,80
U+305B,100241706_00021_1,331,981,B0001,C0119,97,121
U+308A,100241706_00021_1,369,1104,B0001,C0120,49,115
U+3080,100241706_00021_1,340,1235,B0001,C0121,103,125
U+304B,100241706_00021_1,337,1361,B0001,C0122,99,97
U+3057,100241706_00021_1,387,1440,B0001,C0123,25,123
U+306E,100241706_00021_1,349,1581,B0001,C0124,87,83
U+304A,100241706_00021_1,332,1680,B0001,C0125,117,127
U+3054,100241706_00021_1,352,1812,B0001,C0126,96,143
U+3089,100241706_00021_1,365,1956,B0001,C0127,47,119
U+3056,100241706_00021_1,355,2084,B0001,C0128,85,84
U+308B,100241706_00021_1,361,2169,B0001,C0129,53,77
U+3057,100241706_00021_1,345,2275,B0001,C0130,96,113
U+3064,100241706_00021_1,336,2396,B0001,C0131,108,117
U+305D,100241706_00021_1,361,2512,B0001,C0132,91,117
U+3092,100241706_00021_1,353,2639,B0001,C0133,101,105
U+77E5,100241706_00021_1,344,2763,B0001,C0134,112,136
U+308B,100241706_00021_1,381,2900,B0001,C0135,43,91
U+3079,100241706_00021_1,333,2992,B0001,C0136,123,68
U+3057,100241706_00021_1,388,3069,B0001,C0137,28,303
U+25B2,100241706_00021_2,1845,892,B0001,C0001,105,53
U+304B,100241706_00021_2,1839,965,B0001,C0002,124,132
U+307E,100241706_00021_2,1844,1099,B0001,C0003,116,128
U+307C,100241706_00021_2,1857,1239,B0001,C0004,119,153
U+3053,100241706_00021_2,1873,1393,B0001,C0005,81,97
U+306F,100241706_00021_2,1863,1507,B0001,C0006,76,103
U+3093,100241706_00021_2,1855,1611,B0001,C0007,120,93
U+3078,100241706_00021_2,1847,1709,B0001,C0008,104,159
U+3044,100241706_00021_2,1855,1869,B0001,C0009,101,105
U+5BFF,100241706_00021_2,1587,936,B0001,C0010,144,195
U+6C38,100241706_00021_2,1604,1133,B0001,C0011,120,149
U+5E74,100241706_00021_2,1616,1284,B0001,C0012,105,191
U+4E2D,100241706_00021_2,1619,1480,B0001,C0013,101,155
U+5E73,100241706_00021_2,1623,1647,B0001,C0014,104,153
U+5BB6,100241706_00021_2,1633,1801,B0001,C0015,111,165
U+8FFD,100241706_00021_2,1615,1977,B0001,C0016,117,148
U+8A0E,100241706_00021_2,1613,2127,B0001,C0017,131,155
U+3068,100241706_00021_2,1640,2283,B0001,C0018,85,72
U+3057,100241706_00021_2,1659,2369,B0001,C0019,37,120
U+3066,100241706_00021_2,1631,2496,B0001,C0020,84,105
U+516B,100241706_00021_2,1601,2628,B0001,C0021,160,77
U+3057,100241706_00021_2,1636,2715,B0001,C0022,96,135
U+307E,100241706_00021_2,1647,2847,B0001,C0023,61,121
U+6A80,100241706_00021_2,1601,2988,B0001,C0024,141,161
U+306E,100241706_00021_2,1643,3157,B0001,C0025,81,88
U+3046,100241706_00021_2,1657,3251,B0001,C0026,45,111
U+3089,100241706_00021_2,1652,3363,B0001,C0027,60,124
U+3078,100241706_00021_2,1617,3488,B0001,C0028,119,83
U+938C,100241706_00021_2,1379,939,B0001,C0029,116,167
U+5009,100241706_00021_2,1369,1119,B0001,C0030,132,160
U+5C06,100241706_00021_2,1375,1297,B0001,C0031,125,141
U+8ECD,100241706_00021_2,1383,1445,B0001,C0032,99,192
U+4EE3,100241706_00021_2,1375,1655,B0001,C0033,125,140
U+5B98,100241706_00021_2,1391,1781,B0001,C0034,93,152
U+3068,100241706_00021_2,1403,1932,B0001,C0035,76,103
U+3057,100241706_00021_2,1420,2056,B0001,C0036,28,123
U+3066,100241706_00021_2,1399,2180,B0001,C0037,52,132
U+5224,100241706_00021_2,1375,2347,B0001,C0038,108,149
U+5B98,100241706_00021_2,1395,2500,B0001,C0039,85,145
U+6BBF,100241706_00021_2,1369,2668,B0001,C0040,121,128
U+84B2,100241706_00021_2,1391,2813,B0001,C0041,113,172
U+6BBF,100241706_00021_2,1376,3007,B0001,C0042,111,149
U+5FA1,100241706_00021_2,1401,3164,B0001,C0043,83,83
U+51FA,100241706_00021_2,1395,3289,B0001,C0044,97,100
U+99AC,100241706_00021_2,1383,3419,B0001,C0045,111,141
U+3042,100241706_00021_2,1160,944,B0001,C0046,88,104
U+308A,100241706_00021_2,1169,1049,B0001,C0047,68,113
U+3053,100241706_00021_2,1157,1171,B0001,C0048,85,133
U+309D,100241706_00021_2,1195,1311,B0001,C0049,21,43
U+306B,100241706_00021_2,1143,1356,B0001,C0050,99,115
U+6E90,100241706_00021_2,1145,1501,B0001,C0051,111,133
U+6C0F,100241706_00021_2,1161,1653,B0001,C0052,99,127
U+65B9,100241706_00021_2,1143,1804,B0001,C0053,108,151
U+306E,100241706_00021_2,1159,1969,B0001,C0054,76,96
U+3046,100241706_00021_2,1176,2087,B0001,C0055,44,124
U+3061,100241706_00021_2,1164,2200,B0001,C0056,75,127
U+3088,100241706_00021_2,1171,2328,B0001,C0057,53,85
U+308A,100241706_00021_2,1168,2416,B0001,C0058,55,124
U+9BAB,100241706_00021_2,1137,2553,B0001,C0059,141,145
U+30B1,100241706_00021_2,1157,2703,B0001,C0060,93,91
U+8C37,100241706_00021_2,1121,2787,B0001,C0061,157,132
U+534A,100241706_00021_2,1163,2931,B0001,C0062,75,127
U+5175,100241706_00021_2,1143,3056,B0001,C0063,109,116
U+885B,100241706_00021_2,1151,3173,B0001,C0064,115,124
U+3068,100241706_00021_2,1173,3305,B0001,C0065,59,92
U+3044,100241706_00021_2,1156,3400,B0001,C0066,83,80
U+3075,100241706_00021_2,1141,3481,B0001,C0067,101,91
U+3082,100241706_00021_2,935,957,B0001,C0068,60,135
U+306E,100241706_00021_2,915,1097,B0001,C0069,84,89
U+5E73,100241706_00021_2,896,1208,B0001,C0070,108,147
U+5BB6,100241706_00021_2,913,1357,B0001,C0071,95,175
U+3078,100241706_00021_2,901,1532,B0001,C0072,121,67
U+88CF,100241706_00021_2,907,1596,B0001,C0073,109,203
U+5207,100241706_00021_2,893,1797,B0001,C0074,117,117
U+3092,100241706_00021_2,911,1949,B0001,C0075,117,123
U+306A,100241706_00021_2,919,2077,B0001,C0076,89,116
U+3057,100241706_00021_2,949,2203,B0001,C0077,28,175
U+3042,100241706_00021_2,912,2396,B0001,C0078,96,123
U+307E,100241706_00021_2,929,2520,B0001,C0079,61,125
U+3064,100241706_00021_2,912,2647,B0001,C0080,96,127
U+3055,100241706_00021_2,931,2785,B0001,C0081,64,85
U+3078,100241706_00021_2,896,2875,B0001,C0082,140,71
U+5FA1,100241706_00021_2,924,2947,B0001,C0083,95,121
U+9053,100241706_00021_2,927,3069,B0001,C0084,88,139
U+306E,100241706_00021_2,923,3235,B0001,C0085,84,99
U+307B,100241706_00021_2,911,3336,B0001,C0086,105,116
U+3068,100241706_00021_2,931,3463,B0001,C0087,79,107
U+308A,100241706_00021_2,688,961,B0001,C0088,72,159
U+3078,100241706_00021_2,655,1121,B0001,C0089,124,59
U+9663,100241706_00021_2,663,1185,B0001,C0090,121,173
U+3092,100241706_00021_2,669,1353,B0001,C0091,111,127
U+3068,100241706_00021_2,700,1496,B0001,C0092,47,117
U+308A,100241706_00021_2,689,1615,B0001,C0093,73,151
U+5FA1,100241706_00021_2,673,1797,B0001,C0094,120,163
U+5148,100241706_00021_2,681,1960,B0001,C0095,103,139
U+3092,100241706_00021_2,673,2113,B0001,C0096,109,121
U+3055,100241706_00021_2,695,2251,B0001,C0097,69,108
U+309D,100241706_00021_2,713,2359,B0001,C0098,32,43
U+3078,100241706_00021_2,675,2435,B0001,C0099,128,52
U+305F,100241706_00021_2,683,2504,B0001,C0100,105,124
U+308A,100241706_00021_2,703,2629,B0001,C0101,68,129
U+6E90,100241706_00021_2,676,2785,B0001,C0102,117,135
U+5BB6,100241706_00021_2,681,2921,B0001,C0103,113,140
U+306E,100241706_00021_2,688,3073,B0001,C0104,84,84
U+3064,100241706_00021_2,680,3187,B0001,C0105,97,81
U+308F,100241706_00021_2,695,3273,B0001,C0106,65,107
U+3082,100241706_00021_2,699,3385,B0001,C0107,57,100
U+306E,100241706_00021_2,677,3484,B0001,C0108,83,79
U+306B,100241706_00021_2,421,945,B0001,C0109,112,119
U+304F,100241706_00021_2,452,1044,B0001,C0110,57,115
U+304D,100241706_00021_2,444,1161,B0001,C0111,63,139
U+9BAB,100241706_00021_2,412,1321,B0001,C0112,151,161
U+30B1,100241706_00021_2,441,1480,B0001,C0113,96,112
U+8C37,100241706_00021_2,400,1601,B0001,C0114,157,151
U+306E,100241706_00021_2,440,1751,B0001,C0115,88,104
U+3075,100241706_00021_2,427,1869,B0001,C0116,107,128
U+308B,100241706_00021_2,465,1999,B0001,C0117,45,73
U+307E,100241706_00021_2,460,2073,B0001,C0118,48,141
U+3072,100241706_00021_2,437,2216,B0001,C0119,99,113
U+304B,100241706_00021_2,464,2344,B0001,C0120,48,79
U+306A,100241706_00021_2,447,2409,B0001,C0121,92,136
U+3068,100241706_00021_2,460,2543,B0001,C0122,48,95
U+6211,100241706_00021_2,421,2652,B0001,C0123,140,148
U+3055,100241706_00021_2,460,2796,B0001,C0124,69,96
U+304D,100241706_00021_2,444,2895,B0001,C0125,103,119
U+306B,100241706_00021_2,437,3016,B0001,C0126,105,96
U+3068,100241706_00021_2,463,3119,B0001,C0127,71,96
U+927E,100241706_00021_2,447,3243,B0001,C0128,101,169
U+5148,100241706_00021_2,452,3411,B0001,C0129,87,147
U+3092,100241706_00021_2,189,937,B0001,C0130,92,121
U+63C3,100241706_00021_2,165,1060,B0001,C0131,127,181
U+3072,100241706_00021_2,180,1245,B0001,C0132,111,104
U+5F13,100241706_00021_2,201,1367,B0001,C0133,64,141
U+99AC,100241706_00021_2,177,1531,B0001,C0134,109,133
U+3092,100241706_00021_2,189,1699,B0001,C0135,100,124
U+304B,100241706_00021_2,189,1848,B0001,C0136,99,101
U+3051,100241706_00021_2,199,1951,B0001,C0137,92,144
U+305F,100241706_00021_2,201,2107,B0001,C0138,68,108
U+3066,100241706_00021_2,191,2216,B0001,C0139,81,115
U+4E00,100241706_00021_2,179,2388,B0001,C0140,108,24
U+6642,100241706_00021_2,176,2467,B0001,C0141,113,155
U+306B,100241706_00021_2,212,2627,B0001,C0142,56,109
U+534A,100241706_00021_2,207,2752,B0001,C0143,71,135
U+5175,100241706_00021_2,184,2880,B0001,C0144,93,121
U+885B,100241706_00021_2,189,3019,B0001,C0145,115,124
U+3092,100241706_00021_2,184,3161,B0001,C0146,113,81
U+3046,100241706_00021_2,217,3289,B0001,C0147,45,127
U+3061,100241706_00021_2,201,3416,B0001,C0148,75,156
U+3068,100241706_00022_1,2021,973,B0001,C0001,87,99
U+308A,100241706_00022_1,2034,1075,B0001,C0002,68,140
U+7B4B,100241706_00022_1,2005,1234,B0001,C0003,113,164
U+9AA8,100241706_00022_1,2006,1399,B0001,C0004,116,173
U+3092,100241706_00022_1,2023,1572,B0001,C0005,99,123
U+306C,100241706_00022_1,2014,1703,B0001,C0006,105,109
U+304D,100241706_00022_1,2029,1816,B0001,C0007,69,141
U+304B,100241706_00022_1,2005,1975,B0001,C0008,111,96
U+3061,100241706_00022_1,2034,2066,B0001,C0009,84,147
U+6642,100241706_00022_1,2018,2202,B0001,C0010,109,179
U+3092,100241706_00022_1,2026,2382,B0001,C0011,101,112
U+3042,100241706_00022_1,2034,2518,B0001,C0012,91,97
U+3052,100241706_00022_1,2037,2616,B0001,C0013,93,137
U+8ECD,100241706_00022_1,2030,2756,B0001,C0014,97,159
U+9663,100241706_00022_1,2023,2923,B0001,C0015,109,171
U+8840,100241706_00022_1,2033,3095,B0001,C0016,96,117
U+796D,100241706_00022_1,2034,3206,B0001,C0017,87,153
U+3088,100241706_00022_1,2058,3362,B0001,C0018,44,104
U+3057,100241706_00022_1,2071,3465,B0001,C0019,24,140
U+3068,100241706_00022_1,1785,973,B0001,C0020,75,104
U+3059,100241706_00022_1,1785,1107,B0001,C0021,77,133
U+3050,100241706_00022_1,1789,1238,B0001,C0022,73,136
U+3055,100241706_00022_1,1787,1391,B0001,C0023,64,88
U+307E,100241706_00022_1,1774,1480,B0001,C0024,87,124
U+516B,100241706_00022_1,1774,1626,B0001,C0025,115,71
U+5CF6,100241706_00022_1,1790,1698,B0001,C0026,71,183
U+3078,100241706_00022_1,1764,1886,B0001,C0027,109,55
U+304A,100241706_00022_1,1770,1959,B0001,C0028,113,124
U+3082,100241706_00022_1,1803,2062,B0001,C0029,51,119
U+3080,100241706_00022_1,1785,2184,B0001,C0030,93,123
U+304D,100241706_00022_1,1782,2308,B0001,C0031,107,107
U+3051,100241706_00022_1,1790,2423,B0001,C0032,87,93
U+308A,100241706_00022_1,1780,2512,B0001,C0033,77,135
U+5148,100241706_00022_1,1778,2640,B0001,C0034,109,125
U+60E3,100241706_00022_1,1779,2783,B0001,C0035,100,135
U+5175,100241706_00022_1,1764,2919,B0001,C0036,113,137
U+3092,100241706_00022_1,1782,3070,B0001,C0037,93,108
U+3084,100241706_00022_1,1768,3205,B0001,C0038,120,85
U+3059,100241706_00022_1,1803,3291,B0001,C0039,67,128
U+3081,100241706_00022_1,1789,3454,B0001,C0040,100,144
U+5175,100241706_00022_1,1519,988,B0001,C0041,104,131
U+7CE7,100241706_00022_1,1515,1120,B0001,C0042,132,161
U+304B,100241706_00022_1,1524,1298,B0001,C0043,104,101
U+305F,100241706_00022_1,1548,1400,B0001,C0044,68,79
U+3032,100241706_00022_1,1555,1456,B0001,C0045,79,252
U+6240,100241706_00022_1,1523,1738,B0001,C0046,121,129
U+306E,100241706_00022_1,1548,1883,B0001,C0047,83,89
U+6F01,100241706_00022_1,1536,2002,B0001,C0048,108,143
U+5E2B,100241706_00022_1,1538,2162,B0001,C0049,112,143
U+3069,100241706_00022_1,1566,2315,B0001,C0050,81,96
U+3082,100241706_00022_1,1572,2420,B0001,C0051,55,132
U+306B,100241706_00022_1,1543,2554,B0001,C0052,100,112
U+7533,100241706_00022_1,1574,2680,B0001,C0053,59,127
U+3064,100241706_00022_1,1547,2807,B0001,C0054,99,89
U+3051,100241706_00022_1,1560,2898,B0001,C0055,89,109
U+3066,100241706_00022_1,1563,3007,B0001,C0056,81,99
U+9B5A,100241706_00022_1,1543,3118,B0001,C0057,104,147
U+3092,100241706_00022_1,1554,3293,B0001,C0058,108,76
U+3068,100241706_00022_1,1574,3393,B0001,C0059,79,89
U+3089,100241706_00022_1,1587,3489,B0001,C0060,67,119
U+305B,100241706_00022_1,1271,984,B0001,C0061,104,115
U+8ECD,100241706_00022_1,1294,1114,B0001,C0062,95,167
U+5175,100241706_00022_1,1280,1290,B0001,C0063,108,143
U+3069,100241706_00022_1,1314,1436,B0001,C0064,89,77
U+3082,100241706_00022_1,1322,1523,B0001,C0065,52,133
U+3078,100241706_00022_1,1288,1655,B0001,C0066,119,71
U+5927,100241706_00022_1,1296,1735,B0001,C0067,89,123
U+5C06,100241706_00022_1,1283,1871,B0001,C0068,116,131
U+84B2,100241706_00022_1,1295,2016,B0001,C0069,112,180
U+6BBF,100241706_00022_1,1276,2208,B0001,C0070,135,132
U+3088,100241706_00022_1,1335,2348,B0001,C0071,48,92
U+308A,100241706_00022_1,1327,2443,B0001,C0072,53,124
U+7D66,100241706_00022_1,1296,2598,B0001,C0073,115,163
U+306F,100241706_00022_1,1306,2770,B0001,C0074,88,59
U+308A,100241706_00022_1,1322,2830,B0001,C0075,65,119
U+3051,100241706_00022_1,1311,2949,B0001,C0076,92,136
U+308B,100241706_00022_1,1331,3086,B0001,C0077,48,76
U+8352,100241706_00022_1,1307,3166,B0001,C0078,120,161
U+6D77,100241706_00022_1,1306,3334,B0001,C0079,121,127
U+306E,100241706_00022_1,1312,3489,B0001,C0080,85,84
U+4E8B,100241706_00022_1,1058,998,B0001,C0081,75,147
U+306A,100241706_00022_1,1051,1146,B0001,C0082,83,141
U+308C,100241706_00022_1,1054,1290,B0001,C0083,81,124
U+3070,100241706_00022_1,1050,1422,B0001,C0084,96,67
U+9BAB,100241706_00022_1,1031,1514,B0001,C0085,145,157
U+306E,100241706_00022_1,1058,1686,B0001,C0086,85,81
U+9B5A,100241706_00022_1,1051,1811,B0001,C0087,89,148
U+306E,100241706_00022_1,1055,1972,B0001,C0088,85,120
U+307F,100241706_00022_1,1080,2096,B0001,C0089,47,99
U+6CA2,100241706_00022_1,1055,2219,B0001,C0090,109,144
U+5C71,100241706_00022_1,1062,2363,B0001,C0091,101,123
U+306B,100241706_00022_1,1068,2487,B0001,C0092,67,108
U+3068,100241706_00022_1,1071,2612,B0001,C0093,81,85
U+308C,100241706_00022_1,1071,2695,B0001,C0094,79,121
U+305F,100241706_00022_1,1075,2823,B0001,C0095,71,97
U+308A,100241706_00022_1,1092,2922,B0001,C0096,48,97
U+3051,100241706_00022_1,1086,3021,B0001,C0097,60,81
U+308A,100241706_00022_1,1094,3105,B0001,C0098,49,117
U+4E0B,100241706_00022_1,1080,3234,B0001,C0099,89,104
U+3005,100241706_00022_1,1096,3342,B0001,C0100,39,125
U+8ECD,100241706_00022_1,1072,3467,B0001,C0101,99,155
U+5175,100241706_00022_1,802,982,B0001,C0102,107,148
U+3088,100241706_00022_1,838,1130,B0001,C0103,51,81
U+308A,100241706_00022_1,840,1219,B0001,C0104,53,112
U+4E0A,100241706_00022_1,823,1338,B0001,C0105,87,135
U+3078,100241706_00022_1,802,1480,B0001,C0106,128,57
U+3053,100241706_00022_1,840,1551,B0001,C0107,68,69
U+308C,100241706_00022_1,827,1626,B0001,C0108,80,120
U+3092,100241706_00022_1,812,1748,B0001,C0109,111,124
U+7533,100241706_00022_1,831,1855,B0001,C0110,65,119
U+3042,100241706_00022_1,819,1962,B0001,C0111,88,129
U+3052,100241706_00022_1,828,2088,B0001,C0112,93,119
U+6B64,100241706_00022_1,804,2228,B0001,C0113,120,92
U+307E,100241706_00022_1,844,2320,B0001,C0114,55,116
U+309D,100241706_00022_1,863,2454,B0001,C0115,23,36
U+5DEE,100241706_00022_1,814,2498,B0001,C0116,119,143
U+4E0A,100241706_00022_1,824,2646,B0001,C0117,99,88
U+3079,100241706_00022_1,823,2756,B0001,C0118,116,125
U+304F,100241706_00022_1,844,2883,B0001,C0119,64,89
U+3084,100241706_00022_1,818,3001,B0001,C0120,111,97
U+3068,100241706_00022_1,843,3093,B0001,C0121,84,93
U+4F3A,100241706_00022_1,820,3214,B0001,C0122,111,119
U+3051,100241706_00022_1,827,3341,B0001,C0123,97,95
U+308C,100241706_00022_1,835,3431,B0001,C0124,87,111
U+3070,100241706_00022_1,830,3543,B0001,C0125,107,77
U+4E0A,100241706_00022_1,545,991,B0001,C0126,117,97
U+306E,100241706_00022_1,567,1111,B0001,C0127,85,88
U+5FA1,100241706_00022_1,535,1223,B0001,C0128,141,137
U+610F,100241706_00022_1,539,1356,B0001,C0129,131,157
U+306F,100241706_00022_1,556,1536,B0001,C0130,100,56
U+9BAB,100241706_00022_1,533,1620,B0001,C0131,164,151
U+30B1,100241706_00022_1,603,1776,B0001,C0132,56,76
U+8C37,100241706_00022_1,549,1858,B0001,C0133,136,136
U+3082,100241706_00022_1,585,2012,B0001,C0134,63,101
U+3059,100241706_00022_1,584,2126,B0001,C0135,80,124
U+3062,100241706_00022_1,583,2254,B0001,C0136,83,132
U+9AA8,100241706_00022_1,561,2388,B0001,C0137,111,144
U+3092,100241706_00022_1,577,2538,B0001,C0138,96,120
U+306C,100241706_00022_1,567,2679,B0001,C0139,103,104
U+304D,100241706_00022_1,587,2787,B0001,C0140,67,117
U+3051,100241706_00022_1,579,2910,B0001,C0141,96,119
U+308C,100241706_00022_1,565,3029,B0001,C0142,127,121
U+3070,100241706_00022_1,580,3158,B0001,C0143,99,68
U+305D,100241706_00022_1,583,3243,B0001,C0144,83,89
U+306E,100241706_00022_1,583,3338,B0001,C0145,77,89
U+5982,100241706_00022_1,527,3437,B0001,C0146,155,81
U+304F,100241706_00022_1,607,3503,B0001,C0147,55,113
U+306A,100241706_00022_1,325,984,B0001,C0148,72,151
U+3057,100241706_00022_1,360,1136,B0001,C0149,27,113
U+5176,100241706_00022_1,332,1270,B0001,C0150,67,153
U+9B5A,100241706_00022_1,319,1424,B0001,C0151,89,163
U+3082,100241706_00022_1,336,1594,B0001,C0152,64,112
U+9AA8,100241706_00022_1,312,1714,B0001,C0153,115,179
U+3092,100241706_00022_1,332,1878,B0001,C0154,87,108
U+3055,100241706_00022_1,340,2000,B0001,C0155,65,103
U+308A,100241706_00022_1,352,2107,B0001,C0156,48,97
U+305F,100241706_00022_1,323,2234,B0001,C0157,101,115
U+309D,100241706_00022_1,381,2352,B0001,C0158,28,47
U+304D,100241706_00022_1,339,2404,B0001,C0159,73,129
U+647A,100241706_00022_1,304,2560,B0001,C0160,132,117
U+308A,100241706_00022_1,365,2679,B0001,C0161,49,108
U+3066,100241706_00022_1,332,2788,B0001,C0162,92,96
U+6E6F,100241706_00022_1,336,2892,B0001,C0163,107,136
U+304C,100241706_00022_1,360,3019,B0001,C0164,87,89
U+304D,100241706_00022_1,349,3102,B0001,C0165,69,109
U+7136,100241706_00022_1,339,3230,B0001,C0166,124,119
U+308B,100241706_00022_1,376,3335,B0001,C0167,43,69
U+3079,100241706_00022_1,341,3414,B0001,C0168,113,68
U+3057,100241706_00022_1,375,3458,B0001,C0169,31,116
U+3068,100241706_00022_2,1872,947,B0001,C0001,57,116
U+304A,100241706_00022_2,1834,1072,B0001,C0002,113,105
U+3075,100241706_00022_2,1841,1179,B0001,C0003,103,99
U+305B,100241706_00022_2,1837,1276,B0001,C0004,108,128
U+306B,100241706_00022_2,1838,1408,B0001,C0005,105,116
U+3088,100241706_00022_2,1872,1532,B0001,C0006,53,104
U+308A,100241706_00022_2,1880,1637,B0001,C0007,47,100
U+53F3,100241706_00022_2,1833,1776,B0001,C0008,116,135
U+306B,100241706_00022_2,1864,1912,B0001,C0009,61,111
U+4ED5,100241706_00022_2,1840,2040,B0001,C0010,113,123
U+4E0A,100241706_00022_2,1858,2166,B0001,C0011,84,108
U+30B1,100241706_00022_2,1880,2275,B0001,C0012,57,88
U+716E,100241706_00022_2,1841,2384,B0001,C0013,104,199
U+3082,100241706_00022_2,1880,2584,B0001,C0014,47,128
U+3057,100241706_00022_2,1893,2714,B0001,C0015,21,123
U+713C,100241706_00022_2,1842,2847,B0001,C0016,121,163
U+3082,100241706_00022_2,1869,3016,B0001,C0017,69,105
U+3057,100241706_00022_2,1893,3140,B0001,C0018,28,89
U+3066,100241706_00022_2,1865,3231,B0001,C0019,83,99
U+7686,100241706_00022_2,1864,3326,B0001,C0020,89,145
U+3005,100241706_00022_2,1896,3482,B0001,C0021,32,109
U+98DF,100241706_00022_2,1606,943,B0001,C0022,123,165
U+3057,100241706_00022_2,1648,1112,B0001,C0023,28,148
U+3051,100241706_00022_2,1626,1259,B0001,C0024,91,136
U+308B,100241706_00022_2,1649,1396,B0001,C0025,41,87
U+8AA0,100241706_00022_2,1614,1499,B0001,C0026,128,153
U+306B,100241706_00022_2,1636,1655,B0001,C0027,68,124
U+84B2,100241706_00022_2,1620,1796,B0001,C0028,115,161
U+6BBF,100241706_00022_2,1616,1979,B0001,C0029,99,137
U+306E,100241706_00022_2,1630,2138,B0001,C0030,81,81
U+927E,100241706_00022_2,1625,2238,B0001,C0031,103,177
U+3055,100241706_00022_2,1637,2419,B0001,C0032,71,99
U+304D,100241706_00022_2,1621,2516,B0001,C0033,99,127
U+3064,100241706_00022_2,1625,2663,B0001,C0034,103,76
U+3088,100241706_00022_2,1657,2728,B0001,C0035,47,123
U+304D,100241706_00022_2,1638,2852,B0001,C0036,68,133
U+306B,100241706_00022_2,1617,2990,B0001,C0037,105,101
U+3088,100241706_00022_2,1657,3115,B0001,C0038,49,111
U+308A,100241706_00022_2,1637,3227,B0001,C0039,71,101
U+3055,100241706_00022_2,1640,3352,B0001,C0040,67,99
U+3081,100241706_00022_2,1621,3452,B0001,C0041,92,132
U+304C,100241706_00022_2,1394,947,B0001,C0042,83,84
U+3084,100241706_00022_2,1365,1027,B0001,C0043,99,123
U+3082,100241706_00022_2,1390,1152,B0001,C0044,64,113
U+4E00,100241706_00022_2,1357,1311,B0001,C0045,111,31
U+6642,100241706_00022_2,1368,1379,B0001,C0046,107,167
U+306B,100241706_00022_2,1394,1547,B0001,C0047,63,109
U+307B,100241706_00022_2,1382,1679,B0001,C0048,97,143
U+308D,100241706_00022_2,1381,1823,B0001,C0049,87,145
U+3073,100241706_00022_2,1382,1958,B0001,C0050,100,109
U+3053,100241706_00022_2,1392,2083,B0001,C0051,81,129
U+3068,100241706_00022_2,1398,2215,B0001,C0052,64,109
U+306B,100241706_00022_2,1376,2326,B0001,C0053,99,117
U+3068,100241706_00022_2,1394,2464,B0001,C0054,77,105
U+3089,100241706_00022_2,1402,2570,B0001,C0055,53,113
U+308C,100241706_00022_2,1385,2684,B0001,C0056,79,152
U+305F,100241706_00022_2,1384,2838,B0001,C0057,72,97
U+9B5A,100241706_00022_2,1381,2946,B0001,C0058,88,183
U+3082,100241706_00022_2,1401,3127,B0001,C0059,59,95
U+9BAB,100241706_00022_2,1369,3258,B0001,C0060,133,163
U+306A,100241706_00022_2,1398,3432,B0001,C0061,93,125
U+308C,100241706_00022_2,1125,948,B0001,C0062,124,136
U+3070,100241706_00022_2,1143,1077,B0001,C0063,91,75
U+305B,100241706_00022_2,1137,1176,B0001,C0064,97,135
U+3044,100241706_00022_2,1140,1312,B0001,C0065,97,73
U+307B,100241706_00022_2,1149,1391,B0001,C0066,104,121
U+3046,100241706_00022_2,1151,1513,B0001,C0067,68,135
U+306E,100241706_00022_2,1140,1644,B0001,C0068,92,97
U+540D,100241706_00022_2,1135,1757,B0001,C0069,103,173
U+3092,100241706_00022_2,1139,1932,B0001,C0070,104,133
U+3057,100241706_00022_2,1145,2080,B0001,C0071,97,123
U+3085,100241706_00022_2,1149,2200,B0001,C0072,87,116
U+304F,100241706_00022_2,1163,2318,B0001,C0073,45,113
U+3057,100241706_00022_2,1185,2444,B0001,C0074,23,144
U+3066,100241706_00022_2,1145,2599,B0001,C0075,84,121
U+84B2,100241706_00022_2,1143,2739,B0001,C0076,109,189
U+927E,100241706_00022_2,1143,2942,B0001,C0077,104,157
U+3068,100241706_00022_2,1176,3092,B0001,C0078,36,133
U+540D,100241706_00022_2,1152,3227,B0001,C0079,89,141
U+3065,100241706_00022_2,1152,3367,B0001,C0080,107,80
U+3051,100241706_00022_2,1153,3448,B0001,C0081,101,132
U+3057,100241706_00022_2,924,951,B0001,C0082,37,185
U+3082,100241706_00022_2,911,1135,B0001,C0083,73,104
U+304A,100241706_00022_2,888,1249,B0001,C0084,125,93
U+304B,100241706_00022_2,924,1340,B0001,C0085,52,83
U+3057,100241706_00022_2,927,1443,B0001,C0086,39,225
U+306F,100241706_00022_2,664,953,B0001,C0087,104,155
U+3093,100241706_00022_2,665,1112,B0001,C0088,109,127
U+307A,100241706_00022_2,661,1247,B0001,C0089,119,172
U+3044,100241706_00022_2,660,1420,B0001,C0090,132,93
U+306E,100241706_00022_2,672,1520,B0001,C0091,88,119
U+540D,100241706_00022_2,668,1640,B0001,C0092,104,153
U+3082,100241706_00022_2,687,1795,B0001,C0093,65,96
U+534A,100241706_00022_2,677,1912,B0001,C0094,83,175
U+5175,100241706_00022_2,669,2094,B0001,C0095,101,132
U+885B,100241706_00022_2,675,2227,B0001,C0096,107,153
U+306E,100241706_00022_2,675,2395,B0001,C0097,87,89
U+7565,100241706_00022_2,649,2483,B0001,C0098,133,133
U+304B,100241706_00022_2,703,2615,B0001,C0099,52,89
U+307E,100241706_00022_2,689,2723,B0001,C0100,57,119
U+305F,100241706_00022_2,677,2843,B0001,C0101,69,105
U+6E90,100241706_00022_2,673,2978,B0001,C0102,109,129
U+6C0F,100241706_00022_2,675,3118,B0001,C0103,111,135
U+65B9,100241706_00022_2,665,3283,B0001,C0104,108,145
U+306B,100241706_00022_2,663,3448,B0001,C0105,112,107
U+3042,100241706_00022_2,428,947,B0001,C0106,93,107
U+308A,100241706_00022_2,447,1057,B0001,C0107,60,148
U+306A,100241706_00022_2,435,1183,B0001,C0108,88,117
U+304C,100241706_00022_2,447,1295,B0001,C0109,85,97
U+3089,100241706_00022_2,452,1395,B0001,C0110,45,135
U+534A,100241706_00022_2,436,1531,B0001,C0111,83,173
U+5206,100241706_00022_2,445,1701,B0001,C0112,84,140
U+5E73,100241706_00022_2,428,1859,B0001,C0113,97,168
U+5BB6,100241706_00022_2,441,2015,B0001,C0114,87,187
U+3078,100241706_00022_2,432,2204,B0001,C0115,111,68
U+5473,100241706_00022_2,423,2271,B0001,C0116,121,163
U+65B9,100241706_00022_2,432,2431,B0001,C0117,92,153
U+305B,100241706_00022_2,432,2584,B0001,C0118,96,109
U+3057,100241706_00022_2,483,2694,B0001,C0119,25,123
U+3086,100241706_00022_2,440,2815,B0001,C0120,87,112
U+3078,100241706_00022_2,425,2927,B0001,C0121,128,57
U+534A,100241706_00022_2,183,949,B0001,C0122,87,168
U+5E73,100241706_00022_2,160,1137,B0001,C0123,112,176
U+306A,100241706_00022_2,175,1324,B0001,C0124,91,149
U+308B,100241706_00022_2,205,1475,B0001,C0125,47,129
U+3079,100241706_00022_2,169,1607,B0001,C0126,121,89
U+3057,100241706_00022_2,209,1699,B0001,C0127,31,412
U+3064,100241706_00023_1,2005,987,B0001,C0001,100,163
U+307F,100241706_00023_1,2019,1151,B0001,C0002,87,141
U+3044,100241706_00023_1,2004,1320,B0001,C0003,103,81
U+308C,100241706_00023_1,2015,1403,B0001,C0004,76,155
U+306F,100241706_00023_1,2003,1559,B0001,C0005,89,95
U+3064,100241706_00023_1,2003,1668,B0001,C0006,101,76
U+307E,100241706_00023_1,2021,1736,B0001,C0007,60,164
U+307F,100241706_00023_1,2023,1901,B0001,C0008,44,104
U+3044,100241706_00023_1,2001,2028,B0001,C0009,100,97
U+308C,100241706_00023_1,1989,2126,B0001,C0010,143,151
U+306A,100241706_00023_1,2007,2289,B0001,C0011,100,133
U+308B,100241706_00023_1,2027,2424,B0001,C0012,43,103
U+3079,100241706_00023_1,1983,2528,B0001,C0013,132,77
U+3057,100241706_00023_1,2028,2614,B0001,C0014,41,369
U+25B2,100241706_00023_1,1756,931,B0001,C0015,96,44
U+3057,100241706_00023_1,1759,1009,B0001,C0016,107,132
U+3085,100241706_00023_1,1761,1143,B0001,C0017,97,115
U+3093,100241706_00023_1,1755,1256,B0001,C0018,100,97
U+304B,100241706_00023_1,1749,1371,B0001,C0019,103,103
U+3093,100241706_00023_1,1744,1476,B0001,C0020,124,149
U+6691,100241706_00023_1,1497,975,B0001,C0021,125,192
U+4E2D,100241706_00023_1,1515,1168,B0001,C0022,95,176
U+306E,100241706_00023_1,1519,1368,B0001,C0023,88,135
U+305B,100241706_00023_1,1517,1476,B0001,C0024,96,116
U+3064,100241706_00023_1,1504,1604,B0001,C0025,108,139
U+81B3,100241706_00023_1,1500,1784,B0001,C0026,119,185
U+306E,100241706_00023_1,1523,1970,B0001,C0027,85,117
U+5411,100241706_00023_1,1519,2097,B0001,C0028,104,160
U+3075,100241706_00023_1,1509,2258,B0001,C0029,96,105
U+4ED8,100241706_00023_1,1535,2377,B0001,C0030,79,164
U+306B,100241706_00023_1,1532,2542,B0001,C0031,64,120
U+716E,100241706_00023_1,1520,2681,B0001,C0032,99,175
U+3056,100241706_00023_1,1533,2865,B0001,C0033,100,116
U+307E,100241706_00023_1,1527,2982,B0001,C0034,96,139
U+3057,100241706_00023_1,1571,3124,B0001,C0035,19,104
U+306E,100241706_00023_1,1525,3249,B0001,C0036,96,88
U+5185,100241706_00023_1,1527,3346,B0001,C0037,87,140
U+306B,100241706_00023_1,1511,3488,B0001,C0038,108,111
U+7AF9,100241706_00023_1,1267,976,B0001,C0039,125,161
U+306E,100241706_00023_1,1277,1145,B0001,C0040,89,109
U+5B50,100241706_00023_1,1284,1257,B0001,C0041,91,143
U+3092,100241706_00023_1,1280,1405,B0001,C0042,107,124
U+5165,100241706_00023_1,1249,1543,B0001,C0043,137,123
U+305F,100241706_00023_1,1292,1676,B0001,C0044,72,117
U+308B,100241706_00023_1,1289,1807,B0001,C0045,84,143
U+3092,100241706_00023_1,1276,1988,B0001,C0046,100,123
U+3057,100241706_00023_1,1276,2114,B0001,C0047,97,160
U+3085,100241706_00023_1,1279,2280,B0001,C0048,89,108
U+3093,100241706_00023_1,1271,2392,B0001,C0049,117,99
U+304B,100241706_00023_1,1265,2505,B0001,C0050,101,97
U+3093,100241706_00023_1,1269,2604,B0001,C0051,131,101
U+3068,100241706_00023_1,1295,2714,B0001,C0052,47,105
U+8B02,100241706_00023_1,1253,2829,B0001,C0053,124,196
U+3075,100241706_00023_1,1256,3033,B0001,C0054,123,119
U+7B4D,100241706_00023_1,1017,972,B0001,C0055,121,183
U+306E,100241706_00023_1,1039,1171,B0001,C0056,84,108
U+6587,100241706_00023_1,1009,1280,B0001,C0057,123,164
U+5B57,100241706_00023_1,1043,1447,B0001,C0058,87,156
U+3092,100241706_00023_1,1036,1624,B0001,C0059,100,115
U+3057,100241706_00023_1,1031,1761,B0001,C0060,100,132
U+3085,100241706_00023_1,1033,1899,B0001,C0061,92,99
U+3093,100241706_00023_1,1033,1997,B0001,C0062,111,97
U+3068,100241706_00023_1,1052,2101,B0001,C0063,71,113
U+3088,100241706_00023_1,1063,2250,B0001,C0064,56,109
U+3080,100241706_00023_1,1033,2361,B0001,C0065,103,155
U+3086,100241706_00023_1,1021,2517,B0001,C0066,104,137
U+3078,100241706_00023_1,1021,2656,B0001,C0067,129,57
U+305D,100241706_00023_1,1044,2724,B0001,C0068,84,116
U+308C,100241706_00023_1,1047,2841,B0001,C0069,81,148
U+3092,100241706_00023_1,1027,2997,B0001,C0070,120,120
U+3064,100241706_00023_1,1039,3132,B0001,C0071,91,100
U+3081,100241706_00023_1,1040,3232,B0001,C0072,96,143
U+305F,100241706_00023_1,1040,3377,B0001,C0073,77,88
U+304F,100241706_00023_1,1052,3481,B0001,C0074,55,117
U+716E,100241706_00023_1,784,976,B0001,C0075,115,201
U+3056,100241706_00023_1,808,1181,B0001,C0076,93,116
U+307E,100241706_00023_1,817,1304,B0001,C0077,52,136
U+3057,100241706_00023_1,837,1432,B0001,C0078,27,132
U+305F,100241706_00023_1,795,1571,B0001,C0079,95,117
U+308C,100241706_00023_1,807,1675,B0001,C0080,57,145
U+3070,100241706_00023_1,797,1827,B0001,C0081,103,75
U+5BD2,100241706_00023_1,772,1916,B0001,C0082,125,157
U+4E5F,100241706_00023_1,791,2074,B0001,C0083,121,97
U+305D,100241706_00023_1,804,2193,B0001,C0084,77,105
U+306E,100241706_00023_1,801,2300,B0001,C0085,83,111
U+3086,100241706_00023_1,791,2420,B0001,C0086,99,121
U+3091,100241706_00023_1,785,2541,B0001,C0087,99,112
U+3057,100241706_00023_1,548,983,B0001,C0088,107,137
U+3085,100241706_00023_1,548,1121,B0001,C0089,97,116
U+3093,100241706_00023_1,547,1239,B0001,C0090,116,99
U+304B,100241706_00023_1,537,1351,B0001,C0091,111,115
U+3093,100241706_00023_1,543,1472,B0001,C0092,135,128
U+306A,100241706_00023_1,559,1640,B0001,C0093,91,143
U+308B,100241706_00023_1,581,1787,B0001,C0094,33,101
U+3079,100241706_00023_1,536,1897,B0001,C0095,123,72
U+3057,100241706_00023_1,581,1982,B0001,C0096,24,316
U+25B2,100241706_00023_1,299,939,B0001,C0097,88,48
U+7CF8,100241706_00023_1,289,1015,B0001,C0098,108,161
U+7C89,100241706_00023_1,268,1245,B0001,C0099,169,152
U+716E,100241706_00023_1,288,1447,B0001,C0100,116,175
U+5510,100241706_00023_2,1859,980,B0001,C0001,121,141
U+3088,100241706_00023_2,1902,1128,B0001,C0002,60,84
U+308A,100241706_00023_2,1897,1213,B0001,C0003,56,143
U+96C4,100241706_00023_2,1859,1361,B0001,C0004,119,129
U+7565,100241706_00023_2,1862,1508,B0001,C0005,125,129
U+5E1D,100241706_00023_2,1871,1656,B0001,C0006,105,167
U+306E,100241706_00023_2,1883,1829,B0001,C0007,69,81
U+3068,100241706_00023_2,1889,1936,B0001,C0008,64,80
U+304D,100241706_00023_2,1882,2017,B0001,C0009,100,92
U+5449,100241706_00023_2,1863,2143,B0001,C0010,117,124
U+7E54,100241706_00023_2,1863,2292,B0001,C0011,129,141
U+6F22,100241706_00023_2,1867,2447,B0001,C0012,104,133
U+7E54,100241706_00023_2,1867,2605,B0001,C0013,128,139
U+3068,100241706_00023_2,1891,2751,B0001,C0014,67,100
U+3044,100241706_00023_2,1879,2865,B0001,C0015,76,73
U+3075,100241706_00023_2,1855,2940,B0001,C0016,113,93
U+8005,100241706_00023_2,1866,3037,B0001,C0017,104,147
U+304D,100241706_00023_2,1893,3212,B0001,C0018,64,135
U+305F,100241706_00023_2,1869,3359,B0001,C0019,84,115
U+308A,100241706_00023_2,1881,3483,B0001,C0020,68,116
U+9326,100241706_00023_2,1618,980,B0001,C0021,131,189
U+305D,100241706_00023_2,1659,1192,B0001,C0022,73,115
U+306E,100241706_00023_2,1655,1308,B0001,C0023,73,100
U+5916,100241706_00023_2,1630,1421,B0001,C0024,115,121
U+306E,100241706_00023_2,1654,1556,B0001,C0025,77,89
U+7D5E,100241706_00023_2,1635,1671,B0001,C0026,132,131
U+3042,100241706_00023_2,1652,1817,B0001,C0027,88,105
U+308B,100241706_00023_2,1674,1925,B0001,C0028,39,65
U+3082,100241706_00023_2,1672,2005,B0001,C0029,49,116
U+306E,100241706_00023_2,1651,2121,B0001,C0030,77,92
U+8272,100241706_00023_2,1646,2231,B0001,C0031,91,129
U+3005,100241706_00023_2,1680,2384,B0001,C0032,32,84
U+3092,100241706_00023_2,1644,2500,B0001,C0033,101,116
U+304A,100241706_00023_2,1646,2641,B0001,C0034,105,88
U+308A,100241706_00023_2,1675,2728,B0001,C0035,45,131
U+51FA,100241706_00023_2,1643,2901,B0001,C0036,107,88
U+305B,100241706_00023_2,1636,2991,B0001,C0037,95,95
U+3057,100241706_00023_2,1670,3097,B0001,C0038,33,141
U+5973,100241706_00023_2,1610,3276,B0001,C0039,153,84
U+306A,100241706_00023_2,1642,3372,B0001,C0040,81,108
U+308A,100241706_00023_2,1652,3487,B0001,C0041,71,113
U+305D,100241706_00023_2,1415,985,B0001,C0042,77,107
U+308C,100241706_00023_2,1412,1099,B0001,C0043,72,120
U+3088,100241706_00023_2,1432,1232,B0001,C0044,41,87
U+308A,100241706_00023_2,1396,1320,B0001,C0045,84,165
U+65E5,100241706_00023_2,1410,1499,B0001,C0046,69,93
U+672C,100241706_00023_2,1394,1623,B0001,C0047,108,181
U+306B,100241706_00023_2,1407,1825,B0001,C0048,104,104
U+3053,100241706_00023_2,1424,1937,B0001,C0049,59,80
U+308C,100241706_00023_2,1392,2019,B0001,C0050,109,123
U+3092,100241706_00023_2,1404,2155,B0001,C0051,96,112
U+4F1D,100241706_00023_2,1396,2305,B0001,C0052,115,161
U+3075,100241706_00023_2,1394,2467,B0001,C0053,95,104
U+4E5D,100241706_00023_2,1394,2595,B0001,C0054,92,97
U+6708,100241706_00023_2,1400,2727,B0001,C0055,73,131
U+5341,100241706_00023_2,1400,2883,B0001,C0056,87,107
U+516B,100241706_00023_2,1382,3044,B0001,C0057,145,83
U+65E5,100241706_00023_2,1426,3115,B0001,C0058,45,80
U+306B,100241706_00023_2,1411,3203,B0001,C0059,57,101
U+5F7C,100241706_00023_2,1388,3332,B0001,C0060,140,117
U+7B49,100241706_00023_2,1416,3448,B0001,C0061,71,144
U+3092,100241706_00023_2,1166,985,B0001,C0062,115,128
U+796D,100241706_00023_2,1166,1112,B0001,C0063,93,184
U+308B,100241706_00023_2,1199,1297,B0001,C0064,33,111
U+306B,100241706_00023_2,1171,1409,B0001,C0065,89,124
U+3055,100241706_00023_2,1175,1548,B0001,C0066,73,101
U+307E,100241706_00023_2,1179,1649,B0001,C0067,64,137
U+3032,100241706_00023_2,1188,1741,B0001,C0068,80,251
U+306E,100241706_00023_2,1178,2011,B0001,C0069,71,85
U+7269,100241706_00023_2,1143,2120,B0001,C0070,116,145
U+3092,100241706_00023_2,1172,2284,B0001,C0071,87,96
U+6C41,100241706_00023_2,1156,2420,B0001,C0072,111,139
U+306B,100241706_00023_2,1168,2560,B0001,C0073,73,111
U+305F,100241706_00023_2,1160,2689,B0001,C0074,99,105
U+304D,100241706_00023_2,1156,2800,B0001,C0075,107,108
U+305D,100241706_00023_2,1176,2913,B0001,C0076,64,113
U+3078,100241706_00023_2,1148,3164,B0001,C0077,128,56
U+5BB6,100241706_00023_2,1167,3235,B0001,C0078,100,147
U+5185,100241706_00023_2,1166,3379,B0001,C0079,87,109
U+306B,100241706_00023_2,1147,3493,B0001,C0080,105,97
U+3066,100241706_00023_2,932,984,B0001,C0081,84,93
U+3082,100241706_00023_2,946,1083,B0001,C0082,67,101
U+304F,100241706_00023_2,926,1208,B0001,C0083,105,100
U+3089,100241706_00023_2,951,1312,B0001,C0084,64,136
U+3075,100241706_00023_2,920,1451,B0001,C0085,100,89
U+53F3,100241706_00023_2,911,1559,B0001,C0086,120,145
U+306F,100241706_00023_2,943,1705,B0001,C0087,71,147
U+8272,100241706_00023_2,919,1880,B0001,C0088,108,183
U+3005,100241706_00023_2,960,2064,B0001,C0089,31,81
U+306E,100241706_00023_2,932,2183,B0001,C0090,80,92
U+8272,100241706_00023_2,926,2301,B0001,C0091,87,147
U+3044,100241706_00023_2,922,2481,B0001,C0092,101,77
U+3068,100241706_00023_2,944,2557,B0001,C0093,59,116
U+3092,100241706_00023_2,919,2675,B0001,C0094,113,136
U+3053,100241706_00023_2,931,2813,B0001,C0095,79,119
U+307E,100241706_00023_2,923,2929,B0001,C0096,91,132
U+3032,100241706_00023_2,948,3032,B0001,C0097,89,233
U+306B,100241706_00023_2,910,3276,B0001,C0098,108,81
U+304D,100241706_00023_2,927,3371,B0001,C0099,80,109
U+308A,100241706_00023_2,946,3481,B0001,C0100,52,104
U+3066,100241706_00023_2,684,977,B0001,C0101,93,104
U+716E,100241706_00023_2,684,1103,B0001,C0102,107,193
U+308B,100241706_00023_2,712,1300,B0001,C0103,43,97
U+5F62,100241706_00023_2,668,1415,B0001,C0104,119,121
U+306A,100241706_00023_2,704,1544,B0001,C0105,63,111
U+308A,100241706_00023_2,706,1652,B0001,C0106,64,131
U+305D,100241706_00023_2,704,1791,B0001,C0107,76,104
U+308C,100241706_00023_2,698,1896,B0001,C0108,88,132
U+3086,100241706_00023_2,688,2051,B0001,C0109,97,95
U+3078,100241706_00023_2,675,2147,B0001,C0110,148,71
U+7CF8,100241706_00023_2,436,968,B0001,C0111,111,183
U+304F,100241706_00023_2,435,1181,B0001,C0112,107,111
U+305A,100241706_00023_2,435,1309,B0001,C0113,115,161
U+3092,100241706_00023_2,449,1459,B0001,C0114,104,123
U+7565,100241706_00023_2,433,1589,B0001,C0115,127,124
U+3057,100241706_00023_2,489,1727,B0001,C0116,28,161
U+3066,100241706_00023_2,457,1891,B0001,C0117,60,163
U+3044,100241706_00023_2,199,965,B0001,C0118,100,105
U+3068,100241706_00023_2,220,1077,B0001,C0119,59,99
U+3053,100241706_00023_2,211,1203,B0001,C0120,76,87
U+716E,100241706_00023_2,187,1317,B0001,C0121,101,184
U+306B,100241706_00023_2,223,1512,B0001,C0122,32,175
U+306A,100241706_00023_2,201,1713,B0001,C0123,77,157
U+308B,100241706_00023_2,207,1872,B0001,C0124,88,152
U+3079,100241706_00023_2,192,2027,B0001,C0125,133,83
U+3057,100241706_00023_2,235,2109,B0001,C0126,31,353
U+25B2,100241706_00024_1,2043,941,B0001,C0001,100,41
U+6885,100241706_00024_1,2015,1019,B0001,C0002,156,157
U+304C,100241706_00024_1,2059,1191,B0001,C0003,79,80
U+679D,100241706_00024_1,2017,1307,B0001,C0004,164,128
U+3067,100241706_00024_1,2036,1461,B0001,C0005,109,99
U+3093,100241706_00024_1,2032,1561,B0001,C0006,137,116
U+3076,100241706_00024_1,2021,1715,B0001,C0007,132,149
U+4EAC,100241706_00024_1,1785,987,B0001,C0008,111,144
U+306E,100241706_00024_1,1795,1152,B0001,C0009,85,88
U+7247,100241706_00024_1,1795,1260,B0001,C0010,108,120
U+8FBA,100241706_00024_1,1801,1389,B0001,C0011,75,165
U+308A,100241706_00024_1,1811,1556,B0001,C0012,52,105
U+306B,100241706_00024_1,1775,1693,B0001,C0013,103,92
U+4F55,100241706_00024_1,1775,1809,B0001,C0014,124,139
U+67D0,100241706_00024_1,1777,1949,B0001,C0015,103,159
U+3068,100241706_00024_1,1803,2128,B0001,C0016,71,107
U+3044,100241706_00024_1,1787,2278,B0001,C0017,85,76
U+3078,100241706_00024_1,1769,2356,B0001,C0018,129,65
U+308B,100241706_00024_1,1811,2422,B0001,C0019,45,85
U+4EBA,100241706_00024_1,1761,2536,B0001,C0020,153,101
U+5C11,100241706_00024_1,1784,2664,B0001,C0021,101,131
U+3005,100241706_00024_1,1813,2828,B0001,C0022,32,84
U+306E,100241706_00024_1,1785,2937,B0001,C0023,84,84
U+98A8,100241706_00024_1,1780,3044,B0001,C0024,136,119
U+306E,100241706_00024_1,1785,3176,B0001,C0025,85,72
U+3053,100241706_00024_1,1788,3277,B0001,C0026,83,132
U+3053,100241706_00024_1,1823,3410,B0001,C0027,32,41
U+3061,100241706_00024_1,1801,3497,B0001,C0028,76,111
U+3088,100241706_00024_1,1572,993,B0001,C0029,63,115
U+308A,100241706_00024_1,1564,1116,B0001,C0030,79,164
U+75C5,100241706_00024_1,1541,1311,B0001,C0031,120,164
U+304A,100241706_00024_1,1555,1500,B0001,C0032,100,79
U+3082,100241706_00024_1,1572,1584,B0001,C0033,53,119
U+308A,100241706_00024_1,1577,1704,B0001,C0034,48,136
U+98DF,100241706_00024_1,1544,1852,B0001,C0035,124,155
U+4E8B,100241706_00024_1,1549,2022,B0001,C0036,123,156
U+3055,100241706_00024_1,1565,2200,B0001,C0037,68,95
U+3089,100241706_00024_1,1579,2309,B0001,C0038,40,115
U+306B,100241706_00024_1,1540,2425,B0001,C0039,109,95
U+9032,100241706_00024_1,1537,2552,B0001,C0040,121,143
U+307E,100241706_00024_1,1575,2694,B0001,C0041,55,121
U+305A,100241706_00024_1,1547,2817,B0001,C0042,115,128
U+59BB,100241706_00024_1,1541,2968,B0001,C0043,128,153
U+306A,100241706_00024_1,1561,3146,B0001,C0044,68,140
U+308B,100241706_00024_1,1557,3288,B0001,C0045,81,109
U+3082,100241706_00024_1,1572,3421,B0001,C0046,56,101
U+306E,100241706_00024_1,1557,3530,B0001,C0047,81,83
U+3053,100241706_00024_1,1327,1004,B0001,C0048,64,84
U+308C,100241706_00024_1,1315,1089,B0001,C0049,75,145
U+3092,100241706_00024_1,1304,1236,B0001,C0050,105,131
U+3046,100241706_00024_1,1333,1376,B0001,C0051,44,117
U+308C,100241706_00024_1,1291,1500,B0001,C0052,131,124
U+3090,100241706_00024_1,1309,1640,B0001,C0053,91,99
U+795E,100241706_00024_1,1299,1779,B0001,C0054,116,177
U+4ECF,100241706_00024_1,1293,1965,B0001,C0055,133,155
U+306B,100241706_00024_1,1337,2110,B0001,C0056,63,128
U+663C,100241706_00024_1,1301,2276,B0001,C0057,104,147
U+591C,100241706_00024_1,1299,2425,B0001,C0058,104,153
U+304D,100241706_00024_1,1319,2616,B0001,C0059,71,124
U+305B,100241706_00024_1,1301,2740,B0001,C0060,100,140
U+3044,100241706_00024_1,1303,2881,B0001,C0061,115,67
U+3092,100241706_00024_1,1315,2982,B0001,C0062,88,97
U+304B,100241706_00024_1,1293,3097,B0001,C0063,111,84
U+3051,100241706_00024_1,1315,3189,B0001,C0064,87,103
U+3066,100241706_00024_1,1307,3290,B0001,C0065,91,87
U+7948,100241706_00024_1,1295,3393,B0001,C0066,125,129
U+308A,100241706_00024_1,1328,3524,B0001,C0067,67,105
U+3051,100241706_00024_1,1061,1007,B0001,C0068,100,113
U+308C,100241706_00024_1,1067,1120,B0001,C0069,77,133
U+3070,100241706_00024_1,1064,1255,B0001,C0070,99,84
U+3046,100241706_00024_1,1081,1360,B0001,C0071,61,135
U+3076,100241706_00024_1,1048,1521,B0001,C0072,117,120
U+795E,100241706_00024_1,1049,1681,B0001,C0073,120,187
U+3042,100241706_00024_1,1075,1889,B0001,C0074,88,117
U+308B,100241706_00024_1,1093,2008,B0001,C0075,40,112
U+591C,100241706_00024_1,1051,2121,B0001,C0076,112,169
U+306E,100241706_00024_1,1067,2292,B0001,C0077,87,92
U+5922,100241706_00024_1,1064,2398,B0001,C0078,85,179
U+306B,100241706_00024_1,1045,2581,B0001,C0079,115,97
U+306A,100241706_00024_1,1061,2705,B0001,C0080,89,115
U+3093,100241706_00024_1,1059,2806,B0001,C0081,127,71
U+3058,100241706_00024_1,1097,2888,B0001,C0082,43,147
U+8C9E,100241706_00024_1,1067,3049,B0001,C0083,92,159
U+5FC3,100241706_00024_1,1063,3217,B0001,C0084,113,64
U+306B,100241706_00024_1,1067,3305,B0001,C0085,105,96
U+3088,100241706_00024_1,1093,3409,B0001,C0086,47,79
U+308A,100241706_00024_1,1088,3489,B0001,C0087,49,136
U+5EAD,100241706_00024_1,812,992,B0001,C0088,149,173
U+306E,100241706_00024_1,839,1173,B0001,C0089,85,87
U+6885,100241706_00024_1,807,1280,B0001,C0090,147,135
U+306E,100241706_00024_1,837,1440,B0001,C0091,87,79
U+679D,100241706_00024_1,816,1545,B0001,C0092,123,152
U+306B,100241706_00024_1,832,1699,B0001,C0093,80,132
U+4E00,100241706_00024_1,821,1868,B0001,C0094,105,25
U+3064,100241706_00024_1,871,1921,B0001,C0095,48,47
U+7D19,100241706_00024_1,835,2001,B0001,C0096,108,181
U+306E,100241706_00024_1,833,2214,B0001,C0097,79,73
U+7B26,100241706_00024_1,831,2321,B0001,C0098,79,200
U+3092,100241706_00024_1,819,2514,B0001,C0099,108,112
U+3055,100241706_00024_1,832,2641,B0001,C0100,68,99
U+3065,100241706_00024_1,811,2761,B0001,C0101,121,91
U+304F,100241706_00024_1,816,2868,B0001,C0102,108,99
U+308B,100241706_00024_1,848,2969,B0001,C0103,43,89
U+306A,100241706_00024_1,825,3086,B0001,C0104,79,104
U+308A,100241706_00024_1,837,3205,B0001,C0105,59,99
U+6B64,100241706_00024_1,809,3309,B0001,C0106,124,73
U+3054,100241706_00024_1,840,3396,B0001,C0107,92,64
U+3068,100241706_00024_1,833,3465,B0001,C0108,71,75
U+304F,100241706_00024_1,844,3536,B0001,C0109,63,99
U+305B,100241706_00024_1,576,985,B0001,C0110,108,115
U+3070,100241706_00024_1,591,1117,B0001,C0111,95,73
U+3068,100241706_00024_1,596,1217,B0001,C0112,77,95
U+307F,100241706_00024_1,567,1317,B0001,C0113,117,159
U+306B,100241706_00024_1,567,1473,B0001,C0114,105,85
U+98DF,100241706_00024_1,571,1575,B0001,C0115,129,145
U+3065,100241706_00024_1,577,1736,B0001,C0116,115,87
U+304D,100241706_00024_1,587,1824,B0001,C0117,65,136
U+75C5,100241706_00024_1,563,1997,B0001,C0118,119,136
U+65E9,100241706_00024_1,573,2134,B0001,C0119,104,147
U+3031,100241706_00024_1,585,2273,B0001,C0120,75,219
U+5E73,100241706_00024_1,551,2536,B0001,C0121,125,119
U+7652,100241706_00024_1,563,2673,B0001,C0122,137,151
U+3046,100241706_00024_1,601,2845,B0001,C0123,39,100
U+305F,100241706_00024_1,577,2944,B0001,C0124,72,81
U+304C,100241706_00024_1,597,3050,B0001,C0125,65,63
U+3072,100241706_00024_1,567,3126,B0001,C0126,113,99
U+306A,100241706_00024_1,588,3241,B0001,C0127,55,136
U+3057,100241706_00024_1,611,3377,B0001,C0128,27,113
U+3068,100241706_00024_1,584,3521,B0001,C0129,73,107
U+306E,100241706_00024_1,343,1004,B0001,C0130,88,88
U+5FA1,100241706_00024_1,337,1128,B0001,C0131,112,105
U+3064,100241706_00024_1,336,1260,B0001,C0132,104,143
U+3052,100241706_00024_1,339,1405,B0001,C0133,97,188
U+306B,100241706_00024_1,321,1613,B0001,C0134,107,104
U+671D,100241706_00024_1,311,1745,B0001,C0135,127,144
U+3068,100241706_00024_1,345,1893,B0001,C0136,64,101
U+304F,100241706_00024_1,348,1996,B0001,C0137,61,144
U+8D77,100241706_00024_1,324,2168,B0001,C0138,108,135
U+51FA,100241706_00024_1,331,2322,B0001,C0139,104,88
U+6885,100241706_00024_1,315,2456,B0001,C0140,131,124
U+306E,100241706_00024_1,336,2604,B0001,C0141,81,73
U+3048,100241706_00024_1,325,2713,B0001,C0142,99,121
U+3060,100241706_00024_1,336,2836,B0001,C0143,92,84
U+3092,100241706_00024_1,337,2938,B0001,C0144,97,100
U+5C0B,100241706_00024_1,327,3056,B0001,C0145,85,173
U+306C,100241706_00024_1,327,3232,B0001,C0146,92,99
U+308B,100241706_00024_1,336,3361,B0001,C0147,77,116
U+306B,100241706_00024_1,325,3492,B0001,C0148,99,128
U+305D,100241706_00024_2,1892,1002,B0001,C0001,96,119
U+3046,100241706_00024_2,1875,1127,B0001,C0002,91,131
U+3090,100241706_00024_2,1889,1255,B0001,C0003,93,112
U+306A,100241706_00024_2,1897,1383,B0001,C0004,88,107
U+304F,100241706_00024_2,1908,1460,B0001,C0005,79,144
U+4E00,100241706_00024_2,1879,1658,B0001,C0006,109,24
U+3064,100241706_00024_2,1929,1699,B0001,C0007,51,47
U+7D19,100241706_00024_2,1901,1770,B0001,C0008,91,183
U+306E,100241706_00024_2,1895,1970,B0001,C0009,77,84
U+7B26,100241706_00024_2,1893,2078,B0001,C0010,87,173
U+3042,100241706_00024_2,1899,2255,B0001,C0011,83,108
U+308A,100241706_00024_2,1900,2366,B0001,C0012,65,123
U+53D6,100241706_00024_2,1883,2502,B0001,C0013,124,119
U+3082,100241706_00024_2,1920,2638,B0001,C0014,51,137
U+3069,100241706_00024_2,1901,2776,B0001,C0015,89,92
U+308A,100241706_00024_2,1917,2871,B0001,C0016,52,113
U+958B,100241706_00024_2,1895,2989,B0001,C0017,95,127
U+304D,100241706_00024_2,1891,3115,B0001,C0018,111,108
U+898B,100241706_00024_2,1905,3253,B0001,C0019,92,116
U+308C,100241706_00024_2,1909,3370,B0001,C0020,81,128
U+3070,100241706_00024_2,1909,3525,B0001,C0021,88,87
U+4E0A,100241706_00024_2,1652,1006,B0001,C0022,97,151
U+3005,100241706_00024_2,1687,1160,B0001,C0023,25,93
U+306E,100241706_00024_2,1656,1279,B0001,C0024,91,87
U+571F,100241706_00024_2,1665,1414,B0001,C0025,84,108
U+4F50,100241706_00024_2,1651,1544,B0001,C0026,113,135
U+9C39,100241706_00024_2,1641,1716,B0001,C0027,141,153
U+7BC0,100241706_00024_2,1656,1878,B0001,C0028,108,185
U+3092,100241706_00024_2,1663,2052,B0001,C0029,105,144
U+3053,100241706_00024_2,1673,2211,B0001,C0030,83,117
U+307E,100241706_00024_2,1673,2330,B0001,C0031,95,136
U+304B,100241706_00024_2,1701,2486,B0001,C0032,43,81
U+306B,100241706_00024_2,1657,2571,B0001,C0033,104,95
U+3057,100241706_00024_2,1700,2695,B0001,C0034,28,159
U+3066,100241706_00024_2,1668,2855,B0001,C0035,80,121
U+4E0A,100241706_00024_2,1681,2991,B0001,C0036,81,103
U+9152,100241706_00024_2,1659,3101,B0001,C0037,108,127
U+3057,100241706_00024_2,1672,3226,B0001,C0038,88,97
U+3083,100241706_00024_2,1667,3326,B0001,C0039,96,77
U+3046,100241706_00024_2,1671,3405,B0001,C0040,65,105
U+6CB9,100241706_00024_2,1668,3513,B0001,C0041,111,101
U+306B,100241706_00024_2,1404,1007,B0001,C0042,105,139
U+3066,100241706_00024_2,1407,1127,B0001,C0043,88,93
U+3088,100241706_00024_2,1427,1242,B0001,C0044,67,95
U+304F,100241706_00024_2,1435,1323,B0001,C0045,47,103
U+3031,100241706_00024_2,1429,1391,B0001,C0046,80,223
U+88FD,100241706_00024_2,1396,1616,B0001,C0047,111,185
U+3057,100241706_00024_2,1447,1818,B0001,C0048,24,196
U+98DF,100241706_00024_2,1409,2024,B0001,C0049,120,177
U+3092,100241706_00024_2,1415,2200,B0001,C0050,100,124
U+3059,100241706_00024_2,1421,2352,B0001,C0051,97,141
U+309D,100241706_00024_2,1461,2494,B0001,C0052,27,41
U+3081,100241706_00024_2,1427,2560,B0001,C0053,87,101
U+3088,100241706_00024_2,1444,2662,B0001,C0054,52,81
U+3068,100241706_00024_2,1448,2744,B0001,C0055,49,124
U+3042,100241706_00024_2,1429,2891,B0001,C0056,88,120
U+308B,100241706_00024_2,1452,3015,B0001,C0057,35,88
U+306B,100241706_00024_2,1428,3107,B0001,C0058,97,109
U+65E9,100241706_00024_2,1417,3235,B0001,C0059,101,139
U+305D,100241706_00024_2,1444,3402,B0001,C0060,69,97
U+304F,100241706_00024_2,1448,3498,B0001,C0061,59,121
U+53F3,100241706_00024_2,1163,999,B0001,C0062,127,133
U+306E,100241706_00024_2,1181,1134,B0001,C0063,84,108
U+3054,100241706_00024_2,1187,1262,B0001,C0064,99,127
U+3068,100241706_00024_2,1193,1390,B0001,C0065,59,103
U+304F,100241706_00024_2,1195,1494,B0001,C0066,56,133
U+4ED5,100241706_00024_2,1171,1652,B0001,C0067,111,129
U+7ACB,100241706_00024_2,1180,1788,B0001,C0068,99,136
U+3059,100241706_00024_2,1192,1958,B0001,C0069,73,139
U+309D,100241706_00024_2,1224,2118,B0001,C0070,27,45
U+3081,100241706_00024_2,1185,2171,B0001,C0071,87,99
U+3051,100241706_00024_2,1187,2300,B0001,C0072,96,107
U+308C,100241706_00024_2,1192,2408,B0001,C0073,72,141
U+306F,100241706_00024_2,1185,2579,B0001,C0074,81,67
U+65E5,100241706_00024_2,1203,2666,B0001,C0075,63,97
U+3092,100241706_00024_2,1183,2764,B0001,C0076,105,129
U+3078,100241706_00024_2,1183,2915,B0001,C0077,97,140
U+305A,100241706_00024_2,1180,3059,B0001,C0078,111,155
U+3057,100241706_00024_2,1219,3213,B0001,C0079,28,129
U+3066,100241706_00024_2,1195,3343,B0001,C0080,79,115
U+5FEB,100241706_00024_2,1185,3498,B0001,C0081,133,115
U+6C17,100241706_00024_2,953,1007,B0001,C0082,104,148
U+306A,100241706_00024_2,949,1176,B0001,C0083,75,121
U+3057,100241706_00024_2,975,1299,B0001,C0084,32,165
U+3051,100241706_00024_2,945,1467,B0001,C0085,85,151
U+308A,100241706_00024_2,953,1615,B0001,C0086,71,117
U+305D,100241706_00024_2,951,1766,B0001,C0087,81,103
U+308C,100241706_00024_2,951,1870,B0001,C0088,95,133
U+3088,100241706_00024_2,971,2030,B0001,C0089,45,107
U+308A,100241706_00024_2,963,2138,B0001,C0090,59,123
U+6B64,100241706_00024_2,933,2296,B0001,C0091,117,115
U+54C1,100241706_00024_2,937,2412,B0001,C0092,115,136
U+3092,100241706_00024_2,935,2558,B0001,C0093,107,125
U+305B,100241706_00024_2,944,2698,B0001,C0094,99,101
U+3044,100241706_00024_2,940,2800,B0001,C0095,104,73
U+3057,100241706_00024_2,987,2880,B0001,C0096,27,135
U+304A,100241706_00024_2,961,3039,B0001,C0097,88,67
U+306E,100241706_00024_2,957,3113,B0001,C0098,84,84
U+308C,100241706_00024_2,937,3209,B0001,C0099,125,123
U+3082,100241706_00024_2,967,3341,B0001,C0100,67,101
U+98DF,100241706_00024_2,952,3482,B0001,C0101,116,139
U+3072,100241706_00024_2,691,1003,B0001,C0102,117,101
U+4EBA,100241706_00024_2,687,1124,B0001,C0103,133,121
U+3005,100241706_00024_2,733,1274,B0001,C0104,23,59
U+306B,100241706_00024_2,701,1368,B0001,C0105,95,97
U+3082,100241706_00024_2,724,1466,B0001,C0106,69,133
U+3064,100241706_00024_2,705,1634,B0001,C0107,100,128
U+304B,100241706_00024_2,739,1764,B0001,C0108,37,83
U+306F,100241706_00024_2,704,1863,B0001,C0109,92,64
U+305B,100241706_00024_2,703,1942,B0001,C0110,95,101
U+3057,100241706_00024_2,745,2068,B0001,C0111,28,168
U+4E16,100241706_00024_2,695,2267,B0001,C0112,123,96
U+306E,100241706_00024_2,724,2394,B0001,C0113,77,79
U+4EBA,100241706_00024_2,693,2503,B0001,C0114,133,107
U+307F,100241706_00024_2,739,2624,B0001,C0115,44,109
U+306A,100241706_00024_2,719,2740,B0001,C0116,89,105
U+9AD8,100241706_00024_2,716,2879,B0001,C0117,93,152
U+5473,100241706_00024_2,697,3030,B0001,C0118,116,132
U+306A,100241706_00024_2,723,3191,B0001,C0119,75,95
U+308A,100241706_00024_2,719,3283,B0001,C0120,73,115
U+3068,100241706_00024_2,737,3395,B0001,C0121,53,100
U+3066,100241706_00024_2,720,3515,B0001,C0122,84,104
U+4E16,100241706_00024_2,433,999,B0001,C0123,124,108
U+9593,100241706_00024_2,452,1135,B0001,C0124,104,137
U+306B,100241706_00024_2,449,1283,B0001,C0125,109,97
U+3082,100241706_00024_2,485,1407,B0001,C0126,53,125
U+3066,100241706_00024_2,459,1534,B0001,C0127,92,116
U+5F18,100241706_00024_2,449,1679,B0001,C0128,128,123
U+307E,100241706_00024_2,495,1798,B0001,C0129,52,121
U+308A,100241706_00024_2,483,1920,B0001,C0130,69,116
U+3057,100241706_00024_2,499,2047,B0001,C0131,29,168
U+7269,100241706_00024_2,469,2235,B0001,C0132,107,108
U+3068,100241706_00024_2,497,2343,B0001,C0133,45,101
U+306F,100241706_00024_2,472,2452,B0001,C0134,91,83
U+306A,100241706_00024_2,488,2556,B0001,C0135,76,124
U+3093,100241706_00024_2,475,2679,B0001,C0136,143,113
U+306C,100241706_00024_2,468,2802,B0001,C0137,103,104
U+540D,100241706_00024_2,468,2916,B0001,C0138,105,115
U+3082,100241706_00024_2,489,3035,B0001,C0139,71,95
U+5176,100241706_00024_2,495,3151,B0001,C0140,60,131
U+307E,100241706_00024_2,491,3283,B0001,C0141,61,117
U+309D,100241706_00024_2,513,3410,B0001,C0142,27,41
U+6885,100241706_00024_2,191,1002,B0001,C0143,127,152
U+304C,100241706_00024_2,231,1166,B0001,C0144,72,79
U+679D,100241706_00024_2,197,1255,B0001,C0145,135,144
U+4F1D,100241706_00024_2,200,1406,B0001,C0146,119,141
U+592B,100241706_00024_2,200,1548,B0001,C0147,128,143
U+306A,100241706_00024_2,221,1711,B0001,C0148,80,139
U+308B,100241706_00024_2,244,1855,B0001,C0149,41,116
U+3079,100241706_00024_2,200,1972,B0001,C0150,127,71
U+3057,100241706_00024_2,245,2062,B0001,C0151,32,373
U+6885,100241706_00025_1,2011,973,B0001,C0001,152,141
U+306E,100241706_00025_1,2032,1127,B0001,C0002,91,84
U+3091,100241706_00025_1,2027,1231,B0001,C0003,97,135
U+3060,100241706_00025_1,2033,1367,B0001,C0004,95,96
U+306B,100241706_00025_1,2005,1491,B0001,C0005,115,96
U+5A66,100241706_00025_1,1992,1620,B0001,C0006,137,172
U+4EBA,100241706_00025_1,1999,1795,B0001,C0007,136,120
U+3078,100241706_00025_1,2025,1948,B0001,C0008,105,36
U+3064,100241706_00025_1,2029,2007,B0001,C0009,93,131
U+305F,100241706_00025_1,2035,2139,B0001,C0010,65,96
U+3078,100241706_00025_1,2011,2236,B0001,C0011,125,65
U+8B02,100241706_00025_1,2007,2316,B0001,C0012,119,155
U+306A,100241706_00025_1,2035,2464,B0001,C0013,75,141
U+308B,100241706_00025_1,2009,2620,B0001,C0014,111,151
U+304B,100241706_00025_1,2043,2779,B0001,C0015,49,67
U+25B2,100241706_00025_1,1776,923,B0001,C0016,103,51
U+3057,100241706_00025_1,1773,1008,B0001,C0017,104,137
U+3065,100241706_00025_1,1756,1147,B0001,C0018,152,147
U+307D,100241706_00025_1,1772,1327,B0001,C0019,137,121
U+304F,100241706_00025_1,1779,1450,B0001,C0020,89,124
U+5468,100241706_00025_1,1532,978,B0001,C0021,112,136
U+306E,100241706_00025_1,1537,1123,B0001,C0022,95,89
U+5FA1,100241706_00025_1,1492,1232,B0001,C0023,176,120
U+4EE3,100241706_00025_1,1516,1374,B0001,C0024,148,137
U+306B,100241706_00025_1,1551,1528,B0001,C0025,68,100
U+9B3C,100241706_00025_1,1528,1655,B0001,C0026,117,148
U+795E,100241706_00025_1,1525,1836,B0001,C0027,124,163
U+3092,100241706_00025_1,1540,2007,B0001,C0028,112,121
U+796D,100241706_00025_1,1539,2131,B0001,C0029,123,159
U+308B,100241706_00025_1,1567,2291,B0001,C0030,40,87
U+306B,100241706_00025_1,1541,2379,B0001,C0031,103,125
U+305D,100241706_00025_1,1559,2526,B0001,C0032,71,113
U+306E,100241706_00025_1,1551,2640,B0001,C0033,81,96
U+5668,100241706_00025_1,1525,2759,B0001,C0034,127,128
U+304B,100241706_00025_1,1531,2915,B0001,C0035,127,91
U+306A,100241706_00025_1,1549,3011,B0001,C0036,83,92
U+3089,100241706_00025_1,1567,3107,B0001,C0037,41,107
U+305A,100241706_00025_1,1552,3221,B0001,C0038,92,107
U+4E03,100241706_00025_1,1521,3375,B0001,C0039,125,57
U+5B9D,100241706_00025_1,1545,3466,B0001,C0040,104,160
U+306E,100241706_00025_1,1297,987,B0001,C0041,89,96
U+5177,100241706_00025_1,1283,1095,B0001,C0042,107,184
U+3092,100241706_00025_1,1297,1280,B0001,C0043,99,136
U+3082,100241706_00025_1,1320,1440,B0001,C0044,49,113
U+3063,100241706_00025_1,1287,1558,B0001,C0045,99,113
U+3066,100241706_00025_1,1295,1683,B0001,C0046,101,123
U+3059,100241706_00025_1,1295,1823,B0001,C0047,105,152
U+3068,100241706_00025_1,1316,1972,B0001,C0048,60,108
U+5C24,100241706_00025_1,1308,2108,B0001,C0049,99,127
U+795E,100241706_00025_1,1285,2272,B0001,C0050,123,171
U+306B,100241706_00025_1,1289,2462,B0001,C0051,104,89
U+4F9B,100241706_00025_1,1285,2578,B0001,C0052,124,133
U+3059,100241706_00025_1,1303,2727,B0001,C0053,93,140
U+308B,100241706_00025_1,1323,2867,B0001,C0054,37,81
U+3082,100241706_00025_1,1311,2970,B0001,C0055,61,124
U+306E,100241706_00025_1,1303,3095,B0001,C0056,84,83
U+3053,100241706_00025_1,1307,3187,B0001,C0057,85,111
U+3068,100241706_00025_1,1319,3303,B0001,C0058,59,75
U+3032,100241706_00025_1,1316,3333,B0001,C0059,100,204
U+304F,100241706_00025_1,1324,3541,B0001,C0060,36,80
U+6CB9,100241706_00025_1,1039,990,B0001,C0061,117,135
U+3092,100241706_00025_1,1055,1126,B0001,C0062,113,129
U+3082,100241706_00025_1,1076,1271,B0001,C0063,51,144
U+3063,100241706_00025_1,1047,1419,B0001,C0064,101,100
U+3066,100241706_00025_1,1061,1520,B0001,C0065,56,153
U+63DA,100241706_00025_1,1033,1683,B0001,C0066,127,163
U+305D,100241706_00025_1,1064,1874,B0001,C0067,71,112
U+306E,100241706_00025_1,1059,1988,B0001,C0068,84,108
U+5916,100241706_00025_1,1028,2118,B0001,C0069,127,143
U+9752,100241706_00025_1,1041,2276,B0001,C0070,108,169
U+7269,100241706_00025_1,1040,2454,B0001,C0071,113,137
U+8089,100241706_00025_1,1055,2599,B0001,C0072,92,137
U+7A2E,100241706_00025_1,1039,2755,B0001,C0073,119,169
U+3005,100241706_00025_1,1087,2929,B0001,C0074,28,84
U+54C1,100241706_00025_1,1049,3045,B0001,C0075,107,123
U+3042,100241706_00025_1,1061,3167,B0001,C0076,88,109
U+308A,100241706_00025_1,1061,3278,B0001,C0077,72,109
U+3053,100241706_00025_1,1065,3419,B0001,C0078,89,109
U+306E,100241706_00025_1,1067,3530,B0001,C0079,80,87
U+796D,100241706_00025_1,803,986,B0001,C0080,137,157
U+7940,100241706_00025_1,793,1163,B0001,C0081,147,141
U+3059,100241706_00025_1,815,1323,B0001,C0082,97,157
U+307F,100241706_00025_1,839,1480,B0001,C0083,44,109
U+3066,100241706_00025_1,813,1591,B0001,C0084,96,104
U+3088,100241706_00025_1,836,1712,B0001,C0085,56,95
U+308A,100241706_00025_1,824,1808,B0001,C0086,67,119
U+53F3,100241706_00025_1,796,1955,B0001,C0087,117,127
U+306E,100241706_00025_1,815,2087,B0001,C0088,80,99
U+4F9B,100241706_00025_1,796,2214,B0001,C0089,128,124
U+7269,100241706_00025_1,799,2339,B0001,C0090,115,139
U+3092,100241706_00025_1,820,2502,B0001,C0091,99,111
U+3055,100241706_00025_1,824,2632,B0001,C0092,71,116
U+3052,100241706_00025_1,816,2750,B0001,C0093,104,161
U+7686,100241706_00025_1,821,2907,B0001,C0094,95,128
U+3044,100241706_00025_1,817,3063,B0001,C0095,89,71
U+3061,100241706_00025_1,833,3142,B0001,C0096,79,116
U+3069,100241706_00025_1,837,3285,B0001,C0097,77,100
U+3046,100241706_00025_1,848,3386,B0001,C0098,48,108
U+306B,100241706_00025_1,812,3529,B0001,C0099,103,88
U+934B,100241706_00025_1,557,991,B0001,C0100,125,148
U+306B,100241706_00025_1,587,1140,B0001,C0101,60,120
U+5165,100241706_00025_1,533,1268,B0001,C0102,159,100
U+306E,100241706_00025_1,572,1382,B0001,C0103,89,97
U+3053,100241706_00025_1,575,1480,B0001,C0104,84,95
U+3089,100241706_00025_1,603,1576,B0001,C0105,29,115
U+305A,100241706_00025_1,560,1720,B0001,C0106,113,123
U+711A,100241706_00025_1,559,1872,B0001,C0107,119,195
U+3066,100241706_00025_1,573,2074,B0001,C0108,75,111
U+304F,100241706_00025_1,556,2203,B0001,C0109,112,100
U+3089,100241706_00025_1,589,2304,B0001,C0110,61,137
U+3075,100241706_00025_1,543,2440,B0001,C0111,111,93
U+3068,100241706_00025_1,577,2540,B0001,C0112,76,105
U+7533,100241706_00025_1,588,2670,B0001,C0113,52,132
U+4E8B,100241706_00025_1,579,2802,B0001,C0114,68,139
U+4E5F,100241706_00025_1,548,2934,B0001,C0115,136,115
U+5176,100241706_00025_1,580,3067,B0001,C0116,53,139
U+3086,100241706_00025_1,557,3207,B0001,C0117,101,112
U+3091,100241706_00025_1,564,3321,B0001,C0118,93,133
U+306B,100241706_00025_1,576,3463,B0001,C0119,45,149
U+4E03,100241706_00025_1,307,998,B0001,C0120,123,83
U+5B9D,100241706_00025_1,329,1114,B0001,C0121,99,141
U+306E,100241706_00025_1,327,1260,B0001,C0122,80,105
U+3046,100241706_00025_1,341,1370,B0001,C0123,55,112
U+3064,100241706_00025_1,313,1483,B0001,C0124,104,108
U+306F,100241706_00025_1,321,1592,B0001,C0125,85,68
U+306B,100241706_00025_1,307,1682,B0001,C0126,112,95
U+3066,100241706_00025_1,317,1778,B0001,C0127,85,116
U+4F9B,100241706_00025_1,309,1934,B0001,C0128,121,129
U+305A,100241706_00025_1,325,2068,B0001,C0129,111,145
U+308B,100241706_00025_1,347,2211,B0001,C0130,44,92
U+3086,100241706_00025_1,323,2318,B0001,C0131,96,113
U+3078,100241706_00025_1,300,2435,B0001,C0132,148,63
U+3057,100241706_00025_2,1875,1003,B0001,C0001,104,153
U+3064,100241706_00025_2,1873,1161,B0001,C0002,111,101
U+307D,100241706_00025_2,1886,1288,B0001,C0003,119,144
U+304F,100241706_00025_2,1878,1445,B0001,C0004,103,111
U+3046,100241706_00025_2,1893,1560,B0001,C0005,61,157
U+306A,100241706_00025_2,1886,1733,B0001,C0006,92,115
U+308B,100241706_00025_2,1909,1849,B0001,C0007,39,83
U+3079,100241706_00025_2,1859,1933,B0001,C0008,131,77
U+3057,100241706_00025_2,1909,2010,B0001,C0009,33,336
U+6211,100241706_00025_2,1642,988,B0001,C0010,115,169
U+65E5,100241706_00025_2,1666,1176,B0001,C0011,57,105
U+306E,100241706_00025_2,1654,1303,B0001,C0012,85,112
U+672C,100241706_00025_2,1654,1416,B0001,C0013,84,143
U+306B,100241706_00025_2,1643,1592,B0001,C0014,107,115
U+3066,100241706_00025_2,1643,1709,B0001,C0015,85,121
U+3082,100241706_00025_2,1652,1833,B0001,C0016,69,108
U+3042,100241706_00025_2,1646,1964,B0001,C0017,96,123
U+3076,100241706_00025_2,1636,2080,B0001,C0018,107,119
U+3089,100241706_00025_2,1651,2200,B0001,C0019,64,113
U+3042,100241706_00025_2,1655,2324,B0001,C0020,87,101
U+3052,100241706_00025_2,1652,2426,B0001,C0021,100,131
U+307E,100241706_00025_2,1666,2576,B0001,C0022,55,139
U+305F,100241706_00025_2,1654,2716,B0001,C0023,72,81
U+306F,100241706_00025_2,1639,2798,B0001,C0024,93,83
U+4E00,100241706_00025_2,1635,2932,B0001,C0025,107,21
U+540C,100241706_00025_2,1644,2994,B0001,C0026,91,112
U+306B,100241706_00025_2,1627,3108,B0001,C0027,107,111
U+3044,100241706_00025_2,1632,3246,B0001,C0028,96,79
U+308C,100241706_00025_2,1638,3326,B0001,C0029,73,135
U+3066,100241706_00025_2,1628,3462,B0001,C0030,95,111
U+711A,100241706_00025_2,1396,987,B0001,C0031,120,183
U+3066,100241706_00025_2,1407,1173,B0001,C0032,84,120
U+304F,100241706_00025_2,1399,1301,B0001,C0033,104,101
U+3089,100241706_00025_2,1431,1404,B0001,C0034,61,120
U+3075,100241706_00025_2,1391,1525,B0001,C0035,99,93
U+7269,100241706_00025_2,1406,1627,B0001,C0036,100,124
U+306B,100241706_00025_2,1414,1753,B0001,C0037,65,119
U+6B64,100241706_00025_2,1388,1901,B0001,C0038,132,97
U+540D,100241706_00025_2,1396,2000,B0001,C0039,105,129
U+306E,100241706_00025_2,1414,2157,B0001,C0040,75,93
U+3053,100241706_00025_2,1411,2257,B0001,C0041,83,116
U+308A,100241706_00025_2,1408,2377,B0001,C0042,72,147
U+3051,100241706_00025_2,1411,2533,B0001,C0043,96,132
U+308B,100241706_00025_2,1399,2668,B0001,C0044,103,119
U+25B2,100241706_00025_2,1166,933,B0001,C0045,104,56
U+6D17,100241706_00025_2,1155,1027,B0001,C0046,148,136
U+99AC,100241706_00025_2,1144,1189,B0001,C0047,140,145
U+716E,100241706_00025_2,1151,1355,B0001,C0048,135,188
U+6728,100241706_00025_2,890,960,B0001,C0049,160,129
U+66FD,100241706_00025_2,936,1115,B0001,C0050,87,159
U+304B,100241706_00025_2,916,1297,B0001,C0051,111,101
U+3044,100241706_00025_2,920,1399,B0001,C0052,103,76
U+9053,100241706_00025_2,906,1495,B0001,C0053,144,143
U+306B,100241706_00025_2,918,1636,B0001,C0054,100,125
U+6D17,100241706_00025_2,916,1797,B0001,C0055,121,135
U+99AC,100241706_00025_2,907,1946,B0001,C0056,120,123
U+5BBF,100241706_00025_2,902,2093,B0001,C0057,117,140
U+3068,100241706_00025_2,940,2242,B0001,C0058,71,100
U+3044,100241706_00025_2,936,2372,B0001,C0059,79,63
U+3075,100241706_00025_2,918,2442,B0001,C0060,105,97
U+6240,100241706_00025_2,916,2561,B0001,C0061,123,119
U+3042,100241706_00025_2,934,2706,B0001,C0062,81,93
U+308A,100241706_00025_2,936,2805,B0001,C0063,65,115
U+5C24,100241706_00025_2,923,2941,B0001,C0064,108,116
U+5C71,100241706_00025_2,926,3089,B0001,C0065,103,131
U+4E2D,100241706_00025_2,920,3206,B0001,C0066,85,140
U+306E,100241706_00025_2,924,3358,B0001,C0067,84,104
U+4E8B,100241706_00025_2,928,3464,B0001,C0068,69,136
U+306A,100241706_00025_2,703,968,B0001,C0069,89,123
U+308C,100241706_00025_2,698,1092,B0001,C0070,71,136
U+3070,100241706_00025_2,690,1231,B0001,C0071,109,91
U+6D77,100241706_00025_2,684,1359,B0001,C0072,119,133
U+3078,100241706_00025_2,682,1521,B0001,C0073,121,44
U+9060,100241706_00025_2,683,1581,B0001,C0074,127,147
U+304F,100241706_00025_2,711,1760,B0001,C0075,43,152
U+751F,100241706_00025_2,690,1952,B0001,C0076,112,103
U+9B5A,100241706_00025_2,686,2082,B0001,C0077,103,172
U+307E,100241706_00025_2,719,2272,B0001,C0078,59,132
U+308C,100241706_00025_2,678,2418,B0001,C0079,112,113
U+3031,100241706_00025_2,714,2478,B0001,C0080,92,231
U+306A,100241706_00025_2,718,2721,B0001,C0081,87,135
U+308A,100241706_00025_2,716,2857,B0001,C0082,51,135
U+5176,100241706_00025_2,683,3010,B0001,C0083,107,137
U+6545,100241706_00025_2,682,3149,B0001,C0084,121,143
U+306B,100241706_00025_2,680,3316,B0001,C0085,105,96
U+5869,100241706_00025_2,668,3464,B0001,C0086,144,113
U+9B5A,100241706_00025_2,436,968,B0001,C0087,121,152
U+304B,100241706_00025_2,440,1152,B0001,C0088,111,108
U+3064,100241706_00025_2,435,1261,B0001,C0089,108,136
U+307B,100241706_00025_2,452,1412,B0001,C0090,108,121
U+9BAD,100241706_00025_2,427,1569,B0001,C0091,135,143
U+306E,100241706_00025_2,461,1727,B0001,C0092,85,92
U+308B,100241706_00025_2,477,1856,B0001,C0093,45,97
U+3044,100241706_00025_2,441,1956,B0001,C0094,123,92
U+4F55,100241706_00025_2,443,2089,B0001,C0095,105,125
U+306B,100241706_00025_2,451,2217,B0001,C0096,96,109
U+3088,100241706_00025_2,480,2345,B0001,C0097,52,101
U+3089,100241706_00025_2,484,2454,B0001,C0098,32,109
U+305A,100241706_00025_2,452,2554,B0001,C0099,112,105
U+5869,100241706_00025_2,444,2692,B0001,C0100,131,112
U+9B5A,100241706_00025_2,457,2825,B0001,C0101,89,184
U+3092,100241706_00025_2,451,2997,B0001,C0102,103,133
U+3088,100241706_00025_2,469,3130,B0001,C0103,57,83
U+304F,100241706_00025_2,471,3201,B0001,C0104,51,96
U+3031,100241706_00025_2,465,3264,B0001,C0105,81,196
U+6E6F,100241706_00025_2,451,3468,B0001,C0106,123,125
U+306B,100241706_00025_2,196,976,B0001,C0107,103,107
U+3066,100241706_00025_2,197,1084,B0001,C0108,88,111
U+3086,100241706_00025_2,204,1233,B0001,C0109,91,117
U+3067,100241706_00025_2,201,1352,B0001,C0110,97,125
U+3053,100241706_00025_2,207,1505,B0001,C0111,89,113
U+307C,100241706_00025_2,203,1620,B0001,C0112,109,131
U+3057,100241706_00025_2,231,1779,B0001,C0113,32,167
U+5869,100241706_00025_2,187,1984,B0001,C0114,133,121
U+6C17,100241706_00025_2,216,2128,B0001,C0115,101,175
U+3092,100241706_00025_2,199,2304,B0001,C0116,111,111
U+3055,100241706_00025_2,219,2424,B0001,C0117,65,101
U+308A,100241706_00025_2,224,2526,B0001,C0118,55,131
U+3066,100241706_00025_2,209,2642,B0001,C0119,79,91
U+305D,100241706_00025_2,217,2749,B0001,C0120,76,103
U+308C,100241706_00025_2,192,2853,B0001,C0121,132,123
U+3088,100241706_00025_2,232,2982,B0001,C0122,48,96
U+308A,100241706_00025_2,208,3080,B0001,C0123,68,144
U+677E,100241706_00025_2,187,3229,B0001,C0124,124,100
U+9B5A,100241706_00025_2,200,3318,B0001,C0125,92,135
U+7BC0,100241706_00025_2,196,3441,B0001,C0126,92,161
U+306E,100241706_00026_1,2045,983,B0001,C0001,87,91
U+51FA,100241706_00026_1,2037,1106,B0001,C0002,121,95
U+3057,100241706_00026_1,2079,1211,B0001,C0003,25,140
U+3092,100241706_00026_1,2038,1364,B0001,C0004,111,131
U+304F,100241706_00026_1,2030,1499,B0001,C0005,115,104
U+308F,100241706_00026_1,2049,1604,B0001,C0006,56,135
U+3078,100241706_00026_1,2026,1742,B0001,C0007,117,76
U+716E,100241706_00026_1,2025,1831,B0001,C0008,117,192
U+3042,100241706_00026_1,2043,2024,B0001,C0009,80,141
U+3052,100241706_00026_1,2047,2167,B0001,C0010,93,141
U+9152,100241706_00026_1,2034,2339,B0001,C0011,99,137
U+98DF,100241706_00026_1,2029,2475,B0001,C0012,121,153
U+306B,100241706_00026_1,2059,2635,B0001,C0013,61,117
U+306A,100241706_00026_1,2041,2774,B0001,C0014,92,119
U+3059,100241706_00026_1,2031,2894,B0001,C0015,100,132
U+4FD7,100241706_00026_1,2022,3062,B0001,C0016,144,133
U+306B,100241706_00026_1,2063,3197,B0001,C0017,60,108
U+4E91,100241706_00026_1,2057,3329,B0001,C0018,71,83
U+3046,100241706_00026_1,2071,3443,B0001,C0019,44,103
U+3057,100241706_00026_1,2055,3495,B0001,C0020,73,123
U+307B,100241706_00026_1,1794,987,B0001,C0021,113,111
U+716E,100241706_00026_1,1780,1132,B0001,C0022,113,184
U+306E,100241706_00026_1,1797,1330,B0001,C0023,87,89
U+3054,100241706_00026_1,1805,1440,B0001,C0024,93,80
U+3068,100241706_00026_1,1805,1522,B0001,C0025,81,100
U+3057,100241706_00026_1,1822,1642,B0001,C0026,33,241
U+305B,100241706_00026_1,1776,1891,B0001,C0027,108,125
U+3070,100241706_00026_1,1794,2019,B0001,C0028,84,111
U+5BBF,100241706_00026_1,1775,2152,B0001,C0029,112,136
U+306B,100241706_00026_1,1813,2291,B0001,C0030,52,107
U+3066,100241706_00026_1,1794,2399,B0001,C0031,81,100
U+88FD,100241706_00026_1,1780,2511,B0001,C0032,108,177
U+3059,100241706_00026_1,1806,2690,B0001,C0033,68,145
U+3086,100241706_00026_1,1795,2844,B0001,C0034,91,105
U+3078,100241706_00026_1,1774,2951,B0001,C0035,151,60
U+305B,100241706_00026_1,1544,988,B0001,C0036,108,105
U+3093,100241706_00026_1,1554,1094,B0001,C0037,113,121
U+3070,100241706_00026_1,1555,1236,B0001,C0038,84,123
U+306A,100241706_00026_1,1568,1382,B0001,C0039,69,156
U+308B,100241706_00026_1,1590,1542,B0001,C0040,37,111
U+3079,100241706_00026_1,1543,1655,B0001,C0041,120,71
U+3057,100241706_00026_1,1584,1736,B0001,C0042,32,393
U+25B2,100241706_00026_1,1296,937,B0001,C0043,119,49
U+306A,100241706_00026_1,1314,1042,B0001,C0044,101,127
U+3093,100241706_00026_1,1295,1179,B0001,C0045,144,129
U+3070,100241706_00026_1,1311,1342,B0001,C0046,104,127
U+3093,100241706_00026_1,1292,1499,B0001,C0047,137,127
U+716E,100241706_00026_1,1304,1647,B0001,C0048,115,188
U+5927,100241706_00026_1,1052,975,B0001,C0049,129,152
U+5742,100241706_00026_1,1042,1128,B0001,C0050,137,136
U+96E3,100241706_00026_1,1047,1282,B0001,C0051,132,169
U+6CE2,100241706_00026_1,1051,1452,B0001,C0052,117,147
U+306B,100241706_00026_1,1079,1596,B0001,C0053,64,120
U+6CB9,100241706_00026_1,1055,1748,B0001,C0054,115,117
U+554F,100241706_00026_1,1064,1890,B0001,C0055,100,140
U+5C4B,100241706_00026_1,1063,2040,B0001,C0056,119,140
U+4F55,100241706_00026_1,1062,2232,B0001,C0057,107,139
U+67D0,100241706_00026_1,1062,2380,B0001,C0058,101,175
U+3068,100241706_00026_1,1080,2575,B0001,C0059,77,104
U+3044,100241706_00026_1,1074,2707,B0001,C0060,93,89
U+3072,100241706_00026_1,1064,2795,B0001,C0061,109,112
U+3051,100241706_00026_1,1076,2920,B0001,C0062,101,111
U+308B,100241706_00026_1,1100,3033,B0001,C0063,40,84
U+4E3B,100241706_00026_1,1083,3154,B0001,C0064,79,116
U+4EBA,100241706_00026_1,1059,3299,B0001,C0065,144,116
U+4F55,100241706_00026_1,1059,3463,B0001,C0066,121,136
U+4E8B,100241706_00026_1,808,1002,B0001,C0067,141,176
U+3082,100241706_00026_1,838,1186,B0001,C0068,61,113
U+716E,100241706_00026_1,822,1332,B0001,C0069,107,204
U+308B,100241706_00026_1,859,1538,B0001,C0070,37,109
U+306B,100241706_00026_1,822,1651,B0001,C0071,100,123
U+3082,100241706_00026_1,838,1795,B0001,C0072,71,116
U+624B,100241706_00026_1,832,1947,B0001,C0073,83,167
U+307E,100241706_00026_1,847,2115,B0001,C0074,52,124
U+3078,100241706_00026_1,816,2243,B0001,C0075,120,68
U+7269,100241706_00026_1,820,2326,B0001,C0076,121,125
U+3086,100241706_00026_1,815,2460,B0001,C0077,104,152
U+3078,100241706_00026_1,820,2607,B0001,C0078,116,39
U+6CB9,100241706_00026_1,822,2678,B0001,C0079,108,135
U+3092,100241706_00026_1,831,2814,B0001,C0080,97,125
U+3044,100241706_00026_1,828,2963,B0001,C0081,95,79
U+308C,100241706_00026_1,840,3045,B0001,C0082,76,132
U+3066,100241706_00026_1,832,3178,B0001,C0083,84,108
U+88FD,100241706_00026_1,812,3310,B0001,C0084,104,179
U+3059,100241706_00026_1,843,3493,B0001,C0085,73,117
U+305F,100241706_00026_1,576,1004,B0001,C0086,107,123
U+3068,100241706_00026_1,599,1126,B0001,C0087,72,120
U+306F,100241706_00026_1,569,1280,B0001,C0088,108,83
U+309E,100241706_00026_1,627,1364,B0001,C0089,37,69
U+8471,100241706_00026_1,569,1455,B0001,C0090,127,173
U+5927,100241706_00026_1,576,1666,B0001,C0091,107,119
U+6839,100241706_00026_1,569,1800,B0001,C0092,125,145
U+9B5A,100241706_00026_1,569,1967,B0001,C0093,103,179
U+9CE5,100241706_00026_1,585,2159,B0001,C0094,77,164
U+306E,100241706_00026_1,585,2356,B0001,C0095,81,95
U+8089,100241706_00026_1,577,2456,B0001,C0096,97,148
U+3082,100241706_00026_1,604,2628,B0001,C0097,56,127
U+308D,100241706_00026_1,581,2756,B0001,C0098,84,99
U+3031,100241706_00026_1,592,2799,B0001,C0099,100,232
U+306A,100241706_00026_1,584,3053,B0001,C0100,83,129
U+308A,100241706_00026_1,592,3183,B0001,C0101,64,143
U+5C11,100241706_00026_1,568,3345,B0001,C0102,105,159
U+3005,100241706_00026_1,604,3505,B0001,C0103,32,101
U+7D05,100241706_00026_1,325,998,B0001,C0104,133,133
U+6BDB,100241706_00026_1,324,1135,B0001,C0105,121,139
U+3081,100241706_00026_1,341,1295,B0001,C0106,92,129
U+3051,100241706_00026_1,336,1427,B0001,C0107,100,139
U+3069,100241706_00026_1,347,1578,B0001,C0108,85,96
U+3082,100241706_00026_1,345,1675,B0001,C0109,64,100
U+751A,100241706_00026_1,349,1800,B0001,C0110,91,151
U+9AD8,100241706_00026_1,339,1980,B0001,C0111,99,165
U+5473,100241706_00026_1,323,2143,B0001,C0112,116,153
U+306A,100241706_00026_1,347,2328,B0001,C0113,84,121
U+308A,100241706_00026_1,352,2451,B0001,C0114,63,121
U+53F3,100241706_00026_1,325,2599,B0001,C0115,113,129
U+3092,100241706_00026_1,339,2730,B0001,C0116,111,133
U+307E,100241706_00026_1,355,2864,B0001,C0117,59,117
U+306A,100241706_00026_1,344,2983,B0001,C0118,81,107
U+3073,100241706_00026_1,327,3117,B0001,C0119,109,93
U+3066,100241706_00026_1,340,3211,B0001,C0120,79,96
U+88FD,100241706_00026_1,317,3330,B0001,C0121,109,191
U+3059,100241706_00026_1,331,3530,B0001,C0122,83,92
U+3082,100241706_00026_2,1883,1004,B0001,C0001,71,132
U+306E,100241706_00026_2,1868,1135,B0001,C0002,88,113
U+3092,100241706_00026_2,1863,1249,B0001,C0003,109,129
U+306A,100241706_00026_2,1875,1391,B0001,C0004,96,123
U+3093,100241706_00026_2,1866,1513,B0001,C0005,131,97
U+3070,100241706_00026_2,1874,1621,B0001,C0006,80,121
U+306B,100241706_00026_2,1851,1781,B0001,C0007,104,95
U+3068,100241706_00026_2,1884,1877,B0001,C0008,63,125
U+3044,100241706_00026_2,1867,2031,B0001,C0009,89,84
U+3078,100241706_00026_2,1856,2116,B0001,C0010,121,75
U+308A,100241706_00026_2,1856,2192,B0001,C0011,84,168
U+306A,100241706_00026_2,1632,1004,B0001,C0012,99,129
U+3093,100241706_00026_2,1623,1135,B0001,C0013,155,101
U+3070,100241706_00026_2,1638,1273,B0001,C0014,105,144
U+3093,100241706_00026_2,1623,1419,B0001,C0015,136,143
U+306A,100241706_00026_2,1642,1592,B0001,C0016,85,152
U+308B,100241706_00026_2,1666,1745,B0001,C0017,43,121
U+3079,100241706_00026_2,1618,1868,B0001,C0018,133,79
U+3057,100241706_00026_2,1671,1964,B0001,C0019,33,376
U+25B2,100241706_00026_2,1396,944,B0001,C0020,97,55
U+304F,100241706_00026_2,1374,1033,B0001,C0021,120,104
U+3089,100241706_00026_2,1398,1137,B0001,C0022,83,144
U+307E,100241706_00026_2,1384,1297,B0001,C0023,115,129
U+725B,100241706_00026_2,1383,1440,B0001,C0024,100,227
U+623F,100241706_00026_2,1370,1683,B0001,C0025,117,209
U+3054,100241706_00026_2,1153,972,B0001,C0026,120,135
U+307C,100241706_00026_2,1148,1105,B0001,C0027,131,141
U+3046,100241706_00026_2,1147,1248,B0001,C0028,79,151
U+306E,100241706_00026_2,1163,1407,B0001,C0029,79,93
U+304B,100241706_00026_2,1143,1531,B0001,C0030,115,109
U+308F,100241706_00026_2,1173,1641,B0001,C0031,47,132
U+3092,100241706_00026_2,1149,1775,B0001,C0032,111,140
U+6B8B,100241706_00026_2,1137,1939,B0001,C0033,129,160
U+3057,100241706_00026_2,1190,2107,B0001,C0034,27,219
U+4E2D,100241706_00026_2,1157,2340,B0001,C0035,91,143
U+3092,100241706_00026_2,1148,2483,B0001,C0036,109,140
U+5C0F,100241706_00026_2,1147,2639,B0001,C0037,113,100
U+5200,100241706_00026_2,1168,2775,B0001,C0038,71,96
U+306B,100241706_00026_2,1156,2896,B0001,C0039,97,104
U+3066,100241706_00026_2,1160,3002,B0001,C0040,91,116
U+304F,100241706_00026_2,1160,3134,B0001,C0041,103,109
U+308A,100241706_00026_2,1177,3244,B0001,C0042,67,141
U+6368,100241706_00026_2,1137,3434,B0001,C0043,164,145
U+304B,100241706_00026_2,900,995,B0001,C0044,135,120
U+308F,100241706_00026_2,927,1107,B0001,C0045,60,144
U+6597,100241706_00026_2,911,1252,B0001,C0046,96,204
U+308A,100241706_00026_2,925,1460,B0001,C0047,73,148
U+3042,100241706_00026_2,923,1644,B0001,C0048,92,111
U+3093,100241706_00026_2,911,1724,B0001,C0049,136,121
U+304B,100241706_00026_2,904,1863,B0001,C0050,111,89
U+3051,100241706_00026_2,924,1962,B0001,C0051,91,149
U+306A,100241706_00026_2,928,2119,B0001,C0052,72,144
U+3069,100241706_00026_2,939,2264,B0001,C0053,60,117
U+306B,100241706_00026_2,905,2383,B0001,C0054,115,113
U+7528,100241706_00026_2,919,2518,B0001,C0055,80,136
U+3086,100241706_00026_2,921,2660,B0001,C0056,81,99
U+5408,100241706_00026_2,899,2783,B0001,C0057,148,133
U+3092,100241706_00026_2,913,2924,B0001,C0058,99,112
U+304F,100241706_00026_2,920,3050,B0001,C0059,87,80
U+308A,100241706_00026_2,933,3131,B0001,C0060,60,107
U+6368,100241706_00026_2,896,3218,B0001,C0061,125,131
U+308B,100241706_00026_2,953,3348,B0001,C0062,41,79
U+3086,100241706_00026_2,919,3431,B0001,C0063,95,103
U+3078,100241706_00026_2,905,3535,B0001,C0064,128,43
U+304F,100241706_00026_2,675,1011,B0001,C0065,109,91
U+308A,100241706_00026_2,697,1107,B0001,C0066,61,131
U+9593,100241706_00026_2,669,1251,B0001,C0067,113,131
U+3054,100241706_00026_2,689,1401,B0001,C0068,85,88
U+307C,100241706_00026_2,683,1528,B0001,C0069,109,111
U+3046,100241706_00026_2,692,1640,B0001,C0070,63,135
U+306A,100241706_00026_2,689,1781,B0001,C0071,92,144
U+308B,100241706_00026_2,707,1927,B0001,C0072,44,93
U+3079,100241706_00026_2,657,2026,B0001,C0073,143,73
U+3057,100241706_00026_2,713,2118,B0001,C0074,32,420
U+25B2,100241706_00026_2,428,944,B0001,C0075,104,45
U+306E,100241706_00026_2,428,1024,B0001,C0076,99,120
U+3063,100241706_00026_2,408,1153,B0001,C0077,120,152
U+307A,100241706_00026_2,427,1320,B0001,C0078,129,177
U+3044,100241706_00026_2,429,1499,B0001,C0079,127,96
U+662F,100241706_00026_2,193,993,B0001,C0080,85,151
U+306F,100241706_00026_2,184,1168,B0001,C0081,93,61
U+5927,100241706_00026_2,184,1249,B0001,C0082,99,133
U+304D,100241706_00026_2,179,1393,B0001,C0083,107,119
U+306A,100241706_00026_2,195,1517,B0001,C0084,92,128
U+308B,100241706_00026_2,213,1647,B0001,C0085,41,87
U+3072,100241706_00026_2,188,1757,B0001,C0086,108,124
U+3089,100241706_00026_2,200,1883,B0001,C0087,57,115
U+306A,100241706_00026_2,199,2004,B0001,C0088,76,119
U+3069,100241706_00026_2,225,2124,B0001,C0089,59,112
U+3078,100241706_00026_2,180,2247,B0001,C0090,125,64
U+3055,100241706_00026_2,203,2322,B0001,C0091,75,112
U+3044,100241706_00026_2,185,2435,B0001,C0092,116,89
U+3057,100241706_00026_2,197,2526,B0001,C0093,92,124
U+3087,100241706_00026_2,205,2654,B0001,C0094,69,95
U+4ED5,100241706_00026_2,196,2760,B0001,C0095,112,119
U+7ACB,100241706_00026_2,200,2882,B0001,C0096,99,129
U+51FA,100241706_00026_2,197,3038,B0001,C0097,108,100
U+305B,100241706_00026_2,193,3142,B0001,C0098,97,115
U+3057,100241706_00026_2,235,3275,B0001,C0099,28,164
U+8584,100241706_00026_2,205,3447,B0001,C0100,88,145
U+845B,100241706_00027_1,2021,986,B0001,C0001,95,192
U+3082,100241706_00027_1,2042,1203,B0001,C0002,63,107
U+306E,100241706_00027_1,2029,1311,B0001,C0003,79,97
U+306A,100241706_00027_1,2031,1423,B0001,C0004,68,127
U+308A,100241706_00027_1,2022,1556,B0001,C0005,73,149
U+5E73,100241706_00027_1,2005,1712,B0001,C0006,109,144
U+306E,100241706_00027_1,2021,1870,B0001,C0007,77,100
U+3046,100241706_00027_1,2037,1972,B0001,C0008,45,99
U+3061,100241706_00027_1,2017,2070,B0001,C0009,83,148
U+306C,100241706_00027_1,1998,2228,B0001,C0010,103,129
U+3089,100241706_00027_1,2027,2359,B0001,C0011,55,99
U+3064,100241706_00027_1,2013,2471,B0001,C0012,93,127
U+304F,100241706_00027_1,2035,2592,B0001,C0013,64,129
U+3086,100241706_00027_1,2022,2742,B0001,C0014,88,99
U+3078,100241706_00027_1,2001,2846,B0001,C0015,144,72
U+306C,100241706_00027_1,1766,998,B0001,C0016,105,147
U+5E73,100241706_00027_1,1765,1279,B0001,C0017,112,183
U+306A,100241706_00027_1,1770,1494,B0001,C0018,87,143
U+308B,100241706_00027_1,1801,1643,B0001,C0019,37,103
U+3079,100241706_00027_1,1758,1747,B0001,C0020,115,77
U+3057,100241706_00027_1,1795,1836,B0001,C0021,33,409
U+25B2,100241706_00027_1,1528,944,B0001,C0022,108,52
U+304B,100241706_00027_1,1512,1030,B0001,C0023,127,93
U+304F,100241706_00027_1,1534,1131,B0001,C0024,75,141
U+3084,100241706_00027_1,1515,1292,B0001,C0025,117,144
U+9999,100241706_00027_1,1500,1456,B0001,C0026,151,160
U+306E,100241706_00027_1,1532,1632,B0001,C0027,85,89
U+7269,100241706_00027_1,1511,1734,B0001,C0028,121,151
U+3059,100241706_00027_1,1300,996,B0001,C0029,79,144
U+3079,100241706_00027_1,1278,1142,B0001,C0030,124,156
U+3066,100241706_00027_1,1286,1312,B0001,C0031,85,105
U+304C,100241706_00027_1,1283,1432,B0001,C0032,124,100
U+304F,100241706_00027_1,1310,1500,B0001,C0033,69,161
U+3084,100241706_00027_1,1282,1688,B0001,C0034,101,104
U+306F,100241706_00027_1,1286,1802,B0001,C0035,87,75
U+7269,100241706_00027_1,1272,1886,B0001,C0036,119,143
U+3092,100241706_00027_1,1282,2030,B0001,C0037,104,144
U+3055,100241706_00027_1,1295,2199,B0001,C0038,77,103
U+307E,100241706_00027_1,1292,2303,B0001,C0039,69,125
U+3032,100241706_00027_1,1298,2379,B0001,C0040,96,243
U+3057,100241706_00027_1,1291,2648,B0001,C0041,97,101
U+3053,100241706_00027_1,1304,2767,B0001,C0042,73,95
U+3046,100241706_00027_1,1300,2866,B0001,C0043,64,120
U+3059,100241706_00027_1,1272,2990,B0001,C0044,101,127
U+308B,100241706_00027_1,1318,3118,B0001,C0045,40,89
U+96A0,100241706_00027_1,1279,3226,B0001,C0046,113,173
U+6240,100241706_00027_1,1278,3389,B0001,C0047,111,111
U+306E,100241706_00027_1,1288,3518,B0001,C0048,80,83
U+540D,100241706_00027_1,1034,1006,B0001,C0049,103,131
U+4E5F,100241706_00027_1,1044,1138,B0001,C0050,113,95
U+9999,100241706_00027_1,1014,1252,B0001,C0051,148,163
U+306E,100241706_00027_1,1044,1430,B0001,C0052,80,81
U+7269,100241706_00027_1,1031,1543,B0001,C0053,108,113
U+3082,100241706_00027_1,1052,1676,B0001,C0054,61,117
U+53E4,100241706_00027_1,1023,1827,B0001,C0055,116,123
U+304F,100241706_00027_1,1052,1954,B0001,C0056,44,136
U+306A,100241706_00027_1,1044,2119,B0001,C0057,96,120
U+308A,100241706_00027_1,1067,2242,B0001,C0058,43,123
U+3066,100241706_00027_1,1038,2356,B0001,C0059,89,101
U+5473,100241706_00027_1,1030,2480,B0001,C0060,129,156
U+3072,100241706_00027_1,1044,2640,B0001,C0061,108,93
U+3042,100241706_00027_1,1048,2754,B0001,C0062,93,93
U+3057,100241706_00027_1,1108,2840,B0001,C0063,23,103
U+304F,100241706_00027_1,1059,2965,B0001,C0064,51,144
U+306A,100241706_00027_1,1046,3121,B0001,C0065,80,119
U+308B,100241706_00027_1,1068,3237,B0001,C0066,51,87
U+3092,100241706_00027_1,1036,3325,B0001,C0067,108,109
U+8272,100241706_00027_1,1054,3475,B0001,C0068,100,128
U+3031,100241706_00027_1,823,1000,B0001,C0069,69,267
U+3068,100241706_00027_1,824,1259,B0001,C0070,72,101
U+3057,100241706_00027_1,844,1374,B0001,C0071,24,117
U+3066,100241706_00027_1,807,1492,B0001,C0072,84,105
U+9152,100241706_00027_1,799,1616,B0001,C0073,107,148
U+3057,100241706_00027_1,807,1762,B0001,C0074,97,108
U+3084,100241706_00027_1,800,1875,B0001,C0075,100,101
U+3046,100241706_00027_1,831,1978,B0001,C0076,40,100
U+6CB9,100241706_00027_1,795,2128,B0001,C0077,113,125
U+306A,100241706_00027_1,814,2282,B0001,C0078,77,120
U+3069,100241706_00027_1,831,2403,B0001,C0079,65,112
U+306B,100241706_00027_1,788,2530,B0001,C0080,115,108
U+3064,100241706_00027_1,798,2666,B0001,C0081,96,81
U+3051,100241706_00027_1,807,2748,B0001,C0082,93,127
U+3066,100241706_00027_1,804,2878,B0001,C0083,95,92
U+51FA,100241706_00027_1,803,3003,B0001,C0084,112,101
U+305B,100241706_00027_1,796,3106,B0001,C0085,96,133
U+3070,100241706_00027_1,812,3241,B0001,C0086,96,72
U+53C8,100241706_00027_1,788,3343,B0001,C0087,148,80
U+3072,100241706_00027_1,806,3435,B0001,C0088,113,81
U+3068,100241706_00027_1,828,3514,B0001,C0089,72,100
U+3057,100241706_00027_1,556,1007,B0001,C0090,111,129
U+307B,100241706_00027_1,551,1146,B0001,C0091,113,116
U+3046,100241706_00027_1,575,1278,B0001,C0092,61,145
U+307E,100241706_00027_1,572,1410,B0001,C0093,59,145
U+307F,100241706_00027_1,575,1556,B0001,C0094,64,96
U+3082,100241706_00027_1,564,1672,B0001,C0095,73,111
U+3064,100241706_00027_1,553,1806,B0001,C0096,101,132
U+304F,100241706_00027_1,580,1920,B0001,C0097,61,120
U+3082,100241706_00027_1,577,2036,B0001,C0098,61,119
U+306E,100241706_00027_1,555,2158,B0001,C0099,85,91
U+3086,100241706_00027_1,552,2266,B0001,C0100,99,95
U+3078,100241706_00027_1,540,2362,B0001,C0101,139,85
U+304C,100241706_00027_1,307,1010,B0001,C0102,152,93
U+304F,100241706_00027_1,341,1098,B0001,C0103,59,120
U+3084,100241706_00027_1,304,1251,B0001,C0104,117,136
U+306A,100241706_00027_1,328,1414,B0001,C0105,77,157
U+308B,100241706_00027_1,339,1579,B0001,C0106,52,131
U+3079,100241706_00027_1,293,1711,B0001,C0107,132,92
U+3057,100241706_00027_1,341,1844,B0001,C0108,36,411
U+53C8,100241706_00027_2,1837,979,B0001,C0001,141,97
U+4E2D,100241706_00027_2,1864,1097,B0001,C0002,96,181
U+6751,100241706_00027_2,1853,1284,B0001,C0003,115,152
U+304B,100241706_00027_2,1856,1459,B0001,C0004,109,89
U+304F,100241706_00027_2,1896,1520,B0001,C0005,55,121
U+3084,100241706_00027_2,1855,1657,B0001,C0006,105,108
U+3068,100241706_00027_2,1893,1777,B0001,C0007,65,101
U+3044,100241706_00027_2,1879,1903,B0001,C0008,80,77
U+3075,100241706_00027_2,1864,1981,B0001,C0009,100,103
U+5973,100241706_00027_2,1861,2113,B0001,C0010,121,77
U+5F62,100241706_00027_2,1871,2228,B0001,C0011,109,116
U+306E,100241706_00027_2,1881,2351,B0001,C0012,80,87
U+5F79,100241706_00027_2,1860,2468,B0001,C0013,127,133
U+8005,100241706_00027_2,1867,2601,B0001,C0014,112,133
U+3042,100241706_00027_2,1889,2755,B0001,C0015,83,97
U+308A,100241706_00027_2,1907,2840,B0001,C0016,47,112
U+3066,100241706_00027_2,1877,2953,B0001,C0017,89,99
U+662F,100241706_00027_2,1899,3079,B0001,C0018,71,140
U+306F,100241706_00027_2,1887,3232,B0001,C0019,84,55
U+8336,100241706_00027_2,1872,3308,B0001,C0020,112,163
U+3092,100241706_00027_2,1887,3472,B0001,C0021,107,116
U+3088,100241706_00027_2,1651,985,B0001,C0022,60,88
U+304F,100241706_00027_2,1640,1075,B0001,C0023,61,113
U+3057,100241706_00027_2,1669,1209,B0001,C0024,31,193
U+5143,100241706_00027_2,1635,1425,B0001,C0025,112,119
U+7956,100241706_00027_2,1621,1565,B0001,C0026,125,136
U+62CD,100241706_00027_2,1625,1752,B0001,C0027,121,125
U+9060,100241706_00027_2,1619,1912,B0001,C0028,141,137
U+306B,100241706_00027_2,1640,2067,B0001,C0029,101,88
U+8336,100241706_00027_2,1644,2195,B0001,C0030,113,144
U+3092,100241706_00027_2,1649,2369,B0001,C0031,96,104
U+51FA,100241706_00027_2,1653,2504,B0001,C0032,96,89
U+305B,100241706_00027_2,1648,2595,B0001,C0033,92,115
U+3057,100241706_00027_2,1692,2732,B0001,C0034,27,199
U+3068,100241706_00027_2,1667,2951,B0001,C0035,63,91
U+304D,100241706_00027_2,1649,3043,B0001,C0036,108,95
U+6B64,100241706_00027_2,1640,3156,B0001,C0037,116,100
U+304B,100241706_00027_2,1632,3273,B0001,C0038,119,83
U+3046,100241706_00027_2,1671,3353,B0001,C0039,44,105
U+3031,100241706_00027_2,1659,3404,B0001,C0040,81,215
U+3092,100241706_00027_2,1385,977,B0001,C0041,104,97
U+306F,100241706_00027_2,1389,1095,B0001,C0042,89,100
U+3057,100241706_00027_2,1421,1203,B0001,C0043,32,133
U+3081,100241706_00027_2,1396,1339,B0001,C0044,83,116
U+3066,100241706_00027_2,1395,1456,B0001,C0045,89,105
U+3057,100241706_00027_2,1401,1585,B0001,C0046,93,113
U+3053,100241706_00027_2,1411,1704,B0001,C0047,75,95
U+3046,100241706_00027_2,1407,1809,B0001,C0048,65,129
U+3057,100241706_00027_2,1433,1941,B0001,C0049,29,189
U+305F,100241706_00027_2,1397,2171,B0001,C0050,83,108
U+308B,100241706_00027_2,1419,2280,B0001,C0051,52,87
U+751A,100241706_00027_2,1416,2393,B0001,C0052,95,156
U+5BA2,100241706_00027_2,1411,2588,B0001,C0053,95,137
U+307B,100241706_00027_2,1411,2756,B0001,C0054,101,97
U+3081,100241706_00027_2,1411,2855,B0001,C0055,75,125
U+3066,100241706_00027_2,1409,2967,B0001,C0056,81,96
U+4EAD,100241706_00027_2,1405,3081,B0001,C0057,97,155
U+4E3B,100241706_00027_2,1421,3237,B0001,C0058,71,119
U+306E,100241706_00027_2,1413,3379,B0001,C0059,81,96
U+540D,100241706_00027_2,1401,3485,B0001,C0060,104,113
U+3092,100241706_00027_2,1159,984,B0001,C0061,108,131
U+3059,100241706_00027_2,1173,1128,B0001,C0062,69,123
U+3050,100241706_00027_2,1175,1252,B0001,C0063,67,152
U+306B,100241706_00027_2,1167,1429,B0001,C0064,103,108
U+9999,100241706_00027_2,1133,1555,B0001,C0065,135,172
U+3005,100241706_00027_2,1185,1744,B0001,C0066,43,91
U+306E,100241706_00027_2,1171,1856,B0001,C0067,81,77
U+540D,100241706_00027_2,1157,1971,B0001,C0068,93,139
U+3068,100241706_00027_2,1188,2127,B0001,C0069,55,121
U+3059,100241706_00027_2,1164,2261,B0001,C0070,88,159
U+3068,100241706_00027_2,1179,2419,B0001,C0071,69,109
U+3080,100241706_00027_2,1169,2556,B0001,C0072,99,119
U+304B,100241706_00027_2,1157,2681,B0001,C0073,103,87
U+3057,100241706_00027_2,1204,2780,B0001,C0074,25,120
U+306E,100241706_00027_2,1176,2931,B0001,C0075,79,84
U+4EBA,100241706_00027_2,1157,3036,B0001,C0076,133,100
U+306E,100241706_00027_2,1180,3155,B0001,C0077,77,81
U+8A9E,100241706_00027_2,1157,3239,B0001,C0078,108,129
U+308A,100241706_00027_2,1205,3363,B0001,C0079,45,109
U+304D,100241706_00027_2,1180,3469,B0001,C0080,72,128
U+3044,100241706_00027_2,917,985,B0001,C0081,103,93
U+3064,100241706_00027_2,945,1089,B0001,C0082,51,55
U+306A,100241706_00027_2,925,1173,B0001,C0083,87,128
U+308B,100241706_00027_2,927,1315,B0001,C0084,97,160
U+3084,100241706_00027_2,901,1476,B0001,C0085,117,156
U+25B2,100241706_00027_2,672,931,B0001,C0086,96,45
U+83D3,100241706_00027_2,659,985,B0001,C0087,115,181
U+5B50,100241706_00027_2,675,1191,B0001,C0088,103,123
U+306E,100241706_00027_2,679,1336,B0001,C0089,91,87
U+8003,100241706_00027_2,669,1433,B0001,C0090,105,181
U+679C,100241706_00027_2,669,1652,B0001,C0091,113,147
U+5B50,100241706_00027_2,675,1823,B0001,C0092,115,123
U+306A,100241706_00027_2,701,1971,B0001,C0093,71,145
U+308A,100241706_00027_2,683,2125,B0001,C0094,89,124
U+3059,100241706_00027_2,708,2252,B0001,C0095,69,132
U+3079,100241706_00027_2,687,2381,B0001,C0096,109,88
U+3066,100241706_00027_2,700,2481,B0001,C0097,87,95
U+306E,100241706_00027_2,700,2603,B0001,C0098,87,88
U+679C,100241706_00027_2,691,2723,B0001,C0099,91,135
U+7269,100241706_00027_2,683,2887,B0001,C0100,112,147
U+3092,100241706_00027_2,695,3037,B0001,C0101,104,108
U+304F,100241706_00027_2,691,3159,B0001,C0102,112,83
U+308F,100241706_00027_2,700,3245,B0001,C0103,73,121
U+3057,100241706_00027_2,739,3393,B0001,C0104,21,113
U+3068,100241706_00027_2,711,3508,B0001,C0105,73,91
U+8B02,100241706_00027_2,420,984,B0001,C0106,119,155
U+306A,100241706_00027_2,448,1145,B0001,C0107,89,137
U+308B,100241706_00027_2,471,1284,B0001,C0108,36,99
U+304B,100241706_00027_2,471,1419,B0001,C0109,41,65
U+305F,100241706_00027_2,441,1533,B0001,C0110,100,108
U+3068,100241706_00027_2,467,1624,B0001,C0111,61,117
U+306F,100241706_00027_2,451,1767,B0001,C0112,87,75
U+309E,100241706_00027_2,489,1855,B0001,C0113,32,69
U+6885,100241706_00027_2,439,1984,B0001,C0114,135,128
U+6843,100241706_00027_2,433,2157,B0001,C0115,139,131
U+306E,100241706_00027_2,465,2305,B0001,C0116,83,84
U+5B9F,100241706_00027_2,432,2421,B0001,C0117,136,189
U+68A8,100241706_00027_2,431,2639,B0001,C0118,120,185
U+5B50,100241706_00027_2,477,2824,B0001,C0119,68,100
U+6279,100241706_00027_2,432,2951,B0001,C0120,152,127
U+628A,100241706_00027_2,441,3091,B0001,C0121,133,121
U+304B,100241706_00027_2,451,3236,B0001,C0122,115,103
U+305E,100241706_00027_2,471,3340,B0001,C0123,96,140
U+3075,100241706_00027_2,457,3481,B0001,C0124,104,108
U+308B,100241706_00027_2,204,981,B0001,C0125,84,135
U+306B,100241706_00027_2,203,1124,B0001,C0126,67,112
U+3044,100241706_00027_2,183,1284,B0001,C0127,104,73
U+3068,100241706_00027_2,203,1353,B0001,C0128,68,108
U+307E,100241706_00027_2,195,1469,B0001,C0129,95,144
U+306A,100241706_00027_2,204,1625,B0001,C0130,73,128
U+3057,100241706_00027_2,239,1756,B0001,C0131,28,188
U+662F,100241706_00027_2,208,1976,B0001,C0132,85,137
U+3092,100241706_00027_2,213,2132,B0001,C0133,81,112
U+6C34,100241706_00027_2,193,2276,B0001,C0134,112,115
U+83D3,100241706_00027_2,193,2399,B0001,C0135,99,167
U+5B50,100241706_00027_2,207,2575,B0001,C0136,89,120
U+3068,100241706_00027_2,223,2711,B0001,C0137,63,113
U+3088,100241706_00027_2,236,2845,B0001,C0138,49,93
U+3076,100241706_00027_2,193,2940,B0001,C0139,112,115
U+7C73,100241706_00027_2,201,3068,B0001,C0140,100,149
U+306B,100241706_00027_2,229,3227,B0001,C0141,44,105
U+3066,100241706_00027_2,209,3336,B0001,C0142,85,91
U+88FD,100241706_00027_2,195,3444,B0001,C0143,124,152
U+3059,100241706_00028_1,2036,973,B0001,C0001,81,127
U+3082,100241706_00028_1,2045,1115,B0001,C0002,56,124
U+306E,100241706_00028_1,2025,1241,B0001,C0003,84,99
U+5E72,100241706_00028_1,2013,1359,B0001,C0004,92,137
U+3050,100241706_00028_1,2005,1517,B0001,C0005,133,97
U+308F,100241706_00028_1,2027,1617,B0001,C0006,52,128
U+3057,100241706_00028_1,2061,1741,B0001,C0007,25,151
U+3068,100241706_00028_1,2032,1923,B0001,C0008,55,115
U+3044,100241706_00028_1,2015,2052,B0001,C0009,88,80
U+3075,100241706_00028_1,2005,2133,B0001,C0010,100,108
U+25B2,100241706_00028_1,1773,932,B0001,C0011,100,41
U+307E,100241706_00028_1,1773,1015,B0001,C0012,111,132
U+3093,100241706_00028_1,1763,1155,B0001,C0013,128,136
U+3062,100241706_00028_1,1785,1313,B0001,C0014,101,127
U+3046,100241706_00028_1,1793,1441,B0001,C0015,56,143
U+53C8,100241706_00028_1,1743,1913,B0001,C0016,153,101
U+9945,100241706_00028_1,1751,2043,B0001,C0017,156,145
U+982D,100241706_00028_1,1748,2227,B0001,C0018,127,131
U+3044,100241706_00028_1,1525,960,B0001,C0019,107,108
U+3065,100241706_00028_1,1532,1067,B0001,C0020,127,133
U+308C,100241706_00028_1,1537,1196,B0001,C0021,93,141
U+306E,100241706_00028_1,1537,1365,B0001,C0022,81,91
U+5FA1,100241706_00028_1,1515,1491,B0001,C0023,136,136
U+4EE3,100241706_00028_1,1521,1635,B0001,C0024,128,140
U+306E,100241706_00028_1,1543,1769,B0001,C0025,79,89
U+5FA1,100241706_00028_1,1540,1897,B0001,C0026,88,89
U+4E8B,100241706_00028_1,1525,1987,B0001,C0027,115,164
U+306A,100241706_00028_1,1541,2152,B0001,C0028,69,148
U+308A,100241706_00028_1,1553,2301,B0001,C0029,52,135
U+3057,100241706_00028_1,1561,2437,B0001,C0030,31,163
U+304B,100241706_00028_1,1555,2613,B0001,C0031,56,72
U+6B62,100241706_00028_1,1511,2724,B0001,C0032,145,89
U+4E8B,100241706_00028_1,1519,2832,B0001,C0033,143,161
U+306A,100241706_00028_1,1537,3011,B0001,C0034,92,121
U+304D,100241706_00028_1,1535,3133,B0001,C0035,76,132
U+5FA1,100241706_00028_1,1528,3295,B0001,C0036,109,93
U+304B,100241706_00028_1,1512,3408,B0001,C0037,116,95
U+305F,100241706_00028_1,1527,3504,B0001,C0038,85,107
U+7C73,100241706_00028_1,1268,961,B0001,C0039,132,147
U+306E,100241706_00028_1,1288,1137,B0001,C0040,83,84
U+5FA1,100241706_00028_1,1296,1251,B0001,C0041,89,84
U+3053,100241706_00028_1,1291,1337,B0001,C0042,89,125
U+3068,100241706_00028_1,1301,1461,B0001,C0043,73,109
U+3076,100241706_00028_1,1280,1615,B0001,C0044,113,121
U+304D,100241706_00028_1,1283,1739,B0001,C0045,99,112
U+3092,100241706_00028_1,1285,1865,B0001,C0046,101,116
U+795D,100241706_00028_1,1267,2011,B0001,C0047,139,153
U+3057,100241706_00028_1,1328,2188,B0001,C0048,15,189
U+5949,100241706_00028_1,1296,2416,B0001,C0049,73,171
U+308B,100241706_00028_1,1309,2591,B0001,C0050,41,89
U+3068,100241706_00028_1,1312,2696,B0001,C0051,29,131
U+3066,100241706_00028_1,1277,2829,B0001,C0052,92,109
U+3042,100241706_00028_1,1285,2980,B0001,C0053,95,144
U+3075,100241706_00028_1,1272,3125,B0001,C0054,93,139
U+3089,100241706_00028_1,1277,3265,B0001,C0055,67,119
U+3052,100241706_00028_1,1279,3387,B0001,C0056,112,124
U+3092,100241706_00028_1,1279,3507,B0001,C0057,103,103
U+305B,100241706_00028_1,1036,971,B0001,C0058,101,105
U+3044,100241706_00028_1,1036,1087,B0001,C0059,121,88
U+3057,100241706_00028_1,1083,1177,B0001,C0060,21,163
U+3042,100241706_00028_1,1047,1356,B0001,C0061,95,101
U+3050,100241706_00028_1,1065,1459,B0001,C0062,55,119
U+3078,100241706_00028_1,1040,1597,B0001,C0063,93,147
U+304D,100241706_00028_1,1051,1745,B0001,C0064,69,132
U+3088,100241706_00028_1,1067,1903,B0001,C0065,52,85
U+3057,100241706_00028_1,1080,1987,B0001,C0066,25,121
U+3092,100241706_00028_1,1031,2113,B0001,C0067,108,132
U+4EF0,100241706_00028_1,1024,2267,B0001,C0068,124,133
U+305B,100241706_00028_1,1036,2401,B0001,C0069,97,124
U+51FA,100241706_00028_1,1035,2555,B0001,C0070,121,85
U+3055,100241706_00028_1,1055,2644,B0001,C0071,77,107
U+308C,100241706_00028_1,1048,2752,B0001,C0072,93,132
U+3051,100241706_00028_1,1045,2912,B0001,C0073,95,107
U+308A,100241706_00028_1,1052,3016,B0001,C0074,72,140
U+3044,100241706_00028_1,1033,3187,B0001,C0075,104,72
U+304B,100241706_00028_1,1067,3260,B0001,C0076,51,57
U+309E,100241706_00028_1,1076,3319,B0001,C0077,48,73
U+81F4,100241706_00028_1,1031,3399,B0001,C0078,137,116
U+3057,100241706_00028_1,1079,3503,B0001,C0079,23,123
U+7533,100241706_00028_1,819,980,B0001,C0080,64,120
U+3079,100241706_00028_1,791,1107,B0001,C0081,120,163
U+304F,100241706_00028_1,819,1263,B0001,C0082,61,145
U+3068,100241706_00028_1,820,1415,B0001,C0083,68,108
U+4F3A,100241706_00028_1,788,1552,B0001,C0084,115,136
U+3072,100241706_00028_1,801,1689,B0001,C0085,104,117
U+3051,100241706_00028_1,811,1832,B0001,C0086,93,156
U+308B,100241706_00028_1,828,1988,B0001,C0087,44,79
U+6240,100241706_00028_1,789,2084,B0001,C0088,113,171
U+516B,100241706_00028_1,779,2276,B0001,C0089,137,97
U+5341,100241706_00028_1,796,2348,B0001,C0090,95,112
U+516B,100241706_00028_1,775,2479,B0001,C0091,136,88
U+624D,100241706_00028_1,796,2553,B0001,C0092,89,116
U+306E,100241706_00028_1,804,2677,B0001,C0093,81,91
U+3046,100241706_00028_1,811,2784,B0001,C0094,61,133
U+3078,100241706_00028_1,781,2916,B0001,C0095,120,47
U+307E,100241706_00028_1,816,2968,B0001,C0096,63,120
U+3067,100241706_00028_1,800,3089,B0001,C0097,88,107
U+3082,100241706_00028_1,816,3211,B0001,C0098,67,105
U+5FA1,100241706_00028_1,797,3320,B0001,C0099,121,125
U+5BFF,100241706_00028_1,764,3440,B0001,C0100,145,183
U+3092,100241706_00028_1,551,991,B0001,C0101,129,132
U+3044,100241706_00028_1,544,1157,B0001,C0102,137,84
U+308F,100241706_00028_1,573,1243,B0001,C0103,60,125
U+4E95,100241706_00028_1,545,1377,B0001,C0104,115,207
U+307E,100241706_00028_1,575,1600,B0001,C0105,52,119
U+3057,100241706_00028_1,580,1720,B0001,C0106,39,151
U+7136,100241706_00028_1,519,1884,B0001,C0107,135,147
U+308B,100241706_00028_1,581,2033,B0001,C0108,39,101
U+3079,100241706_00028_1,551,2163,B0001,C0109,109,153
U+304F,100241706_00028_1,568,2313,B0001,C0110,53,128
U+3068,100241706_00028_1,571,2455,B0001,C0111,68,112
U+306B,100241706_00028_1,539,2568,B0001,C0112,119,132
U+3088,100241706_00028_1,577,2703,B0001,C0113,49,103
U+308A,100241706_00028_1,577,2807,B0001,C0114,48,113
U+4E00,100241706_00028_1,537,2984,B0001,C0115,123,25
U+3064,100241706_00028_1,587,3029,B0001,C0116,59,61
U+767E,100241706_00028_1,529,3127,B0001,C0117,120,112
U+306E,100241706_00028_1,555,3261,B0001,C0118,81,79
U+6570,100241706_00028_1,533,3364,B0001,C0119,117,135
U+3092,100241706_00028_1,537,3500,B0001,C0120,117,109
U+304B,100241706_00028_1,303,996,B0001,C0121,116,97
U+305F,100241706_00028_1,323,1091,B0001,C0122,72,96
U+3069,100241706_00028_1,325,1209,B0001,C0123,93,84
U+308A,100241706_00028_1,321,1300,B0001,C0124,68,144
U+7A2E,100241706_00028_1,287,1471,B0001,C0125,125,151
U+3005,100241706_00028_1,336,1644,B0001,C0126,32,92
U+5DE5,100241706_00028_1,311,1779,B0001,C0127,93,92
U+592B,100241706_00028_1,297,1875,B0001,C0128,121,136
U+3092,100241706_00028_1,308,2020,B0001,C0129,99,112
U+3081,100241706_00028_1,315,2160,B0001,C0130,88,107
U+3050,100241706_00028_1,311,2271,B0001,C0131,99,96
U+3089,100241706_00028_1,336,2368,B0001,C0132,43,100
U+3057,100241706_00028_1,343,2475,B0001,C0133,28,177
U+3051,100241706_00028_1,316,2661,B0001,C0134,93,125
U+308B,100241706_00028_1,340,2788,B0001,C0135,37,95
U+6240,100241706_00028_1,309,2889,B0001,C0136,97,115
U+4E00,100241706_00028_1,299,3055,B0001,C0137,116,17
U+3064,100241706_00028_1,340,3095,B0001,C0138,59,52
U+767D,100241706_00028_1,316,3187,B0001,C0139,79,117
U+306E,100241706_00028_1,308,3324,B0001,C0140,88,75
U+306F,100241706_00028_1,311,3411,B0001,C0141,76,88
U+304F,100241706_00028_1,315,3500,B0001,C0142,64,93
U+306F,100241706_00028_2,1882,968,B0001,C0001,104,69
U+9EA6,100241706_00028_2,1865,1039,B0001,C0002,151,171
U+306B,100241706_00028_2,1875,1204,B0001,C0003,111,104
U+304B,100241706_00028_2,1881,1347,B0001,C0004,109,103
U+3088,100241706_00028_2,1917,1448,B0001,C0005,57,112
U+3072,100241706_00028_2,1887,1562,B0001,C0006,119,129
U+53C8,100241706_00028_2,1873,1719,B0001,C0007,147,105
U+4E0A,100241706_00028_2,1898,1850,B0001,C0008,93,128
U+3078,100241706_00028_2,1881,1992,B0001,C0009,137,65
U+306E,100241706_00028_2,1901,2072,B0001,C0010,91,85
U+4E00,100241706_00028_2,1893,2222,B0001,C0011,109,24
U+306F,100241706_00028_2,1898,2296,B0001,C0012,103,56
U+3061,100241706_00028_2,1917,2384,B0001,C0013,75,129
U+3044,100241706_00028_2,1905,2515,B0001,C0014,95,79
U+3055,100241706_00028_2,1918,2620,B0001,C0015,71,93
U+304F,100241706_00028_2,1923,2715,B0001,C0016,55,115
U+3068,100241706_00028_2,1926,2827,B0001,C0017,68,105
U+3042,100241706_00028_2,1915,2978,B0001,C0018,97,92
U+3093,100241706_00028_2,1909,3071,B0001,C0019,108,81
U+3058,100241706_00028_2,1946,3183,B0001,C0020,51,189
U+5247,100241706_00028_2,1909,3430,B0001,C0021,101,148
U+5C0F,100241706_00028_2,1632,968,B0001,C0022,123,109
U+9EA6,100241706_00028_2,1658,1124,B0001,C0023,103,165
U+306B,100241706_00028_2,1640,1300,B0001,C0024,115,115
U+3066,100241706_00028_2,1656,1416,B0001,C0025,101,121
U+305B,100241706_00028_2,1643,1568,B0001,C0026,117,125
U+3044,100241706_00028_2,1656,1695,B0001,C0027,113,81
U+3057,100241706_00028_2,1698,1787,B0001,C0028,25,199
U+3046,100241706_00028_2,1691,2003,B0001,C0029,45,117
U+3061,100241706_00028_2,1679,2122,B0001,C0030,77,147
U+306B,100241706_00028_2,1656,2271,B0001,C0031,119,104
U+9940,100241706_00028_2,1652,2422,B0001,C0032,127,153
U+3092,100241706_00028_2,1683,2594,B0001,C0033,100,131
U+5305,100241706_00028_2,1686,2759,B0001,C0034,101,129
U+3066,100241706_00028_2,1672,2904,B0001,C0035,101,97
U+9905,100241706_00028_2,1662,3030,B0001,C0036,143,145
U+306B,100241706_00028_2,1695,3177,B0001,C0037,69,111
U+4ED5,100241706_00028_2,1646,3327,B0001,C0038,141,103
U+7ACB,100241706_00028_2,1690,3431,B0001,C0039,91,143
U+3088,100241706_00028_2,1432,979,B0001,C0040,56,111
U+308D,100241706_00028_2,1410,1091,B0001,C0041,101,159
U+3057,100241706_00028_2,1443,1259,B0001,C0042,33,153
U+304F,100241706_00028_2,1408,1422,B0001,C0043,99,120
U+3068,100241706_00028_2,1431,1542,B0001,C0044,71,113
U+7533,100241706_00028_2,1442,1672,B0001,C0045,48,128
U+7ABA,100241706_00028_2,1403,1831,B0001,C0046,113,183
U+3072,100241706_00028_2,1419,2015,B0001,C0047,107,140
U+3051,100241706_00028_2,1427,2174,B0001,C0048,101,133
U+308B,100241706_00028_2,1456,2308,B0001,C0049,44,99
U+6240,100241706_00028_2,1432,2408,B0001,C0050,97,139
U+3057,100241706_00028_2,1436,2576,B0001,C0051,91,103
U+304B,100241706_00028_2,1458,2680,B0001,C0052,55,87
U+308B,100241706_00028_2,1438,2772,B0001,C0053,81,116
U+3079,100241706_00028_2,1412,2886,B0001,C0054,131,92
U+3057,100241706_00028_2,1474,2970,B0001,C0055,25,152
U+3068,100241706_00028_2,1451,3145,B0001,C0056,77,105
U+306B,100241706_00028_2,1431,3254,B0001,C0057,108,104
U+3088,100241706_00028_2,1468,3381,B0001,C0058,53,97
U+308A,100241706_00028_2,1460,3471,B0001,C0059,55,132
U+662F,100241706_00028_2,1179,980,B0001,C0060,88,177
U+3092,100241706_00028_2,1170,1168,B0001,C0061,113,129
U+732E,100241706_00028_2,1122,1300,B0001,C0062,203,159
U+3058,100241706_00028_2,1207,1459,B0001,C0063,47,181
U+3051,100241706_00028_2,1186,1662,B0001,C0064,95,147
U+308B,100241706_00028_2,1204,1808,B0001,C0065,47,89
U+3088,100241706_00028_2,1210,1926,B0001,C0066,43,116
U+3063,100241706_00028_2,1178,2043,B0001,C0067,103,111
U+3066,100241706_00028_2,1192,2155,B0001,C0068,55,147
U+6E80,100241706_00028_2,919,975,B0001,C0069,133,171
U+5BFF,100241706_00028_2,904,1172,B0001,C0070,148,196
U+306A,100241706_00028_2,948,1404,B0001,C0071,75,136
U+308B,100241706_00028_2,971,1538,B0001,C0072,44,120
U+3079,100241706_00028_2,924,1659,B0001,C0073,125,80
U+3057,100241706_00028_2,968,1732,B0001,C0074,35,397
U+25B2,100241706_00028_2,682,927,B0001,C0075,119,41
U+3088,100241706_00028_2,714,1003,B0001,C0076,64,112
U+306D,100241706_00028_2,680,1124,B0001,C0077,135,160
U+307E,100241706_00028_2,718,1286,B0001,C0078,56,136
U+3093,100241706_00028_2,686,1423,B0001,C0079,151,105
U+3062,100241706_00028_2,708,1550,B0001,C0080,96,131
U+3046,100241706_00028_2,711,1680,B0001,C0081,61,160
U+662F,100241706_00028_2,447,972,B0001,C0082,104,160
U+306F,100241706_00028_2,457,1144,B0001,C0083,85,65
U+304B,100241706_00028_2,441,1236,B0001,C0084,127,96
U+308F,100241706_00028_2,471,1331,B0001,C0085,61,133
U+3092,100241706_00028_2,460,1466,B0001,C0086,108,140
U+7C73,100241706_00028_2,456,1606,B0001,C0087,107,172
U+306B,100241706_00028_2,453,1780,B0001,C0088,107,119
U+3066,100241706_00028_2,456,1900,B0001,C0089,100,107
U+305B,100241706_00028_2,460,2035,B0001,C0090,109,125
U+3044,100241706_00028_2,467,2162,B0001,C0091,103,88
U+3059,100241706_00028_2,463,2251,B0001,C0092,107,135
U+3086,100241706_00028_2,472,2384,B0001,C0093,96,115
U+3078,100241706_00028_2,455,2496,B0001,C0094,137,73
U+7C73,100241706_00028_2,468,2570,B0001,C0095,111,164
U+307E,100241706_00028_2,497,2732,B0001,C0096,53,119
U+3093,100241706_00028_2,461,2846,B0001,C0097,141,87
U+3062,100241706_00028_2,492,2953,B0001,C0098,101,112
U+3046,100241706_00028_2,487,3066,B0001,C0099,72,111
U+306A,100241706_00028_2,495,3171,B0001,C0100,77,112
U+308A,100241706_00028_2,497,3285,B0001,C0101,68,123
U+25B2,100241706_00028_2,217,928,B0001,C0102,77,45
U+3042,100241706_00028_2,196,1011,B0001,C0103,108,137
U+3093,100241706_00028_2,191,1212,B0001,C0104,145,163
U+9905,100241706_00029_1,2015,982,B0001,C0001,149,160
U+4F55,100241706_00029_1,2031,1183,B0001,C0002,116,141
U+4E8B,100241706_00029_1,2033,1326,B0001,C0003,128,175
U+3082,100241706_00029_1,2058,1511,B0001,C0004,67,107
U+4E2D,100241706_00029_1,2047,1643,B0001,C0005,93,128
U+306B,100241706_00029_1,2070,1770,B0001,C0006,56,112
U+5305,100241706_00029_1,2053,1899,B0001,C0007,95,139
U+3080,100241706_00029_1,2047,2062,B0001,C0008,104,117
U+3092,100241706_00029_1,2038,2178,B0001,C0009,108,151
U+3042,100241706_00029_1,2057,2334,B0001,C0010,84,100
U+3093,100241706_00029_1,2042,2423,B0001,C0011,128,105
U+3068,100241706_00029_1,2073,2534,B0001,C0012,61,104
U+3044,100241706_00029_1,2055,2660,B0001,C0013,85,77
U+3075,100241706_00029_1,2045,2739,B0001,C0014,100,105
U+5916,100241706_00029_1,2065,2858,B0001,C0015,99,163
U+3088,100241706_00029_1,2082,3022,B0001,C0016,51,83
U+308A,100241706_00029_1,2066,3106,B0001,C0017,72,149
U+898B,100241706_00029_1,2063,3281,B0001,C0018,91,132
U+3078,100241706_00029_1,2057,3419,B0001,C0019,112,65
U+305A,100241706_00029_1,2074,3493,B0001,C0020,95,123
U+3044,100241706_00029_1,1783,1002,B0001,C0021,111,84
U+307E,100241706_00029_1,1806,1087,B0001,C0022,68,128
U+3060,100241706_00029_1,1798,1216,B0001,C0023,93,115
U+4E7E,100241706_00029_1,1774,1384,B0001,C0024,155,155
U+5764,100241706_00029_1,1770,1560,B0001,C0025,136,191
U+308F,100241706_00029_1,1814,1779,B0001,C0026,56,132
U+304B,100241706_00029_1,1791,1912,B0001,C0027,109,112
U+305F,100241706_00029_1,1810,2026,B0001,C0028,69,105
U+3056,100241706_00029_1,1810,2152,B0001,C0029,99,117
U+308B,100241706_00029_1,1810,2271,B0001,C0030,83,149
U+3086,100241706_00029_1,1797,2422,B0001,C0031,92,120
U+3078,100241706_00029_1,1786,2543,B0001,C0032,132,56
U+95C7,100241706_00029_1,1798,2618,B0001,C0033,117,145
U+3042,100241706_00029_1,1806,2787,B0001,C0034,97,113
U+3093,100241706_00029_1,1803,2902,B0001,C0035,123,105
U+306F,100241706_00029_1,1813,3037,B0001,C0036,85,67
U+3084,100241706_00029_1,1795,3141,B0001,C0037,119,97
U+307F,100241706_00029_1,1835,3239,B0001,C0038,53,99
U+306A,100241706_00029_1,1809,3373,B0001,C0039,80,127
U+308A,100241706_00029_1,1827,3503,B0001,C0040,52,123
U+304F,100241706_00029_1,1542,1010,B0001,C0041,115,115
U+3089,100241706_00029_1,1580,1138,B0001,C0042,43,144
U+304D,100241706_00029_1,1567,1283,B0001,C0043,69,152
U+306A,100241706_00029_1,1568,1471,B0001,C0044,89,116
U+308A,100241706_00029_1,1574,1588,B0001,C0045,63,136
U+3086,100241706_00029_1,1559,1762,B0001,C0046,100,124
U+3078,100241706_00029_1,1543,1887,B0001,C0047,125,83
U+306B,100241706_00029_1,1554,1983,B0001,C0048,109,113
U+3042,100241706_00029_1,1315,1002,B0001,C0049,107,112
U+3093,100241706_00029_1,1306,1118,B0001,C0050,143,108
U+306A,100241706_00029_1,1316,1278,B0001,C0051,87,157
U+308B,100241706_00029_1,1318,1442,B0001,C0052,107,195
U+3079,100241706_00029_1,1307,1638,B0001,C0053,128,101
U+3057,100241706_00029_1,1343,1746,B0001,C0054,33,455
U+25B2,100241706_00029_1,1062,947,B0001,C0055,103,56
U+4ECA,100241706_00029_1,1046,1035,B0001,C0056,152,161
U+5742,100241706_00029_1,1032,1242,B0001,C0057,171,117
U+9905,100241706_00029_1,1042,1408,B0001,C0058,152,184
U+4ECA,100241706_00029_1,816,987,B0001,C0059,131,160
U+5DDD,100241706_00029_1,811,1155,B0001,C0060,116,141
U+4F55,100241706_00029_1,816,1316,B0001,C0061,112,139
U+67D0,100241706_00029_1,820,1456,B0001,C0062,107,188
U+3068,100241706_00029_1,850,1664,B0001,C0063,56,115
U+3044,100241706_00029_1,835,1800,B0001,C0064,84,81
U+3075,100241706_00029_1,824,1883,B0001,C0065,100,99
U+8CE2,100241706_00029_1,826,1987,B0001,C0066,125,160
U+4EBA,100241706_00029_1,802,2156,B0001,C0067,148,109
U+3042,100241706_00029_1,843,2271,B0001,C0068,85,97
U+308A,100241706_00029_1,862,2370,B0001,C0069,44,113
U+3066,100241706_00029_1,826,2475,B0001,C0070,95,111
U+5B50,100241706_00029_1,823,2614,B0001,C0071,121,108
U+606F,100241706_00029_1,831,2730,B0001,C0072,100,163
U+306B,100241706_00029_1,852,2894,B0001,C0073,61,112
U+3064,100241706_00029_1,842,3023,B0001,C0074,93,107
U+306D,100241706_00029_1,852,3125,B0001,C0075,91,117
U+3032,100241706_00029_1,858,3197,B0001,C0076,103,236
U+3057,100241706_00029_1,843,3449,B0001,C0077,96,113
U+3081,100241706_00029_1,840,3561,B0001,C0078,99,72
U+3057,100241706_00029_1,608,1008,B0001,C0079,31,132
U+3066,100241706_00029_1,576,1142,B0001,C0080,95,109
U+66F0,100241706_00029_1,573,1283,B0001,C0081,111,99
U+514E,100241706_00029_1,573,1396,B0001,C0082,117,168
U+304B,100241706_00029_1,571,1576,B0001,C0083,108,89
U+304F,100241706_00029_1,600,1642,B0001,C0084,56,108
U+4EBA,100241706_00029_1,564,1794,B0001,C0085,144,104
U+305F,100241706_00029_1,591,1906,B0001,C0086,72,112
U+308B,100241706_00029_1,611,2022,B0001,C0087,37,100
U+3082,100241706_00029_1,603,2132,B0001,C0088,71,115
U+306E,100241706_00029_1,581,2255,B0001,C0089,80,87
U+306F,100241706_00029_1,581,2344,B0001,C0090,81,71
U+4EC1,100241706_00029_1,571,2443,B0001,C0091,133,111
U+7FA9,100241706_00029_1,568,2563,B0001,C0092,121,161
U+793C,100241706_00029_1,568,2750,B0001,C0093,137,121
U+667A,100241706_00029_1,568,2890,B0001,C0094,125,160
U+4FE1,100241706_00029_1,568,3053,B0001,C0095,124,137
U+306E,100241706_00029_1,592,3199,B0001,C0096,88,83
U+4E94,100241706_00029_1,579,3297,B0001,C0097,120,87
U+5E38,100241706_00029_1,577,3366,B0001,C0098,105,144
U+3092,100241706_00029_1,581,3510,B0001,C0099,115,116
U+307E,100241706_00029_1,341,1010,B0001,C0100,61,116
U+3082,100241706_00029_1,344,1131,B0001,C0101,59,115
U+308A,100241706_00029_1,332,1255,B0001,C0102,65,116
U+304B,100241706_00029_1,321,1386,B0001,C0103,104,87
U+308A,100241706_00029_1,352,1476,B0001,C0104,55,136
U+521D,100241706_00029_1,319,1611,B0001,C0105,115,143
U+306B,100241706_00029_1,323,1784,B0001,C0106,108,107
U+3082,100241706_00029_1,341,1890,B0001,C0107,63,109
U+9152,100241706_00029_1,328,2019,B0001,C0108,109,145
U+306F,100241706_00029_1,341,2168,B0001,C0109,85,83
U+3042,100241706_00029_1,344,2270,B0001,C0110,88,96
U+3057,100241706_00029_1,397,2355,B0001,C0111,23,101
U+304D,100241706_00029_1,347,2458,B0001,C0112,69,148
U+7269,100241706_00029_1,336,2630,B0001,C0113,104,97
U+306A,100241706_00029_1,345,2731,B0001,C0114,85,137
U+308A,100241706_00029_1,359,2879,B0001,C0115,56,101
U+3068,100241706_00029_1,353,2994,B0001,C0116,79,81
U+4ECA,100241706_00029_1,340,3091,B0001,C0117,121,135
U+5DDD,100241706_00029_1,344,3245,B0001,C0118,101,129
U+72B6,100241706_00029_1,335,3399,B0001,C0119,145,112
U+306E,100241706_00029_1,356,3527,B0001,C0120,91,91
U+6559,100241706_00029_2,1848,972,B0001,C0001,131,155
U+3078,100241706_00029_2,1862,1128,B0001,C0002,117,68
U+3057,100241706_00029_2,1910,1196,B0001,C0003,23,152
U+3054,100241706_00029_2,1876,1380,B0001,C0004,97,111
U+3068,100241706_00029_2,1887,1492,B0001,C0005,63,101
U+304F,100241706_00029_2,1882,1618,B0001,C0006,45,148
U+307E,100241706_00029_2,1888,1784,B0001,C0007,55,120
U+3046,100241706_00029_2,1884,1906,B0001,C0008,56,119
U+3055,100241706_00029_2,1876,2031,B0001,C0009,68,124
U+308C,100241706_00029_2,1875,2156,B0001,C0010,76,120
U+3051,100241706_00029_2,1868,2294,B0001,C0011,93,133
U+308C,100241706_00029_2,1854,2428,B0001,C0012,151,128
U+3070,100241706_00029_2,1871,2571,B0001,C0013,97,72
U+5176,100241706_00029_2,1862,2666,B0001,C0014,111,157
U+5916,100241706_00029_2,1883,2824,B0001,C0015,91,145
U+3042,100241706_00029_2,1874,2997,B0001,C0016,92,115
U+307E,100241706_00029_2,1890,3113,B0001,C0017,53,128
U+305F,100241706_00029_2,1876,3242,B0001,C0018,75,87
U+306E,100241706_00029_2,1876,3349,B0001,C0019,87,89
U+9580,100241706_00029_2,1872,3455,B0001,C0020,100,129
U+5F1F,100241706_00029_2,1636,982,B0001,C0021,87,153
U+4E2D,100241706_00029_2,1620,1164,B0001,C0022,103,171
U+307E,100241706_00029_2,1655,1359,B0001,C0023,56,111
U+3067,100241706_00029_2,1636,1471,B0001,C0024,81,112
U+3053,100241706_00029_2,1654,1603,B0001,C0025,72,80
U+308C,100241706_00029_2,1646,1684,B0001,C0026,80,140
U+3092,100241706_00029_2,1632,1834,B0001,C0027,111,133
U+3088,100241706_00029_2,1660,1990,B0001,C0028,55,89
U+304F,100241706_00029_2,1656,2080,B0001,C0029,45,109
U+3064,100241706_00029_2,1639,2210,B0001,C0030,101,133
U+309D,100241706_00029_2,1699,2355,B0001,C0031,20,33
U+3057,100241706_00029_2,1668,2399,B0001,C0032,39,161
U+307F,100241706_00029_2,1664,2560,B0001,C0033,49,104
U+304B,100241706_00029_2,1624,2703,B0001,C0034,117,91
U+308A,100241706_00029_2,1667,2794,B0001,C0035,55,119
U+306B,100241706_00029_2,1628,2913,B0001,C0036,105,99
U+3082,100241706_00029_2,1647,3027,B0001,C0037,72,101
U+9152,100241706_00029_2,1638,3150,B0001,C0038,104,137
U+306F,100241706_00029_2,1650,3291,B0001,C0039,79,77
U+98F2,100241706_00029_2,1630,3426,B0001,C0040,117,159
U+3056,100241706_00029_2,1406,980,B0001,C0041,100,108
U+308A,100241706_00029_2,1400,1094,B0001,C0042,68,135
U+3051,100241706_00029_2,1399,1252,B0001,C0043,96,137
U+308B,100241706_00029_2,1398,1395,B0001,C0044,88,115
U+3042,100241706_00029_2,1391,1552,B0001,C0045,104,141
U+308B,100241706_00029_2,1428,1699,B0001,C0046,41,107
U+9580,100241706_00029_2,1399,1836,B0001,C0047,109,123
U+4EBA,100241706_00029_2,1382,1972,B0001,C0048,145,127
U+3088,100241706_00029_2,1428,2114,B0001,C0049,48,100
U+308A,100241706_00029_2,1400,2215,B0001,C0050,80,131
U+4E94,100241706_00029_2,1396,2379,B0001,C0051,113,97
U+8272,100241706_00029_2,1407,2498,B0001,C0052,84,140
U+306E,100241706_00029_2,1408,2654,B0001,C0053,80,91
U+3042,100241706_00029_2,1399,2772,B0001,C0054,95,125
U+3093,100241706_00029_2,1396,2894,B0001,C0055,131,85
U+306E,100241706_00029_2,1402,3018,B0001,C0056,84,64
U+3044,100241706_00029_2,1400,3129,B0001,C0057,101,76
U+308A,100241706_00029_2,1419,3207,B0001,C0058,65,155
U+305F,100241706_00029_2,1403,3406,B0001,C0059,77,108
U+308B,100241706_00029_2,1428,3515,B0001,C0060,43,81
U+9905,100241706_00029_2,1141,978,B0001,C0061,135,161
U+3092,100241706_00029_2,1159,1142,B0001,C0062,99,144
U+732E,100241706_00029_2,1143,1320,B0001,C0063,145,145
U+3058,100241706_00029_2,1194,1472,B0001,C0064,55,224
U+3051,100241706_00029_2,1172,1712,B0001,C0065,88,139
U+308B,100241706_00029_2,1190,1846,B0001,C0066,47,79
U+5148,100241706_00029_2,1161,1952,B0001,C0067,111,136
U+751F,100241706_00029_2,1179,2111,B0001,C0068,55,131
U+3053,100241706_00029_2,1175,2255,B0001,C0069,71,95
U+308C,100241706_00029_2,1172,2359,B0001,C0070,72,144
U+306F,100241706_00029_2,1165,2504,B0001,C0071,79,85
U+898B,100241706_00029_2,1165,2619,B0001,C0072,92,135
U+4E8B,100241706_00029_2,1179,2763,B0001,C0073,61,167
U+306A,100241706_00029_2,1163,2945,B0001,C0074,80,137
U+308B,100241706_00029_2,1190,3085,B0001,C0075,37,93
U+9905,100241706_00029_2,1148,3211,B0001,C0076,120,141
U+306A,100241706_00029_2,1175,3373,B0001,C0077,88,100
U+308A,100241706_00029_2,1180,3482,B0001,C0078,60,119
U+3068,100241706_00029_2,935,976,B0001,C0079,72,112
U+304A,100241706_00029_2,917,1116,B0001,C0080,111,91
U+3075,100241706_00029_2,908,1207,B0001,C0081,109,129
U+305B,100241706_00029_2,911,1331,B0001,C0082,96,111
U+3089,100241706_00029_2,949,1462,B0001,C0083,67,124
U+308C,100241706_00029_2,927,1584,B0001,C0084,88,133
U+3051,100241706_00029_2,931,1747,B0001,C0085,93,123
U+308C,100241706_00029_2,915,1868,B0001,C0086,145,135
U+3070,100241706_00029_2,925,2016,B0001,C0087,99,73
U+5247,100241706_00029_2,904,2124,B0001,C0088,119,133
U+4E94,100241706_00029_2,928,2291,B0001,C0089,100,91
U+8272,100241706_00029_2,925,2403,B0001,C0090,91,148
U+306F,100241706_00029_2,921,2552,B0001,C0091,84,83
U+4EC1,100241706_00029_2,907,2682,B0001,C0092,133,109
U+7FA9,100241706_00029_2,921,2796,B0001,C0093,109,185
U+793C,100241706_00029_2,919,3002,B0001,C0094,123,105
U+667A,100241706_00029_2,920,3133,B0001,C0095,111,121
U+4FE1,100241706_00029_2,909,3286,B0001,C0096,117,124
U+307E,100241706_00029_2,945,3419,B0001,C0097,55,93
U+305F,100241706_00029_2,935,3515,B0001,C0098,72,79
U+9752,100241706_00029_2,660,967,B0001,C0099,121,161
U+9EC4,100241706_00029_2,647,1147,B0001,C0100,140,153
U+8D64,100241706_00029_2,676,1322,B0001,C0101,107,139
U+767D,100241706_00029_2,687,1491,B0001,C0102,89,128
U+9ED2,100241706_00029_2,669,1640,B0001,C0103,120,153
U+3068,100241706_00029_2,703,1803,B0001,C0104,68,103
U+5148,100241706_00029_2,677,1928,B0001,C0105,120,136
U+751F,100241706_00029_2,699,2086,B0001,C0106,68,139
U+3064,100241706_00029_2,692,2251,B0001,C0107,99,167
U+306D,100241706_00029_2,679,2418,B0001,C0108,111,143
U+3031,100241706_00029_2,719,2507,B0001,C0109,93,232
U+4EF0,100241706_00029_2,683,2768,B0001,C0110,121,140
U+305B,100241706_00029_2,687,2910,B0001,C0111,92,124
U+3089,100241706_00029_2,719,3069,B0001,C0112,63,140
U+308B,100241706_00029_2,695,3207,B0001,C0113,104,125
U+309D,100241706_00029_2,741,3341,B0001,C0114,31,36
U+3086,100241706_00029_2,695,3402,B0001,C0115,87,113
U+3078,100241706_00029_2,671,3521,B0001,C0116,120,52
U+4ED5,100241706_00029_2,429,965,B0001,C0117,136,123
U+7ACB,100241706_00029_2,448,1087,B0001,C0118,91,135
U+7533,100241706_00029_2,472,1244,B0001,C0119,51,119
U+3068,100241706_00029_2,463,1384,B0001,C0120,72,104
U+304A,100241706_00029_2,451,1516,B0001,C0121,99,77
U+3093,100241706_00029_2,443,1583,B0001,C0122,141,108
U+7B54,100241706_00029_2,441,1702,B0001,C0123,104,151
U+7533,100241706_00029_2,471,1875,B0001,C0124,57,101
U+3042,100241706_00029_2,453,1972,B0001,C0125,87,139
U+3052,100241706_00029_2,460,2112,B0001,C0126,95,161
U+305F,100241706_00029_2,472,2279,B0001,C0127,61,79
U+308C,100241706_00029_2,463,2356,B0001,C0128,76,147
U+3070,100241706_00029_2,457,2520,B0001,C0129,95,75
U+751A,100241706_00029_2,465,2623,B0001,C0130,87,153
U+5FA1,100241706_00029_2,465,2807,B0001,C0131,89,87
U+3088,100241706_00029_2,479,2894,B0001,C0132,52,96
U+308D,100241706_00029_2,451,2998,B0001,C0133,100,159
U+3053,100241706_00029_2,473,3183,B0001,C0134,64,105
U+3073,100241706_00029_2,447,3286,B0001,C0135,120,123
U+53EC,100241706_00029_2,472,3463,B0001,C0136,76,116
U+305B,100241706_00029_2,191,967,B0001,C0137,93,109
U+3051,100241706_00029_2,193,1076,B0001,C0138,95,169
U+308B,100241706_00029_2,217,1243,B0001,C0139,45,84
U+5176,100241706_00029_2,209,1360,B0001,C0140,60,177
U+305B,100241706_00029_2,189,1543,B0001,C0141,95,119
U+3064,100241706_00029_2,184,1663,B0001,C0142,108,141
U+6B64,100241706_00029_2,187,1840,B0001,C0143,116,111
U+4E94,100241706_00029_2,200,1978,B0001,C0144,111,112
U+8272,100241706_00029_2,205,2087,B0001,C0145,93,139
U+306E,100241706_00029_2,208,2258,B0001,C0146,83,83
U+9905,100241706_00029_2,188,2376,B0001,C0147,123,185
U+3081,100241706_00029_2,205,2574,B0001,C0148,95,141
U+3065,100241706_00029_2,201,2687,B0001,C0149,107,107
U+3089,100241706_00029_2,231,2792,B0001,C0150,48,113
U+3057,100241706_00029_2,240,2917,B0001,C0151,28,141
U+3068,100241706_00029_2,228,3077,B0001,C0152,71,99
U+3053,100241706_00029_2,208,3193,B0001,C0153,92,131
U+3068,100241706_00029_2,223,3322,B0001,C0154,60,92
U+3032,100241706_00029_2,227,3407,B0001,C0155,88,191
U+304F,100241706_00030_1,2035,963,B0001,C0001,52,136
U+6D41,100241706_00030_1,2011,1136,B0001,C0002,127,157
U+884C,100241706_00030_1,2008,1296,B0001,C0003,124,149
U+306A,100241706_00030_1,2024,1464,B0001,C0004,84,120
U+3057,100241706_00030_1,2065,1573,B0001,C0005,32,129
U+3051,100241706_00030_1,2017,1704,B0001,C0006,95,133
U+308B,100241706_00030_1,2043,1839,B0001,C0007,41,84
U+7230,100241706_00030_1,2019,1953,B0001,C0008,88,163
U+304B,100241706_00030_1,1993,2129,B0001,C0009,112,95
U+3057,100241706_00030_1,2067,2222,B0001,C0010,23,109
U+3053,100241706_00030_1,2028,2337,B0001,C0011,80,77
U+306E,100241706_00030_1,2020,2442,B0001,C0012,84,87
U+3055,100241706_00030_1,2023,2544,B0001,C0013,69,101
U+304B,100241706_00030_1,1997,2653,B0001,C0014,111,100
U+308A,100241706_00030_1,2031,2750,B0001,C0015,61,143
U+5834,100241706_00030_1,1999,2904,B0001,C0016,123,153
U+306B,100241706_00030_1,2005,3098,B0001,C0017,99,89
U+3066,100241706_00030_1,2005,3190,B0001,C0018,89,97
U+3082,100241706_00030_1,2021,3296,B0001,C0019,73,93
U+3055,100241706_00030_1,2016,3412,B0001,C0020,79,109
U+304B,100241706_00030_1,2031,3522,B0001,C0021,55,73
U+3063,100241706_00030_1,1771,972,B0001,C0022,104,119
U+3066,100241706_00030_1,1787,1092,B0001,C0023,53,141
U+88FD,100241706_00030_1,1759,1260,B0001,C0024,117,177
U+3057,100241706_00030_1,1805,1449,B0001,C0025,31,216
U+3042,100241706_00030_1,1775,1688,B0001,C0026,97,101
U+304D,100241706_00030_1,1780,1791,B0001,C0027,72,133
U+306A,100241706_00030_1,1775,1949,B0001,C0028,99,127
U+3072,100241706_00030_1,1760,2077,B0001,C0029,104,123
U+3051,100241706_00030_1,1779,2200,B0001,C0030,71,83
U+308B,100241706_00030_1,1783,2285,B0001,C0031,56,76
U+4ECA,100241706_00030_1,1759,2388,B0001,C0032,124,155
U+76DB,100241706_00030_1,1759,2533,B0001,C0033,127,172
U+308B,100241706_00030_1,1771,2712,B0001,C0034,75,125
U+3092,100241706_00030_1,1755,2849,B0001,C0035,117,87
U+7565,100241706_00030_1,1757,2948,B0001,C0036,109,151
U+3057,100241706_00030_1,1795,3105,B0001,C0037,35,164
U+3066,100241706_00030_1,1772,3268,B0001,C0038,52,188
U+4ECA,100241706_00030_1,1529,968,B0001,C0039,140,173
U+3055,100241706_00030_1,1545,1160,B0001,C0040,76,136
U+304B,100241706_00030_1,1556,1297,B0001,C0041,52,73
U+9905,100241706_00030_1,1511,1408,B0001,C0042,137,168
U+306A,100241706_00030_1,1543,1615,B0001,C0043,79,151
U+308B,100241706_00030_1,1565,1767,B0001,C0044,40,101
U+3079,100241706_00030_1,1512,1869,B0001,C0045,137,80
U+3057,100241706_00030_1,1561,1960,B0001,C0046,33,412
U+4ECA,100241706_00030_1,1273,963,B0001,C0047,145,181
U+5DDD,100241706_00030_1,1277,1132,B0001,C0048,115,151
U+713C,100241706_00030_1,1265,1284,B0001,C0049,137,179
U+3068,100241706_00030_1,1312,1464,B0001,C0050,65,89
U+3044,100241706_00030_1,1299,1572,B0001,C0051,91,63
U+3078,100241706_00030_1,1285,1629,B0001,C0052,119,89
U+308B,100241706_00030_1,1323,1728,B0001,C0053,43,89
U+3082,100241706_00030_1,1309,1848,B0001,C0054,55,120
U+3084,100241706_00030_1,1275,2014,B0001,C0055,124,104
U+306F,100241706_00030_1,1295,2117,B0001,C0056,72,117
U+308A,100241706_00030_1,1276,2240,B0001,C0057,88,137
U+6B64,100241706_00030_1,1269,2393,B0001,C0058,119,88
U+305F,100241706_00030_1,1261,2513,B0001,C0059,112,157
U+3050,100241706_00030_1,1275,2672,B0001,C0060,113,116
U+3072,100241706_00030_1,1267,2789,B0001,C0061,116,116
U+306A,100241706_00030_1,1285,2926,B0001,C0062,89,129
U+308B,100241706_00030_1,1313,3057,B0001,C0063,43,101
U+304B,100241706_00030_1,1299,3160,B0001,C0064,51,91
U+25B2,100241706_00030_1,1033,907,B0001,C0065,116,52
U+7D05,100241706_00030_1,1013,987,B0001,C0066,153,133
U+6BDB,100241706_00030_1,1017,1124,B0001,C0067,145,113
U+306B,100241706_00030_1,1027,1265,B0001,C0068,115,95
U+3066,100241706_00030_1,1037,1387,B0001,C0069,93,97
U+3044,100241706_00030_1,1033,1485,B0001,C0070,127,111
U+3089,100241706_00030_1,1053,1597,B0001,C0071,60,135
U+3081,100241706_00030_1,1044,1752,B0001,C0072,91,119
U+3044,100241706_00030_1,1027,1872,B0001,C0073,129,105
U+3089,100241706_00030_1,1049,1978,B0001,C0074,60,115
U+3068,100241706_00030_1,1063,2101,B0001,C0075,68,109
U+3044,100241706_00030_1,1039,2236,B0001,C0076,95,75
U+3078,100241706_00030_1,1028,2313,B0001,C0077,127,84
U+308B,100241706_00030_1,1068,2406,B0001,C0078,43,77
U+4E8C,100241706_00030_1,1039,2514,B0001,C0079,92,69
U+4EBA,100241706_00030_1,1024,2610,B0001,C0080,140,95
U+306E,100241706_00030_1,1051,2721,B0001,C0081,81,69
U+5144,100241706_00030_1,1041,2814,B0001,C0082,107,115
U+5F1F,100241706_00030_1,1005,2934,B0001,C0083,128,173
U+3042,100241706_00030_1,1045,3113,B0001,C0084,91,93
U+308A,100241706_00030_1,1059,3208,B0001,C0085,65,137
U+3051,100241706_00030_1,1051,3370,B0001,C0086,92,119
U+308B,100241706_00030_1,1052,3490,B0001,C0087,88,113
U+3088,100241706_00030_1,835,968,B0001,C0088,59,115
U+3057,100241706_00030_1,857,1085,B0001,C0089,27,167
U+6B64,100241706_00030_1,784,1265,B0001,C0090,139,93
U+3082,100241706_00030_1,829,1375,B0001,C0091,61,137
U+306E,100241706_00030_1,809,1515,B0001,C0092,89,95
U+3069,100241706_00030_1,827,1619,B0001,C0093,73,99
U+3082,100241706_00030_1,820,1719,B0001,C0094,68,108
U+4E2D,100241706_00030_1,799,1852,B0001,C0095,107,160
U+7766,100241706_00030_1,783,2022,B0001,C0096,141,151
U+3057,100241706_00030_1,809,2200,B0001,C0097,88,112
U+304F,100241706_00030_1,821,2301,B0001,C0098,75,157
U+4E8C,100241706_00030_1,796,2501,B0001,C0099,107,72
U+4EBA,100241706_00030_1,785,2593,B0001,C0100,139,108
U+7533,100241706_00030_1,828,2708,B0001,C0101,51,109
U+3042,100241706_00030_1,797,2812,B0001,C0102,112,144
U+306F,100241706_00030_1,805,2958,B0001,C0103,83,79
U+305B,100241706_00030_1,787,3042,B0001,C0104,93,119
U+83D3,100241706_00030_1,792,3220,B0001,C0105,103,181
U+5B50,100241706_00030_1,791,3473,B0001,C0106,103,119
U+5BB6,100241706_00030_1,551,965,B0001,C0107,127,160
U+696D,100241706_00030_1,552,1143,B0001,C0108,119,221
U+3092,100241706_00030_1,553,1361,B0001,C0109,112,131
U+304A,100241706_00030_1,563,1512,B0001,C0110,95,91
U+3082,100241706_00030_1,580,1604,B0001,C0111,61,135
U+3072,100241706_00030_1,555,1743,B0001,C0112,103,104
U+3064,100241706_00030_1,552,1867,B0001,C0113,104,100
U+304D,100241706_00030_1,553,1970,B0001,C0114,100,123
U+3051,100241706_00030_1,556,2097,B0001,C0115,95,151
U+308B,100241706_00030_1,579,2249,B0001,C0116,43,72
U+3042,100241706_00030_1,555,2356,B0001,C0117,101,116
U+306B,100241706_00030_1,532,2473,B0001,C0118,115,109
U+306E,100241706_00030_1,552,2598,B0001,C0119,87,92
U+3066,100241706_00030_1,541,2720,B0001,C0120,89,101
U+3044,100241706_00030_1,541,2832,B0001,C0121,119,96
U+3089,100241706_00030_1,577,2929,B0001,C0122,37,111
U+306F,100241706_00030_1,547,3077,B0001,C0123,87,57
U+3044,100241706_00030_1,540,3181,B0001,C0124,108,96
U+304B,100241706_00030_1,571,3278,B0001,C0125,51,121
U+306B,100241706_00030_1,540,3402,B0001,C0126,108,88
U+3082,100241706_00030_1,556,3506,B0001,C0127,71,99
U+58F2,100241706_00030_1,307,967,B0001,C0128,120,223
U+5148,100241706_00030_1,309,1197,B0001,C0129,105,144
U+3092,100241706_00030_1,316,1345,B0001,C0130,108,103
U+624B,100241706_00030_1,327,1467,B0001,C0131,72,175
U+5E83,100241706_00030_1,304,1637,B0001,C0132,111,169
U+304F,100241706_00030_1,328,1804,B0001,C0133,75,156
U+8CB8,100241706_00030_1,304,1977,B0001,C0134,131,187
U+51FA,100241706_00030_1,312,2165,B0001,C0135,108,103
U+3057,100241706_00030_1,347,2274,B0001,C0136,29,192
U+305B,100241706_00030_1,305,2474,B0001,C0137,104,95
U+3093,100241706_00030_1,301,2570,B0001,C0138,136,92
U+3068,100241706_00030_1,331,2676,B0001,C0139,65,112
U+7533,100241706_00030_1,328,2798,B0001,C0140,57,103
U+305B,100241706_00030_1,304,2902,B0001,C0141,99,116
U+3070,100241706_00030_1,305,3020,B0001,C0142,99,85
U+5F1F,100241706_00030_1,303,3129,B0001,C0143,95,151
U+3082,100241706_00030_1,316,3290,B0001,C0144,71,109
U+3057,100241706_00030_1,311,3440,B0001,C0145,99,112
U+304B,100241706_00030_1,332,3553,B0001,C0146,57,60
U+308A,100241706_00030_2,1878,959,B0001,C0001,80,149
U+3068,100241706_00030_2,1894,1107,B0001,C0002,69,108
U+7533,100241706_00030_2,1902,1232,B0001,C0003,51,115
U+3059,100241706_00030_2,1883,1345,B0001,C0004,80,132
U+5DE6,100241706_00030_2,1887,1509,B0001,C0005,69,147
U+69D8,100241706_00030_2,1857,1655,B0001,C0006,129,203
U+306A,100241706_00030_2,1886,1859,B0001,C0007,85,124
U+3089,100241706_00030_2,1910,1984,B0001,C0008,31,109
U+3070,100241706_00030_2,1874,2093,B0001,C0009,103,83
U+7802,100241706_00030_2,1858,2211,B0001,C0010,135,125
U+7CD6,100241706_00030_2,1862,2361,B0001,C0011,128,149
U+305D,100241706_00030_2,1882,2544,B0001,C0012,87,105
U+306E,100241706_00030_2,1883,2651,B0001,C0013,80,115
U+5916,100241706_00030_2,1889,2781,B0001,C0014,97,137
U+3082,100241706_00030_2,1901,2947,B0001,C0015,56,105
U+554F,100241706_00030_2,1885,3085,B0001,C0016,101,117
U+5C4B,100241706_00030_2,1882,3197,B0001,C0017,116,131
U+3092,100241706_00030_2,1886,3347,B0001,C0018,101,81
U+501F,100241706_00030_2,1886,3455,B0001,C0019,109,137
U+3066,100241706_00030_2,1626,953,B0001,C0020,88,95
U+3053,100241706_00030_2,1640,1075,B0001,C0021,91,116
U+305D,100241706_00030_2,1650,1192,B0001,C0022,73,136
U+7136,100241706_00030_2,1624,1356,B0001,C0023,148,176
U+308B,100241706_00030_2,1671,1548,B0001,C0024,44,87
U+3079,100241706_00030_2,1624,1639,B0001,C0025,127,59
U+3057,100241706_00030_2,1687,1701,B0001,C0026,24,148
U+3068,100241706_00030_2,1666,1867,B0001,C0027,59,99
U+7533,100241706_00030_2,1658,1972,B0001,C0028,69,159
U+5144,100241706_00030_2,1650,2152,B0001,C0029,101,120
U+306F,100241706_00030_2,1671,2287,B0001,C0030,63,135
U+304B,100241706_00030_2,1640,2444,B0001,C0031,109,93
U+3059,100241706_00030_2,1644,2540,B0001,C0032,97,149
U+306B,100241706_00030_2,1646,2689,B0001,C0033,104,107
U+304B,100241706_00030_2,1639,2824,B0001,C0034,113,84
U+309D,100241706_00030_2,1711,2907,B0001,C0035,23,35
U+308A,100241706_00030_2,1664,2945,B0001,C0036,75,144
U+5F1F,100241706_00030_2,1656,3129,B0001,C0037,91,152
U+306F,100241706_00030_2,1639,3307,B0001,C0038,95,60
U+304B,100241706_00030_2,1640,3399,B0001,C0039,115,101
U+308B,100241706_00030_2,1684,3501,B0001,C0040,44,84
U+306B,100241706_00030_2,1384,960,B0001,C0041,107,105
U+304B,100241706_00030_2,1416,1088,B0001,C0042,55,79
U+309D,100241706_00030_2,1439,1179,B0001,C0043,24,39
U+308A,100241706_00030_2,1406,1225,B0001,C0044,73,152
U+3051,100241706_00030_2,1400,1397,B0001,C0045,93,140
U+308B,100241706_00030_2,1424,1539,B0001,C0046,45,88
U+3086,100241706_00030_2,1398,1628,B0001,C0047,89,129
U+3078,100241706_00030_2,1378,1759,B0001,C0048,133,64
U+3057,100241706_00030_2,1403,1839,B0001,C0049,95,115
U+305C,100241706_00030_2,1394,1955,B0001,C0050,125,125
U+3093,100241706_00030_2,1383,2081,B0001,C0051,137,88
U+3068,100241706_00030_2,1419,2173,B0001,C0052,57,99
U+6642,100241706_00030_2,1392,2299,B0001,C0053,119,153
U+306E,100241706_00030_2,1411,2467,B0001,C0054,84,77
U+4EBA,100241706_00030_2,1383,2569,B0001,C0055,145,119
U+3088,100241706_00030_2,1430,2681,B0001,C0056,49,87
U+3093,100241706_00030_2,1404,2777,B0001,C0057,143,92
U+3067,100241706_00030_2,1406,2885,B0001,C0058,93,99
U+5144,100241706_00030_2,1415,2999,B0001,C0059,93,147
U+3092,100241706_00030_2,1411,3145,B0001,C0060,105,120
U+304B,100241706_00030_2,1142,963,B0001,C0061,131,105
U+3059,100241706_00030_2,1152,1073,B0001,C0062,103,181
U+3066,100241706_00030_2,1155,1273,B0001,C0063,88,129
U+3044,100241706_00030_2,1150,1404,B0001,C0064,111,108
U+3089,100241706_00030_2,1171,1512,B0001,C0065,61,120
U+5F1F,100241706_00030_2,1174,1821,B0001,C0066,84,187
U+3092,100241706_00030_2,1158,2009,B0001,C0067,115,129
U+304B,100241706_00030_2,1154,2227,B0001,C0068,119,128
U+308B,100241706_00030_2,1198,2355,B0001,C0069,41,111
U+3081,100241706_00030_2,1166,2468,B0001,C0070,97,144
U+3044,100241706_00030_2,1160,2613,B0001,C0071,107,99
U+3089,100241706_00030_2,1178,2713,B0001,C0072,59,117
U+3068,100241706_00030_2,939,963,B0001,C0073,59,109
U+3088,100241706_00030_2,943,1073,B0001,C0074,48,111
U+3073,100241706_00030_2,920,1185,B0001,C0075,104,127
U+83D3,100241706_00030_2,911,1332,B0001,C0076,109,189
U+5B50,100241706_00030_2,922,1525,B0001,C0077,101,127
U+306E,100241706_00030_2,931,1673,B0001,C0078,79,93
U+540D,100241706_00030_2,915,1791,B0001,C0079,101,149
U+3068,100241706_00030_2,944,1943,B0001,C0080,65,115
U+306A,100241706_00030_2,935,2084,B0001,C0081,75,153
U+308B,100241706_00030_2,938,2239,B0001,C0082,84,152
U+3082,100241706_00030_2,939,2389,B0001,C0083,65,125
U+304A,100241706_00030_2,915,2545,B0001,C0084,113,123
U+304B,100241706_00030_2,964,2647,B0001,C0085,44,72
U+3057,100241706_00030_2,966,2759,B0001,C0086,32,288
U+304D,100241706_00030_2,942,3048,B0001,C0087,72,157
U+25B2,100241706_00030_2,679,896,B0001,C0088,92,55
U+3088,100241706_00030_2,700,977,B0001,C0089,61,136
U+3046,100241706_00030_2,691,1119,B0001,C0090,61,151
U+304B,100241706_00030_2,663,1276,B0001,C0091,115,117
U+3093,100241706_00030_2,663,1411,B0001,C0092,165,145
U+4F55,100241706_00030_2,425,941,B0001,C0093,113,147
U+308C,100241706_00030_2,444,1089,B0001,C0094,87,152
U+306E,100241706_00030_2,443,1253,B0001,C0095,89,83
U+56FD,100241706_00030_2,435,1363,B0001,C0096,112,148
U+4E3B,100241706_00030_2,456,1509,B0001,C0097,76,153
U+306B,100241706_00030_2,437,1688,B0001,C0098,111,89
U+304B,100241706_00030_2,467,1776,B0001,C0099,53,92
U+6B8A,100241706_00030_2,447,1897,B0001,C0100,111,152
U+306E,100241706_00030_2,453,2071,B0001,C0101,88,95
U+307B,100241706_00030_2,456,2171,B0001,C0102,103,111
U+304B,100241706_00030_2,477,2272,B0001,C0103,52,88
U+5FA1,100241706_00030_2,469,2393,B0001,C0104,88,75
U+5FC3,100241706_00030_2,453,2484,B0001,C0105,116,79
U+305F,100241706_00030_2,465,2605,B0001,C0106,93,108
U+3051,100241706_00030_2,475,2715,B0001,C0107,79,119
U+3032,100241706_00030_2,491,2804,B0001,C0108,87,224
U+6577,100241706_00030_2,468,3061,B0001,C0109,100,156
U+516C,100241706_00030_2,476,3247,B0001,C0110,81,87
U+306E,100241706_00030_2,476,3364,B0001,C0111,85,81
U+304A,100241706_00030_2,469,3479,B0001,C0112,95,85
U+308F,100241706_00030_2,213,965,B0001,C0113,53,133
U+3057,100241706_00030_2,237,1097,B0001,C0114,29,132
U+307E,100241706_00030_2,220,1237,B0001,C0115,45,108
U+3057,100241706_00030_2,231,1341,B0001,C0116,23,113
U+3051,100241706_00030_2,193,1455,B0001,C0117,93,127
U+308A,100241706_00030_2,209,1583,B0001,C0118,69,132
U+5FA1,100241706_00030_2,192,1736,B0001,C0119,112,92
U+5BB6,100241706_00030_2,204,1835,B0001,C0120,88,156
U+4EBA,100241706_00030_2,211,1987,B0001,C0121,115,115
U+5FA1,100241706_00030_2,215,2109,B0001,C0122,97,91
U+305D,100241706_00030_2,216,2205,B0001,C0123,79,129
U+3070,100241706_00030_2,209,2337,B0001,C0124,81,121
U+9644,100241706_00030_2,200,2480,B0001,C0125,117,149
U+306E,100241706_00030_2,216,2631,B0001,C0126,80,88
U+8005,100241706_00030_2,205,2737,B0001,C0127,105,127
U+5FA1,100241706_00030_2,217,2879,B0001,C0128,87,79
U+5FC3,100241706_00030_2,200,2992,B0001,C0129,124,107
U+306B,100241706_00030_2,199,3099,B0001,C0130,103,108
U+305D,100241706_00030_2,219,3231,B0001,C0131,77,108
U+3080,100241706_00030_2,217,3336,B0001,C0132,105,120
U+3051,100241706_00030_2,223,3457,B0001,C0133,87,115
U+3070,100241706_00031_1,2015,947,B0001,C0001,109,72
U+5FA1,100241706_00031_1,2013,1037,B0001,C0002,135,159
U+524D,100241706_00031_1,2004,1203,B0001,C0003,116,153
U+3092,100241706_00031_1,2017,1357,B0001,C0004,108,124
U+3068,100241706_00031_1,2023,1496,B0001,C0005,87,103
U+307B,100241706_00031_1,2015,1600,B0001,C0006,104,116
U+3056,100241706_00031_1,2019,1723,B0001,C0007,100,108
U+3051,100241706_00031_1,2015,1832,B0001,C0008,93,151
U+3089,100241706_00031_1,2032,2006,B0001,C0009,68,133
U+308B,100241706_00031_1,2037,2139,B0001,C0010,41,117
U+309D,100241706_00031_1,2047,2263,B0001,C0011,19,37
U+8005,100241706_00031_1,2003,2322,B0001,C0012,111,120
U+6570,100241706_00031_1,1995,2455,B0001,C0013,135,132
U+3092,100241706_00031_1,2011,2592,B0001,C0014,107,76
U+3057,100241706_00031_1,2009,2702,B0001,C0015,103,127
U+3089,100241706_00031_1,2020,2826,B0001,C0016,55,119
U+305A,100241706_00031_1,2004,2932,B0001,C0017,113,117
U+305D,100241706_00031_1,2027,3068,B0001,C0018,68,100
U+306E,100241706_00031_1,2011,3178,B0001,C0019,88,97
U+3046,100241706_00031_1,2011,3276,B0001,C0020,71,141
U+3078,100241706_00031_1,2000,3426,B0001,C0021,123,36
U+5FA1,100241706_00031_1,2017,3504,B0001,C0022,101,71
U+6211,100241706_00031_1,1765,956,B0001,C0023,109,155
U+4FAD,100241706_00031_1,1745,1123,B0001,C0024,133,144
U+77ED,100241706_00031_1,1747,1289,B0001,C0025,135,147
U+616E,100241706_00031_1,1739,1437,B0001,C0026,131,207
U+306B,100241706_00031_1,1787,1645,B0001,C0027,59,132
U+3066,100241706_00031_1,1779,1779,B0001,C0028,52,153
U+307F,100241706_00031_1,1752,1955,B0001,C0029,119,131
U+306A,100241706_00031_1,1761,2074,B0001,C0030,89,119
U+3031,100241706_00031_1,1779,2122,B0001,C0031,104,245
U+8584,100241706_00031_1,1759,2391,B0001,C0032,105,175
U+6C37,100241706_00031_1,1744,2566,B0001,C0033,128,125
U+3092,100241706_00031_1,1749,2695,B0001,C0034,127,100
U+3075,100241706_00031_1,1752,2796,B0001,C0035,96,108
U+3080,100241706_00031_1,1759,2920,B0001,C0036,105,108
U+5FC3,100241706_00031_1,1745,3051,B0001,C0037,127,117
U+5730,100241706_00031_1,1737,3170,B0001,C0038,143,95
U+3053,100241706_00031_1,1776,3283,B0001,C0039,69,85
U+305D,100241706_00031_1,1772,3368,B0001,C0040,79,112
U+3044,100241706_00031_1,1759,3502,B0001,C0041,104,88
U+305F,100241706_00031_1,1529,972,B0001,C0042,84,105
U+3057,100241706_00031_1,1568,1079,B0001,C0043,27,124
U+3051,100241706_00031_1,1527,1201,B0001,C0044,92,143
U+308B,100241706_00031_1,1553,1345,B0001,C0045,41,81
U+6298,100241706_00031_1,1509,1432,B0001,C0046,137,152
U+304B,100241706_00031_1,1557,1575,B0001,C0047,44,92
U+3089,100241706_00031_1,1560,1669,B0001,C0048,35,97
U+4EAC,100241706_00031_1,1521,1796,B0001,C0049,109,172
U+90FD,100241706_00031_1,1507,1970,B0001,C0050,121,147
U+3088,100241706_00031_1,1553,2118,B0001,C0051,49,95
U+308A,100241706_00031_1,1543,2214,B0001,C0052,57,124
U+3042,100241706_00031_1,1528,2356,B0001,C0053,103,124
U+308B,100241706_00031_1,1555,2484,B0001,C0054,45,91
U+5178,100241706_00031_1,1511,2610,B0001,C0055,107,132
U+85AC,100241706_00031_1,1499,2756,B0001,C0056,127,176
U+306E,100241706_00031_1,1529,2955,B0001,C0057,87,81
U+982D,100241706_00031_1,1511,3056,B0001,C0058,112,133
U+304F,100241706_00031_1,1523,3203,B0001,C0059,100,89
U+3060,100241706_00031_1,1529,3294,B0001,C0060,101,92
U+3089,100241706_00031_1,1556,3402,B0001,C0061,40,96
U+308C,100241706_00031_1,1513,3506,B0001,C0062,149,104
U+3051,100241706_00031_1,1287,971,B0001,C0063,93,127
U+308B,100241706_00031_1,1315,1103,B0001,C0064,39,95
U+306B,100241706_00031_1,1268,1208,B0001,C0065,112,92
U+7528,100241706_00031_1,1279,1317,B0001,C0066,92,140
U+5F79,100241706_00031_1,1268,1472,B0001,C0067,109,124
U+306E,100241706_00031_1,1296,1611,B0001,C0068,73,75
U+3082,100241706_00031_1,1311,1703,B0001,C0069,53,121
U+306E,100241706_00031_1,1291,1827,B0001,C0070,79,99
U+65E9,100241706_00031_1,1267,1938,B0001,C0071,100,137
U+3031,100241706_00031_1,1291,2058,B0001,C0072,83,231
U+5FA1,100241706_00031_1,1292,2314,B0001,C0073,83,68
U+76EE,100241706_00031_1,1289,2391,B0001,C0074,80,133
U+901A,100241706_00031_1,1263,2548,B0001,C0075,120,157
U+308A,100241706_00031_1,1295,2707,B0001,C0076,61,132
U+306D,100241706_00031_1,1256,2880,B0001,C0077,129,132
U+304C,100241706_00031_1,1292,3011,B0001,C0078,89,95
U+3072,100241706_00031_1,1276,3107,B0001,C0079,99,88
U+4E3B,100241706_00031_1,1291,3238,B0001,C0080,67,139
U+4EBA,100241706_00031_1,1260,3407,B0001,C0081,135,109
U+306E,100241706_00031_1,1283,3520,B0001,C0082,79,73
U+77ED,100241706_00031_1,1013,961,B0001,C0083,127,131
U+616E,100241706_00031_1,984,1097,B0001,C0084,157,160
U+3082,100241706_00031_1,1048,1275,B0001,C0085,71,93
U+5FA1,100241706_00031_1,1032,1405,B0001,C0086,104,84
U+75C5,100241706_00031_1,1019,1499,B0001,C0087,125,163
U+6C17,100241706_00031_1,1044,1663,B0001,C0088,112,172
U+306B,100241706_00031_1,1032,1861,B0001,C0089,109,108
U+3066,100241706_00031_1,1027,1971,B0001,C0090,96,107
U+306F,100241706_00031_1,1037,2079,B0001,C0091,79,85
U+3042,100241706_00031_1,1037,2194,B0001,C0092,105,107
U+308B,100241706_00031_1,1055,2310,B0001,C0093,49,116
U+307E,100241706_00031_1,1051,2416,B0001,C0094,53,108
U+3058,100241706_00031_1,1076,2526,B0001,C0095,51,125
U+3084,100241706_00031_1,1025,2643,B0001,C0096,97,103
U+3068,100241706_00031_1,1051,2772,B0001,C0097,68,97
U+4F3A,100241706_00031_1,1016,2899,B0001,C0098,119,125
U+3072,100241706_00031_1,1036,3032,B0001,C0099,92,107
U+3051,100241706_00031_1,1036,3160,B0001,C0100,93,109
U+308C,100241706_00031_1,1039,3271,B0001,C0101,79,141
U+3070,100241706_00031_1,1036,3414,B0001,C0102,104,81
U+5FA1,100241706_00031_1,1041,3516,B0001,C0103,84,67
U+533B,100241706_00031_1,785,967,B0001,C0104,135,163
U+5E2B,100241706_00031_1,781,1149,B0001,C0105,125,143
U+306E,100241706_00031_1,801,1313,B0001,C0106,85,99
U+4EF0,100241706_00031_1,780,1424,B0001,C0107,137,153
U+306B,100241706_00031_1,820,1579,B0001,C0108,59,108
U+307E,100241706_00031_1,820,1707,B0001,C0109,45,91
U+3063,100241706_00031_1,789,1799,B0001,C0110,103,113
U+305F,100241706_00031_1,801,1913,B0001,C0111,72,87
U+304F,100241706_00031_1,813,2003,B0001,C0112,48,116
U+5FA1,100241706_00031_1,796,2164,B0001,C0113,99,79
U+75B3,100241706_00031_1,767,2270,B0001,C0114,127,151
U+75C7,100241706_00031_1,763,2444,B0001,C0115,141,156
U+306E,100241706_00031_1,801,2618,B0001,C0116,81,83
U+306A,100241706_00031_1,796,2726,B0001,C0117,96,105
U+3059,100241706_00031_1,787,2831,B0001,C0118,85,175
U+6240,100241706_00031_1,781,2984,B0001,C0119,119,117
U+4E5F,100241706_00031_1,781,3122,B0001,C0120,111,61
U+304B,100241706_00031_1,793,3224,B0001,C0121,96,81
U+3093,100241706_00031_1,792,3307,B0001,C0122,139,112
U+85AC,100241706_00031_1,780,3436,B0001,C0123,89,164
U+53EC,100241706_00031_1,552,963,B0001,C0124,89,155
U+4E0A,100241706_00031_1,556,1120,B0001,C0125,80,105
U+306A,100241706_00031_1,555,1255,B0001,C0126,96,148
U+3070,100241706_00031_1,544,1404,B0001,C0127,108,72
U+65E9,100241706_00031_1,531,1503,B0001,C0128,108,156
U+3031,100241706_00031_1,559,1635,B0001,C0129,87,223
U+5FA1,100241706_00031_1,545,1901,B0001,C0130,96,73
U+5168,100241706_00031_1,533,1992,B0001,C0131,132,137
U+5FEB,100241706_00031_1,519,2148,B0001,C0132,132,141
U+306B,100241706_00031_1,532,2294,B0001,C0133,100,100
U+3082,100241706_00031_1,553,2404,B0001,C0134,65,100
U+76F8,100241706_00031_1,527,2534,B0001,C0135,113,153
U+306A,100241706_00031_1,548,2675,B0001,C0136,89,123
U+308B,100241706_00031_1,568,2798,B0001,C0137,40,87
U+3079,100241706_00031_1,529,2886,B0001,C0138,112,61
U+3057,100241706_00031_1,580,2946,B0001,C0139,21,119
U+3068,100241706_00031_1,563,3098,B0001,C0140,63,103
U+7533,100241706_00031_1,561,3226,B0001,C0141,55,120
U+3055,100241706_00031_1,548,3344,B0001,C0142,68,116
U+308C,100241706_00031_1,537,3467,B0001,C0143,85,135
U+3051,100241706_00031_1,309,969,B0001,C0144,96,139
U+308B,100241706_00031_1,337,1111,B0001,C0145,44,99
U+306B,100241706_00031_1,296,1225,B0001,C0146,100,115
U+7528,100241706_00031_1,300,1352,B0001,C0147,95,141
U+5F79,100241706_00031_1,293,1493,B0001,C0148,120,148
U+306E,100241706_00031_1,317,1657,B0001,C0149,72,92
U+3082,100241706_00031_1,324,1756,B0001,C0150,55,124
U+306E,100241706_00031_1,304,1880,B0001,C0151,83,92
U+3055,100241706_00031_1,312,1998,B0001,C0152,65,117
U+3066,100241706_00031_1,315,2119,B0001,C0153,57,152
U+5176,100241706_00031_1,307,2303,B0001,C0154,65,171
U+85AC,100241706_00031_1,301,2471,B0001,C0155,87,156
U+7B2C,100241706_00031_1,304,2651,B0001,C0156,88,144
U+4E00,100241706_00031_1,293,2834,B0001,C0157,103,17
U+5FA1,100241706_00031_1,304,2894,B0001,C0158,89,76
U+304D,100241706_00031_1,305,2972,B0001,C0159,75,143
U+3089,100241706_00031_1,316,3116,B0001,C0160,48,125
U+3072,100241706_00031_1,296,3268,B0001,C0161,101,85
U+306B,100241706_00031_1,293,3355,B0001,C0162,99,117
U+3066,100241706_00031_1,304,3490,B0001,C0163,87,105
U+53EC,100241706_00031_2,1874,1000,B0001,C0001,88,137
U+4E0A,100241706_00031_2,1889,1140,B0001,C0002,72,100
U+3055,100241706_00031_2,1886,1267,B0001,C0003,65,100
U+305B,100241706_00031_2,1867,1368,B0001,C0004,95,124
U+3089,100241706_00031_2,1907,1493,B0001,C0005,33,109
U+308C,100241706_00031_2,1878,1616,B0001,C0006,92,121
U+305A,100241706_00031_2,1877,1739,B0001,C0007,99,81
U+3053,100241706_00031_2,1885,1843,B0001,C0008,83,111
U+307E,100241706_00031_2,1898,1951,B0001,C0009,55,124
U+308A,100241706_00031_2,1891,2076,B0001,C0010,60,91
U+5165,100241706_00031_2,1862,2171,B0001,C0011,132,112
U+308B,100241706_00031_2,1898,2284,B0001,C0012,81,113
U+3068,100241706_00031_2,1902,2397,B0001,C0013,63,109
U+567A,100241706_00031_2,1874,2543,B0001,C0014,107,132
U+3055,100241706_00031_2,1895,2677,B0001,C0015,60,104
U+308C,100241706_00031_2,1891,2783,B0001,C0016,84,140
U+3051,100241706_00031_2,1895,2939,B0001,C0017,88,100
U+308C,100241706_00031_2,1879,3040,B0001,C0018,109,112
U+3070,100241706_00031_2,1889,3153,B0001,C0019,100,80
U+3057,100241706_00031_2,1894,3252,B0001,C0020,91,108
U+3070,100241706_00031_2,1902,3361,B0001,C0021,91,97
U+3089,100241706_00031_2,1909,3460,B0001,C0022,56,95
U+304F,100241706_00031_2,1910,3543,B0001,C0023,60,80
U+304B,100241706_00031_2,1630,1005,B0001,C0024,100,81
U+3093,100241706_00031_2,1632,1088,B0001,C0025,131,93
U+304C,100241706_00031_2,1660,1193,B0001,C0026,80,77
U+3078,100241706_00031_2,1636,1272,B0001,C0027,105,57
U+3055,100241706_00031_2,1652,1336,B0001,C0028,73,116
U+3088,100241706_00031_2,1668,1449,B0001,C0029,55,84
U+3075,100241706_00031_2,1639,1535,B0001,C0030,109,116
U+306A,100241706_00031_2,1659,1663,B0001,C0031,81,96
U+308C,100241706_00031_2,1662,1764,B0001,C0032,69,132
U+3070,100241706_00031_2,1658,1899,B0001,C0033,92,79
U+5FA1,100241706_00031_2,1659,2009,B0001,C0034,92,76
U+83D3,100241706_00031_2,1644,2088,B0001,C0035,99,195
U+5B50,100241706_00031_2,1670,2287,B0001,C0036,76,99
U+306B,100241706_00031_2,1651,2413,B0001,C0037,96,100
U+4ED5,100241706_00031_2,1652,2549,B0001,C0038,105,131
U+7ACB,100241706_00031_2,1654,2681,B0001,C0039,100,116
U+5FA1,100241706_00031_2,1668,2833,B0001,C0040,83,71
U+8336,100241706_00031_2,1644,2905,B0001,C0041,115,151
U+306E,100241706_00031_2,1671,3083,B0001,C0042,77,79
U+305B,100241706_00031_2,1652,3180,B0001,C0043,88,108
U+3064,100241706_00031_2,1651,3289,B0001,C0044,95,111
U+4E0A,100241706_00031_2,1667,3407,B0001,C0045,80,108
U+3066,100241706_00031_2,1668,3515,B0001,C0046,63,107
U+306F,100241706_00031_2,1406,999,B0001,C0047,72,136
U+3044,100241706_00031_2,1392,1167,B0001,C0048,99,80
U+304B,100241706_00031_2,1418,1228,B0001,C0049,55,89
U+309E,100241706_00031_2,1432,1319,B0001,C0050,53,45
U+3068,100241706_00031_2,1424,1393,B0001,C0051,64,95
U+7533,100241706_00031_2,1430,1497,B0001,C0052,48,124
U+3042,100241706_00031_2,1403,1644,B0001,C0053,93,137
U+3052,100241706_00031_2,1407,1759,B0001,C0054,104,141
U+305F,100241706_00031_2,1428,1912,B0001,C0055,56,92
U+308C,100241706_00031_2,1396,2021,B0001,C0056,107,128
U+3070,100241706_00031_2,1411,2147,B0001,C0057,99,85
U+305D,100241706_00031_2,1424,2267,B0001,C0058,76,103
U+308C,100241706_00031_2,1422,2367,B0001,C0059,65,143
U+306F,100241706_00031_2,1412,2511,B0001,C0060,83,79
U+4E00,100241706_00031_2,1407,2645,B0001,C0061,103,21
U+6BB5,100241706_00031_2,1407,2723,B0001,C0062,117,128
U+306E,100241706_00031_2,1423,2855,B0001,C0063,81,79
U+5FA1,100241706_00031_2,1423,2976,B0001,C0064,80,89
U+4E8B,100241706_00031_2,1416,3068,B0001,C0065,91,188
U+3055,100241706_00031_2,1427,3275,B0001,C0066,65,105
U+3084,100241706_00031_2,1408,3381,B0001,C0067,103,77
U+3046,100241706_00031_2,1443,3460,B0001,C0068,44,151
U+306A,100241706_00031_2,1175,1003,B0001,C0069,85,127
U+308C,100241706_00031_2,1150,1129,B0001,C0070,105,135
U+3070,100241706_00031_2,1171,1260,B0001,C0071,92,69
U+3081,100241706_00031_2,1178,1347,B0001,C0072,84,100
U+3057,100241706_00031_2,1223,1431,B0001,C0073,33,152
U+4E0A,100241706_00031_2,1182,1584,B0001,C0074,80,128
U+3089,100241706_00031_2,1206,1713,B0001,C0075,51,123
U+308B,100241706_00031_2,1160,1859,B0001,C0076,100,168
U+309D,100241706_00031_2,1208,2025,B0001,C0077,41,35
U+3082,100241706_00031_2,1179,2057,B0001,C0078,63,104
U+3057,100241706_00031_2,1176,2185,B0001,C0079,83,113
U+308C,100241706_00031_2,1164,2299,B0001,C0080,103,132
U+305A,100241706_00031_2,1186,2432,B0001,C0081,77,136
U+3068,100241706_00031_2,1196,2592,B0001,C0082,59,107
U+7533,100241706_00031_2,1199,2713,B0001,C0083,47,129
U+9858,100241706_00031_2,1160,2856,B0001,C0084,109,151
U+3072,100241706_00031_2,1179,3009,B0001,C0085,97,103
U+3051,100241706_00031_2,1198,3141,B0001,C0086,63,89
U+308A,100241706_00031_2,1203,3247,B0001,C0087,60,113
U+305D,100241706_00031_2,1194,3376,B0001,C0088,80,115
U+308C,100241706_00031_2,1174,3499,B0001,C0089,135,109
U+3088,100241706_00031_2,944,999,B0001,C0090,51,99
U+308A,100241706_00031_2,923,1099,B0001,C0091,87,143
U+5FA1,100241706_00031_2,932,1253,B0001,C0092,93,92
U+83DC,100241706_00031_2,926,1343,B0001,C0093,97,157
U+3092,100241706_00031_2,927,1529,B0001,C0094,109,120
U+6975,100241706_00031_2,918,1677,B0001,C0095,111,152
U+7D30,100241706_00031_2,922,1831,B0001,C0096,117,136
U+672B,100241706_00031_2,931,1976,B0001,C0097,100,135
U+306B,100241706_00031_2,942,2111,B0001,C0098,60,111
U+3044,100241706_00031_2,920,2256,B0001,C0099,119,77
U+305F,100241706_00031_2,942,2335,B0001,C0100,73,89
U+3057,100241706_00031_2,967,2423,B0001,C0101,27,181
U+7C73,100241706_00031_2,938,2627,B0001,C0102,91,155
U+306E,100241706_00031_2,942,2803,B0001,C0103,83,95
U+7C89,100241706_00031_2,910,2913,B0001,C0104,115,151
U+3042,100241706_00031_2,946,3103,B0001,C0105,85,124
U+3065,100241706_00031_2,930,3227,B0001,C0106,120,103
U+304D,100241706_00031_2,952,3331,B0001,C0107,64,107
U+871C,100241706_00031_2,932,3459,B0001,C0108,119,136
U+6C37,100241706_00031_2,667,997,B0001,C0109,133,136
U+304A,100241706_00031_2,678,1139,B0001,C0110,108,140
U+308D,100241706_00031_2,690,1276,B0001,C0111,95,149
U+3057,100241706_00031_2,724,1425,B0001,C0112,28,187
U+8FB0,100241706_00031_2,692,1629,B0001,C0113,112,144
U+7802,100241706_00031_2,676,1775,B0001,C0114,132,148
U+306B,100241706_00031_2,694,1936,B0001,C0115,100,97
U+304F,100241706_00031_2,691,2067,B0001,C0116,112,105
U+308F,100241706_00031_2,710,2179,B0001,C0117,48,119
U+3078,100241706_00031_2,687,2303,B0001,C0118,117,69
U+3080,100241706_00031_2,706,2387,B0001,C0119,113,107
U+3057,100241706_00031_2,740,2495,B0001,C0120,25,121
U+7269,100241706_00031_2,688,2624,B0001,C0121,112,125
U+306B,100241706_00031_2,726,2781,B0001,C0122,41,87
U+3057,100241706_00031_2,740,2860,B0001,C0123,27,112
U+3066,100241706_00031_2,698,2973,B0001,C0124,81,103
U+4F55,100241706_00031_2,699,3101,B0001,C0125,103,139
U+3068,100241706_00031_2,724,3243,B0001,C0126,64,100
U+306A,100241706_00031_2,715,3347,B0001,C0127,71,131
U+304F,100241706_00031_2,719,3475,B0001,C0128,55,128
U+4E0A,100241706_00031_2,447,1003,B0001,C0129,92,141
U+3051,100241706_00031_2,451,1148,B0001,C0130,87,123
U+308C,100241706_00031_2,452,1272,B0001,C0131,83,139
U+3070,100241706_00031_2,456,1421,B0001,C0132,88,76
U+6B8A,100241706_00031_2,447,1525,B0001,C0133,101,171
U+306E,100241706_00031_2,473,1697,B0001,C0134,41,139
U+5916,100241706_00031_2,460,1857,B0001,C0135,96,147
U+5FA1,100241706_00031_2,464,2039,B0001,C0136,88,84
U+3053,100241706_00031_2,467,2124,B0001,C0137,89,120
U+309D,100241706_00031_2,521,2265,B0001,C0138,17,41
U+308D,100241706_00031_2,465,2332,B0001,C0139,91,112
U+306B,100241706_00031_2,455,2445,B0001,C0140,105,104
U+53F6,100241706_00031_2,449,2575,B0001,C0141,117,120
U+3072,100241706_00031_2,461,2696,B0001,C0142,108,100
U+3081,100241706_00031_2,465,2820,B0001,C0143,87,83
U+3057,100241706_00031_2,519,2908,B0001,C0144,25,107
U+4E0A,100241706_00031_2,477,3032,B0001,C0145,76,112
U+308A,100241706_00031_2,485,3144,B0001,C0146,56,119
U+3051,100241706_00031_2,469,3264,B0001,C0147,91,128
U+308B,100241706_00031_2,500,3397,B0001,C0148,36,93
U+306B,100241706_00031_2,460,3511,B0001,C0149,97,95
U+5FA1,100241706_00031_2,204,999,B0001,C0150,95,96
U+5FC3,100241706_00031_2,189,1113,B0001,C0151,124,88
U+3082,100241706_00031_2,217,1212,B0001,C0152,63,105
U+3084,100241706_00031_2,199,1337,B0001,C0153,111,91
U+308F,100241706_00031_2,220,1429,B0001,C0154,52,152
U+3089,100241706_00031_2,221,1583,B0001,C0155,43,128
U+304E,100241706_00031_2,211,1712,B0001,C0156,85,121
U+75B3,100241706_00031_2,192,1863,B0001,C0157,133,156
U+6C17,100241706_00031_2,217,2013,B0001,C0158,83,205
U+8584,100241706_00031_2,211,2232,B0001,C0159,96,181
U+3089,100241706_00031_2,235,2415,B0001,C0160,48,128
U+304E,100241706_00031_2,227,2544,B0001,C0161,85,121
U+3051,100241706_00031_2,213,2677,B0001,C0162,101,135
U+308B,100241706_00031_2,244,2813,B0001,C0163,41,72
U+662F,100241706_00031_2,219,2909,B0001,C0164,96,136
U+3088,100241706_00031_2,245,3060,B0001,C0165,43,81
U+308A,100241706_00031_2,213,3148,B0001,C0166,75,148
U+4E16,100241706_00031_2,208,3268,B0001,C0167,121,97
U+9593,100241706_00031_2,223,3387,B0001,C0168,97,117
U+306B,100241706_00031_2,239,3505,B0001,C0169,59,92
U+6B64,100241706_00032_1,2010,996,B0001,C0001,137,104
U+88FD,100241706_00032_1,2022,1102,B0001,C0002,121,196
U+304D,100241706_00032_1,2041,1312,B0001,C0003,71,141
U+3053,100241706_00032_1,2042,1455,B0001,C0004,84,141
U+3048,100241706_00032_1,2033,1598,B0001,C0005,101,131
U+5C0F,100241706_00032_1,2011,1755,B0001,C0006,123,93
U+5150,100241706_00032_1,2033,1878,B0001,C0007,103,133
U+305D,100241706_00032_1,2050,2023,B0001,C0008,68,112
U+306E,100241706_00032_1,2042,2136,B0001,C0009,84,111
U+307B,100241706_00032_1,2041,2266,B0001,C0010,97,101
U+304B,100241706_00032_1,2050,2370,B0001,C0011,57,81
U+75B3,100241706_00032_1,2029,2470,B0001,C0012,124,160
U+306E,100241706_00032_1,2049,2646,B0001,C0013,79,76
U+75C5,100241706_00032_1,2030,2734,B0001,C0014,109,155
U+3072,100241706_00032_1,2038,2888,B0001,C0015,105,107
U+306E,100241706_00032_1,2051,3003,B0001,C0016,77,75
U+3082,100241706_00032_1,2069,3111,B0001,C0017,53,119
U+306E,100241706_00032_1,2045,3230,B0001,C0018,88,95
U+5C02,100241706_00032_1,2042,3346,B0001,C0019,92,173
U+3089,100241706_00032_1,2071,3522,B0001,C0020,61,100
U+7528,100241706_00032_1,1789,1006,B0001,C0021,89,140
U+3086,100241706_00032_1,1794,1138,B0001,C0022,87,124
U+308B,100241706_00032_1,1823,1263,B0001,C0023,40,104
U+4E8B,100241706_00032_1,1797,1396,B0001,C0024,76,163
U+3068,100241706_00032_1,1813,1562,B0001,C0025,48,115
U+306F,100241706_00032_1,1797,1678,B0001,C0026,71,71
U+306A,100241706_00032_1,1798,1774,B0001,C0027,89,129
U+308A,100241706_00032_1,1815,1904,B0001,C0028,49,117
U+306C,100241706_00032_1,1787,2026,B0001,C0029,85,101
U+75B3,100241706_00032_1,1772,2163,B0001,C0030,132,167
U+3092,100241706_00032_1,1793,2331,B0001,C0031,100,124
U+990A,100241706_00032_1,1789,2474,B0001,C0032,121,169
U+3075,100241706_00032_1,1775,2644,B0001,C0033,113,99
U+6240,100241706_00032_1,1775,2759,B0001,C0034,120,96
U+306E,100241706_00032_1,1803,2870,B0001,C0035,77,81
U+83D3,100241706_00032_1,1772,2963,B0001,C0036,107,156
U+5B50,100241706_00032_1,1805,3123,B0001,C0037,77,85
U+306A,100241706_00032_1,1793,3225,B0001,C0038,91,93
U+308C,100241706_00032_1,1795,3317,B0001,C0039,93,119
U+3070,100241706_00032_1,1798,3443,B0001,C0040,93,59
U+990A,100241706_00032_1,1540,1007,B0001,C0041,133,185
U+75B3,100241706_00032_1,1534,1250,B0001,C0042,141,160
U+306A,100241706_00032_1,1560,1438,B0001,C0043,88,131
U+308B,100241706_00032_1,1578,1570,B0001,C0044,35,97
U+3079,100241706_00032_1,1535,1668,B0001,C0045,128,76
U+3057,100241706_00032_1,1578,1759,B0001,C0046,33,360
U+3072,100241706_00032_1,1294,1011,B0001,C0047,101,115
U+3064,100241706_00032_1,1298,1127,B0001,C0048,101,80
U+3058,100241706_00032_1,1338,1222,B0001,C0049,51,192
U+306E,100241706_00032_1,1307,1428,B0001,C0050,89,103
U+3042,100241706_00032_1,1298,1532,B0001,C0051,103,144
U+3064,100241706_00032_1,1294,1678,B0001,C0052,101,133
U+3082,100241706_00032_1,1326,1803,B0001,C0053,56,127
U+306E,100241706_00032_1,1314,1923,B0001,C0054,73,97
U+3068,100241706_00032_1,1323,2024,B0001,C0055,57,108
U+4F55,100241706_00032_1,1300,2162,B0001,C0056,101,131
U+3082,100241706_00032_1,1328,2306,B0001,C0057,59,133
U+306E,100241706_00032_1,1310,2442,B0001,C0058,85,103
U+304B,100241706_00032_1,1330,2551,B0001,C0059,52,65
U+5510,100241706_00032_1,1290,2636,B0001,C0060,109,148
U+3081,100241706_00032_1,1308,2808,B0001,C0061,88,89
U+304B,100241706_00032_1,1318,2894,B0001,C0062,68,91
U+3057,100241706_00032_1,1330,2995,B0001,C0063,33,152
U+304D,100241706_00032_1,1316,3145,B0001,C0064,67,152
U+540D,100241706_00032_1,1312,3322,B0001,C0065,89,160
U+3092,100241706_00032_1,1312,3483,B0001,C0066,103,132
U+4ED8,100241706_00032_1,1060,1012,B0001,C0067,88,156
U+3057,100241706_00032_1,1104,1170,B0001,C0068,19,125
U+3082,100241706_00032_1,1072,1306,B0001,C0069,64,113
U+3088,100241706_00032_1,1083,1443,B0001,C0070,49,99
U+3075,100241706_00032_1,1046,1543,B0001,C0071,97,121
U+8003,100241706_00032_1,1050,1667,B0001,C0072,103,168
U+305F,100241706_00032_1,1064,1836,B0001,C0073,69,111
U+308B,100241706_00032_1,1091,1950,B0001,C0074,39,88
U+7269,100241706_00032_1,1066,2067,B0001,C0075,95,135
U+306A,100241706_00032_1,1070,2203,B0001,C0076,81,144
U+308A,100241706_00032_1,1068,2348,B0001,C0077,81,147
U+25B2,100241706_00032_1,822,951,B0001,C0078,101,52
U+843D,100241706_00032_1,815,1028,B0001,C0079,93,197
U+96C1,100241706_00032_1,792,1278,B0001,C0080,128,160
U+3084,100241706_00032_1,563,1007,B0001,C0081,113,105
U+3093,100241706_00032_1,561,1120,B0001,C0082,172,139
U+3054,100241706_00032_1,571,1268,B0001,C0083,112,116
U+3068,100241706_00032_1,591,1390,B0001,C0084,61,108
U+306A,100241706_00032_1,560,1502,B0001,C0085,104,137
U+304D,100241706_00032_1,585,1640,B0001,C0086,61,125
U+5FA1,100241706_00032_1,579,1796,B0001,C0087,97,85
U+65B9,100241706_00032_1,564,1883,B0001,C0088,116,155
U+5E74,100241706_00032_1,567,2066,B0001,C0089,93,179
U+4E45,100241706_00032_1,563,2268,B0001,C0090,129,113
U+3057,100241706_00032_1,616,2380,B0001,C0091,35,180
U+304F,100241706_00032_1,595,2571,B0001,C0092,47,131
U+5FA1,100241706_00032_1,581,2734,B0001,C0093,88,77
U+5949,100241706_00032_1,556,2808,B0001,C0094,136,167
U+516C,100241706_00032_1,584,2959,B0001,C0095,63,96
U+3092,100241706_00032_1,565,3082,B0001,C0096,107,76
U+52E4,100241706_00032_1,559,3159,B0001,C0097,116,136
U+8001,100241706_00032_1,568,3341,B0001,C0098,107,144
U+4EBA,100241706_00032_1,560,3495,B0001,C0099,135,127
U+3042,100241706_00032_1,331,1000,B0001,C0100,97,91
U+308A,100241706_00032_1,351,1092,B0001,C0101,63,123
U+516C,100241706_00032_1,329,1259,B0001,C0102,89,99
U+5E38,100241706_00032_1,313,1392,B0001,C0103,115,195
U+3005,100241706_00032_1,357,1588,B0001,C0104,28,96
U+6C5D,100241706_00032_1,324,1711,B0001,C0105,131,132
U+306F,100241706_00032_1,333,1863,B0001,C0106,87,56
U+308F,100241706_00032_1,355,1938,B0001,C0107,43,117
U+304C,100241706_00032_1,348,2056,B0001,C0108,80,87
U+5BB6,100241706_00032_1,336,2150,B0001,C0109,92,181
U+306B,100241706_00032_1,344,2334,B0001,C0110,56,89
U+3042,100241706_00032_1,337,2447,B0001,C0111,92,79
U+308B,100241706_00032_1,360,2523,B0001,C0112,44,79
U+4E8B,100241706_00032_1,325,2616,B0001,C0113,87,205
U+4E45,100241706_00032_1,323,2820,B0001,C0114,133,124
U+3057,100241706_00032_1,365,2924,B0001,C0115,27,140
U+4F55,100241706_00032_1,327,3079,B0001,C0116,97,137
U+305E,100241706_00032_1,353,3207,B0001,C0117,81,112
U+306E,100241706_00032_1,345,3335,B0001,C0118,71,91
U+305E,100241706_00032_1,355,3427,B0001,C0119,84,113
U+307F,100241706_00032_1,352,3542,B0001,C0120,55,91
U+306F,100241706_00032_2,1902,995,B0001,C0001,63,159
U+306A,100241706_00032_2,1897,1155,B0001,C0002,69,169
U+304D,100241706_00032_2,1897,1325,B0001,C0003,68,161
U+3084,100241706_00032_2,1882,1488,B0001,C0004,92,105
U+3068,100241706_00032_2,1913,1597,B0001,C0005,56,121
U+4EF0,100241706_00032_2,1882,1749,B0001,C0006,116,119
U+3089,100241706_00032_2,1938,1877,B0001,C0007,32,111
U+308C,100241706_00032_2,1897,1989,B0001,C0008,79,128
U+3051,100241706_00032_2,1895,2147,B0001,C0009,84,128
U+308C,100241706_00032_2,1873,2277,B0001,C0010,145,125
U+3070,100241706_00032_2,1897,2404,B0001,C0011,93,71
U+7B87,100241706_00032_2,1893,2509,B0001,C0012,89,159
U+306E,100241706_00032_2,1899,2679,B0001,C0013,80,77
U+723A,100241706_00032_2,1882,2777,B0001,C0014,127,180
U+304C,100241706_00032_2,1915,2971,B0001,C0015,64,60
U+66F0,100241706_00032_2,1905,3075,B0001,C0016,84,92
U+304F,100241706_00032_2,1915,3176,B0001,C0017,41,128
U+8AA0,100241706_00032_2,1887,3333,B0001,C0018,128,132
U+306B,100241706_00032_2,1897,3509,B0001,C0019,95,99
U+5E74,100241706_00032_2,1647,997,B0001,C0020,88,183
U+4E45,100241706_00032_2,1639,1201,B0001,C0021,131,119
U+3057,100241706_00032_2,1684,1312,B0001,C0022,29,128
U+304F,100241706_00032_2,1675,1465,B0001,C0023,43,145
U+5FA1,100241706_00032_2,1671,1661,B0001,C0024,87,84
U+539A,100241706_00032_2,1642,1763,B0001,C0025,111,161
U+6069,100241706_00032_2,1660,1936,B0001,C0026,107,168
U+306B,100241706_00032_2,1679,2105,B0001,C0027,59,105
U+3042,100241706_00032_2,1676,2237,B0001,C0028,79,99
U+3065,100241706_00032_2,1654,2324,B0001,C0029,124,151
U+304B,100241706_00032_2,1656,2488,B0001,C0030,109,104
U+308A,100241706_00032_2,1686,2593,B0001,C0031,61,149
U+3066,100241706_00032_2,1667,2745,B0001,C0032,80,119
U+4F55,100241706_00032_2,1662,2875,B0001,C0033,108,140
U+306E,100241706_00032_2,1672,3035,B0001,C0034,88,89
U+671B,100241706_00032_2,1658,3153,B0001,C0035,116,171
U+304B,100241706_00032_2,1686,3324,B0001,C0036,55,92
U+5019,100241706_00032_2,1674,3439,B0001,C0037,84,69
U+3079,100241706_00032_2,1654,3509,B0001,C0038,129,88
U+304D,100241706_00032_2,1416,1007,B0001,C0039,68,124
U+53EA,100241706_00032_2,1410,1167,B0001,C0040,92,115
U+3057,100241706_00032_2,1416,1316,B0001,C0041,88,112
U+3083,100241706_00032_2,1408,1429,B0001,C0042,104,87
U+3046,100241706_00032_2,1428,1519,B0001,C0043,64,133
U+304C,100241706_00032_2,1407,1669,B0001,C0044,121,112
U+3044,100241706_00032_2,1414,1783,B0001,C0045,99,97
U+3092,100241706_00032_2,1422,1883,B0001,C0046,95,117
U+697D,100241706_00032_2,1400,2019,B0001,C0047,127,176
U+306B,100241706_00032_2,1434,2196,B0001,C0048,59,111
U+306D,100241706_00032_2,1412,2343,B0001,C0049,113,151
U+304C,100241706_00032_2,1432,2495,B0001,C0050,80,95
U+3072,100241706_00032_2,1422,2587,B0001,C0051,100,92
U+305F,100241706_00032_2,1431,2703,B0001,C0052,67,101
U+304D,100241706_00032_2,1420,2812,B0001,C0053,103,133
U+3068,100241706_00032_2,1442,2953,B0001,C0054,72,97
U+671D,100241706_00032_2,1418,3095,B0001,C0055,107,133
U+3086,100241706_00032_2,1431,3256,B0001,C0056,85,101
U+3075,100241706_00032_2,1414,3361,B0001,C0057,105,113
U+306B,100241706_00032_2,1412,3507,B0001,C0058,107,97
U+7533,100241706_00032_2,1196,1007,B0001,C0059,55,135
U+304D,100241706_00032_2,1170,1132,B0001,C0060,109,144
U+516C,100241706_00032_2,1186,1296,B0001,C0061,79,95
U+306E,100241706_00032_2,1184,1421,B0001,C0062,84,96
U+5FA1,100241706_00032_2,1188,1543,B0001,C0063,93,96
U+3058,100241706_00032_2,1180,1640,B0001,C0064,99,143
U+3084,100241706_00032_2,1172,1784,B0001,C0065,111,96
U+3046,100241706_00032_2,1168,1883,B0001,C0066,85,121
U+306B,100241706_00032_2,1172,2025,B0001,C0067,101,91
U+6CB3,100241706_00032_2,1183,2167,B0001,C0068,97,136
U+5185,100241706_00032_2,1190,2304,B0001,C0069,81,141
U+306E,100241706_00032_2,1196,2475,B0001,C0070,80,100
U+56FD,100241706_00032_2,1170,2608,B0001,C0071,116,113
U+9053,100241706_00032_2,1172,2769,B0001,C0072,107,152
U+660E,100241706_00032_2,1180,2923,B0001,C0073,97,123
U+5BFA,100241706_00032_2,1204,3047,B0001,C0074,63,125
U+3068,100241706_00032_2,1207,3208,B0001,C0075,64,111
U+3044,100241706_00032_2,1199,3372,B0001,C0076,85,91
U+3075,100241706_00032_2,1183,3464,B0001,C0077,97,128
U+5BFA,100241706_00032_2,923,993,B0001,C0078,112,181
U+3042,100241706_00032_2,939,1176,B0001,C0079,92,107
U+308A,100241706_00032_2,935,1284,B0001,C0080,80,151
U+662F,100241706_00032_2,954,1435,B0001,C0081,73,148
U+306A,100241706_00032_2,952,1613,B0001,C0082,80,109
U+3093,100241706_00032_2,944,1725,B0001,C0083,131,108
U+6B64,100241706_00032_2,932,1865,B0001,C0084,111,104
U+307B,100241706_00032_2,943,1971,B0001,C0085,103,117
U+3069,100241706_00032_2,962,2097,B0001,C0086,68,107
U+660E,100241706_00032_2,931,2243,B0001,C0087,113,145
U+304A,100241706_00032_2,955,2389,B0001,C0088,97,105
U+308C,100241706_00032_2,960,2497,B0001,C0089,69,148
U+3070,100241706_00032_2,951,2655,B0001,C0090,92,91
U+53F3,100241706_00032_2,939,2768,B0001,C0091,101,141
U+3078,100241706_00032_2,936,2917,B0001,C0092,128,76
U+53C2,100241706_00032_2,958,3012,B0001,C0093,85,164
U+308A,100241706_00032_2,968,3177,B0001,C0094,59,133
U+8001,100241706_00032_2,938,3331,B0001,C0095,121,125
U+3092,100241706_00032_2,956,3476,B0001,C0096,91,115
U+3057,100241706_00032_2,690,1003,B0001,C0097,105,131
U+3065,100241706_00032_2,688,1135,B0001,C0098,116,116
U+304B,100241706_00032_2,728,1283,B0001,C0099,45,88
U+306B,100241706_00032_2,694,1373,B0001,C0100,108,103
U+3084,100241706_00032_2,691,1508,B0001,C0101,115,76
U+3057,100241706_00032_2,751,1585,B0001,C0102,19,139
U+306A,100241706_00032_2,720,1740,B0001,C0103,88,177
U+3072,100241706_00032_2,711,1920,B0001,C0104,103,97
U+7533,100241706_00032_2,732,2036,B0001,C0105,49,115
U+3079,100241706_00032_2,706,2151,B0001,C0106,109,139
U+3057,100241706_00032_2,752,2316,B0001,C0107,20,147
U+3068,100241706_00032_2,735,2479,B0001,C0108,61,113
U+3042,100241706_00032_2,723,2605,B0001,C0109,93,99
U+308A,100241706_00032_2,726,2707,B0001,C0110,72,125
U+3051,100241706_00032_2,718,2836,B0001,C0111,89,119
U+308C,100241706_00032_2,723,2939,B0001,C0112,75,131
U+3070,100241706_00032_2,719,3075,B0001,C0113,91,77
U+5247,100241706_00032_2,703,3181,B0001,C0114,104,123
U+6B64,100241706_00032_2,707,3321,B0001,C0115,107,89
U+5BFA,100241706_00032_2,734,3432,B0001,C0116,55,104
U+3078,100241706_00032_2,704,3540,B0001,C0117,124,52
U+3046,100241706_00032_2,471,1003,B0001,C0118,60,148
U+3064,100241706_00032_2,459,1137,B0001,C0119,101,129
U+308A,100241706_00032_2,479,1275,B0001,C0120,68,169
U+304F,100241706_00032_2,455,1456,B0001,C0121,104,95
U+3089,100241706_00032_2,471,1553,B0001,C0122,64,129
U+3057,100241706_00032_2,503,1680,B0001,C0123,24,175
U+3051,100241706_00032_2,477,1875,B0001,C0124,89,151
U+308B,100241706_00032_2,504,2028,B0001,C0125,37,73
U+6B64,100241706_00032_2,455,2137,B0001,C0126,121,105
U+5BFA,100241706_00032_2,464,2243,B0001,C0127,93,168
U+306B,100241706_00032_2,481,2433,B0001,C0128,96,95
U+6614,100241706_00032_2,461,2557,B0001,C0129,109,148
U+3088,100241706_00032_2,511,2713,B0001,C0130,41,88
U+308A,100241706_00032_2,460,2803,B0001,C0131,95,153
U+3044,100241706_00032_2,479,2959,B0001,C0132,99,77
U+304B,100241706_00032_2,472,3037,B0001,C0133,109,100
U+304C,100241706_00032_2,532,3136,B0001,C0134,48,48
U+306E,100241706_00032_2,492,3233,B0001,C0135,83,105
U+3091,100241706_00032_2,487,3353,B0001,C0136,87,145
U+3093,100241706_00032_2,475,3445,B0001,C0137,151,144
U+3042,100241706_00032_2,208,997,B0001,C0138,111,169
U+308B,100241706_00032_2,241,1167,B0001,C0139,41,101
U+306B,100241706_00032_2,205,1275,B0001,C0140,111,111
U+3084,100241706_00032_2,215,1384,B0001,C0141,95,124
U+4ED9,100241706_00032_2,203,1532,B0001,C0142,137,135
U+53F0,100241706_00032_2,212,1668,B0001,C0143,117,195
U+7523,100241706_00032_2,215,1879,B0001,C0144,95,192
U+7269,100241706_00032_2,215,2065,B0001,C0145,111,135
U+306E,100241706_00032_2,231,2219,B0001,C0146,79,84
U+307B,100241706_00032_2,233,2335,B0001,C0147,85,101
U+3057,100241706_00032_2,287,2424,B0001,C0148,16,119
U+3044,100241706_00032_2,227,2556,B0001,C0149,87,77
U+3092,100241706_00032_2,228,2649,B0001,C0150,100,100
U+3068,100241706_00032_2,244,2775,B0001,C0151,71,93
U+308A,100241706_00032_2,249,2869,B0001,C0152,61,137
U+3042,100241706_00032_2,229,3008,B0001,C0153,89,136
U+3064,100241706_00032_2,229,3145,B0001,C0154,96,87
U+304B,100241706_00032_2,217,3240,B0001,C0155,120,75
U+3044,100241706_00032_2,235,3315,B0001,C0156,92,96
U+3051,100241706_00032_2,253,3413,B0001,C0157,57,85
U+308A,100241706_00032_2,245,3500,B0001,C0158,64,121
U+53F3,100241706_00033_1,2023,993,B0001,C0001,109,137
U+5BFA,100241706_00033_1,2040,1152,B0001,C0002,79,179
U+53F7,100241706_00033_1,2029,1328,B0001,C0003,83,195
U+3092,100241706_00033_1,2027,1516,B0001,C0004,105,117
U+3088,100241706_00033_1,2057,1655,B0001,C0005,49,137
U+3073,100241706_00033_1,2028,1793,B0001,C0006,101,104
U+3066,100241706_00033_1,2027,1899,B0001,C0007,91,101
U+4E16,100241706_00033_1,2009,2016,B0001,C0008,124,120
U+306B,100241706_00033_1,2048,2137,B0001,C0009,48,105
U+9053,100241706_00033_1,2005,2267,B0001,C0010,111,151
U+660E,100241706_00033_1,2017,2419,B0001,C0011,113,145
U+5BFA,100241706_00033_1,2049,2577,B0001,C0012,73,100
U+3031,100241706_00033_1,2051,2617,B0001,C0013,71,236
U+3068,100241706_00033_1,2051,2833,B0001,C0014,60,100
U+307B,100241706_00033_1,2027,2956,B0001,C0015,100,92
U+3057,100241706_00033_1,2092,3035,B0001,C0016,24,104
U+3044,100241706_00033_1,2036,3140,B0001,C0017,84,81
U+3092,100241706_00033_1,2037,3255,B0001,C0018,97,109
U+3044,100241706_00033_1,2041,3401,B0001,C0019,85,103
U+3072,100241706_00033_1,2031,3504,B0001,C0020,112,104
U+7FD2,100241706_00033_1,1773,993,B0001,C0021,101,139
U+3057,100241706_00033_1,1817,1136,B0001,C0022,17,128
U+3051,100241706_00033_1,1796,1285,B0001,C0023,79,144
U+308A,100241706_00033_1,1795,1429,B0001,C0024,71,124
U+53F3,100241706_00033_1,1775,1579,B0001,C0025,108,144
U+306E,100241706_00033_1,1784,1724,B0001,C0026,84,81
U+307B,100241706_00033_1,1785,1829,B0001,C0027,87,119
U+3057,100241706_00033_1,1836,1947,B0001,C0028,32,143
U+3044,100241706_00033_1,1780,2091,B0001,C0029,89,89
U+306B,100241706_00033_1,1769,2203,B0001,C0030,103,101
U+7802,100241706_00033_1,1768,2329,B0001,C0031,115,135
U+7CD6,100241706_00033_1,1769,2460,B0001,C0032,112,149
U+3092,100241706_00033_1,1784,2635,B0001,C0033,92,103
U+304F,100241706_00033_1,1776,2763,B0001,C0034,104,91
U+308F,100241706_00033_1,1796,2855,B0001,C0035,51,133
U+3078,100241706_00033_1,1764,3001,B0001,C0036,124,52
U+304B,100241706_00033_1,1757,3076,B0001,C0037,121,92
U+306E,100241706_00033_1,1777,3168,B0001,C0038,83,84
U+723A,100241706_00033_1,1761,3252,B0001,C0039,136,151
U+304C,100241706_00033_1,1804,3419,B0001,C0040,67,67
U+3072,100241706_00033_1,1785,3515,B0001,C0041,108,100
U+307E,100241706_00033_1,1545,989,B0001,C0042,111,149
U+306B,100241706_00033_1,1544,1140,B0001,C0043,103,105
U+3042,100241706_00033_1,1553,1269,B0001,C0044,93,91
U+304B,100241706_00033_1,1571,1361,B0001,C0045,55,77
U+3057,100241706_00033_1,1575,1451,B0001,C0046,35,149
U+3066,100241706_00033_1,1556,1607,B0001,C0047,53,163
U+83CA,100241706_00033_1,1537,1796,B0001,C0048,109,196
U+6885,100241706_00033_1,1527,2007,B0001,C0049,115,167
U+3044,100241706_00033_1,1543,2191,B0001,C0050,101,75
U+308D,100241706_00033_1,1547,2268,B0001,C0051,84,160
U+3031,100241706_00033_1,1557,2357,B0001,C0052,101,248
U+306E,100241706_00033_1,1551,2604,B0001,C0053,83,81
U+5F62,100241706_00033_1,1539,2721,B0001,C0054,112,135
U+3092,100241706_00033_1,1551,2851,B0001,C0055,112,117
U+304A,100241706_00033_1,1541,2992,B0001,C0056,120,121
U+3053,100241706_00033_1,1557,3115,B0001,C0057,81,125
U+3057,100241706_00033_1,1587,3268,B0001,C0058,31,208
U+662F,100241706_00033_1,1561,3496,B0001,C0059,97,128
U+306B,100241706_00033_1,1313,1004,B0001,C0060,64,105
U+3044,100241706_00033_1,1300,1131,B0001,C0061,99,73
U+308C,100241706_00033_1,1311,1205,B0001,C0062,68,141
U+3066,100241706_00033_1,1311,1348,B0001,C0063,49,163
U+306C,100241706_00033_1,1301,1535,B0001,C0064,95,108
U+304D,100241706_00033_1,1319,1644,B0001,C0065,56,151
U+53F3,100241706_00033_1,1291,1825,B0001,C0066,96,135
U+306E,100241706_00033_1,1304,1961,B0001,C0067,84,93
U+5E72,100241706_00033_1,1305,2076,B0001,C0068,71,137
U+98EF,100241706_00033_1,1281,2243,B0001,C0069,124,148
U+3092,100241706_00033_1,1300,2392,B0001,C0070,108,145
U+3072,100241706_00033_1,1301,2573,B0001,C0071,108,99
U+3050,100241706_00033_1,1300,2676,B0001,C0072,107,100
U+308F,100241706_00033_1,1320,2779,B0001,C0073,49,133
U+3057,100241706_00033_1,1333,2913,B0001,C0074,35,167
U+306B,100241706_00033_1,1305,3088,B0001,C0075,100,95
U+3053,100241706_00033_1,1315,3196,B0001,C0076,83,121
U+3057,100241706_00033_1,1344,3311,B0001,C0077,52,133
U+3089,100241706_00033_1,1327,3448,B0001,C0078,61,116
U+3078,100241706_00033_1,1292,3565,B0001,C0079,136,56
U+5148,100241706_00033_1,1052,1000,B0001,C0080,117,119
U+83C5,100241706_00033_1,1051,1140,B0001,C0081,109,192
U+795E,100241706_00033_1,1037,1337,B0001,C0082,120,173
U+3078,100241706_00033_1,1039,1511,B0001,C0083,127,75
U+3082,100241706_00033_1,1072,1608,B0001,C0084,53,88
U+5099,100241706_00033_1,1048,1708,B0001,C0085,105,193
U+3078,100241706_00033_1,1051,1905,B0001,C0086,121,41
U+5148,100241706_00033_1,1060,1965,B0001,C0087,103,131
U+306E,100241706_00033_1,1057,2120,B0001,C0088,87,77
U+65E6,100241706_00033_1,1055,2231,B0001,C0089,88,140
U+90A3,100241706_00033_1,1029,2372,B0001,C0090,121,132
U+3078,100241706_00033_1,1048,2517,B0001,C0091,112,55
U+3082,100241706_00033_1,1075,2583,B0001,C0092,59,109
U+732E,100241706_00033_1,1009,2716,B0001,C0093,171,147
U+3058,100241706_00033_1,1101,2869,B0001,C0094,40,143
U+3051,100241706_00033_1,1067,3020,B0001,C0095,89,125
U+308A,100241706_00033_1,1077,3147,B0001,C0096,60,120
U+3053,100241706_00033_1,1083,3280,B0001,C0097,69,108
U+308C,100241706_00033_1,1076,3389,B0001,C0098,72,136
U+306F,100241706_00033_1,1068,3527,B0001,C0099,87,81
U+723A,100241706_00033_1,797,999,B0001,C0100,147,191
U+304C,100241706_00033_1,840,1205,B0001,C0101,71,76
U+7D30,100241706_00033_1,809,1319,B0001,C0102,120,151
U+5DE5,100241706_00033_1,819,1471,B0001,C0103,100,111
U+306B,100241706_00033_1,843,1585,B0001,C0104,47,132
U+306F,100241706_00033_1,821,1723,B0001,C0105,80,77
U+5999,100241706_00033_1,787,1835,B0001,C0106,140,155
U+306A,100241706_00033_1,823,2003,B0001,C0107,84,121
U+308A,100241706_00033_1,829,2125,B0001,C0108,60,135
U+3068,100241706_00033_1,833,2261,B0001,C0109,67,119
U+5FA1,100241706_00033_1,827,2408,B0001,C0110,83,97
U+307B,100241706_00033_1,823,2507,B0001,C0111,99,120
U+3081,100241706_00033_1,823,2624,B0001,C0112,85,100
U+306B,100241706_00033_1,807,2753,B0001,C0113,113,105
U+3088,100241706_00033_1,836,2873,B0001,C0114,76,107
U+308A,100241706_00033_1,841,2999,B0001,C0115,49,95
U+3084,100241706_00033_1,801,3105,B0001,C0116,117,69
U+3093,100241706_00033_1,816,3173,B0001,C0117,136,101
U+306A,100241706_00033_1,836,3423,B0001,C0118,72,97
U+304D,100241706_00033_1,819,3521,B0001,C0119,113,92
U+96F2,100241706_00033_1,559,1005,B0001,C0120,117,164
U+306E,100241706_00033_1,577,1176,B0001,C0121,80,96
U+4E0A,100241706_00033_1,575,1299,B0001,C0122,85,140
U+3005,100241706_00033_1,603,1440,B0001,C0123,23,89
U+65B9,100241706_00033_1,552,1560,B0001,C0124,104,137
U+3078,100241706_00033_1,545,1716,B0001,C0125,121,44
U+3082,100241706_00033_1,579,1760,B0001,C0126,65,99
U+3042,100241706_00033_1,576,1888,B0001,C0127,95,108
U+3052,100241706_00033_1,571,1987,B0001,C0128,120,120
U+3089,100241706_00033_1,605,2101,B0001,C0129,25,133
U+308C,100241706_00033_1,573,2240,B0001,C0130,75,129
U+3051,100241706_00033_1,571,2391,B0001,C0131,92,127
U+308A,100241706_00033_1,585,2519,B0001,C0132,59,113
U+5056,100241706_00033_1,559,2659,B0001,C0133,123,143
U+3081,100241706_00033_1,572,2803,B0001,C0134,88,107
U+3065,100241706_00033_1,572,2911,B0001,C0135,103,101
U+3089,100241706_00033_1,600,3012,B0001,C0136,32,101
U+306E,100241706_00033_1,576,3145,B0001,C0137,83,93
U+83D3,100241706_00033_1,568,3272,B0001,C0138,84,189
U+5B50,100241706_00033_1,565,3461,B0001,C0139,92,123
U+306A,100241706_00033_1,329,1005,B0001,C0140,79,151
U+308A,100241706_00033_1,335,1157,B0001,C0141,73,175
U+3068,100241706_00033_1,340,1340,B0001,C0142,65,125
U+540D,100241706_00033_1,317,1493,B0001,C0143,99,159
U+3092,100241706_00033_1,329,1653,B0001,C0144,92,120
U+5FA1,100241706_00033_1,332,1796,B0001,C0145,92,67
U+5C0B,100241706_00033_1,321,1863,B0001,C0146,99,216
U+306B,100241706_00033_1,340,2080,B0001,C0147,64,132
U+53CA,100241706_00033_1,317,2229,B0001,C0148,107,129
U+3073,100241706_00033_1,315,2360,B0001,C0149,108,109
U+3051,100241706_00033_1,331,2508,B0001,C0150,93,144
U+308B,100241706_00033_1,337,2653,B0001,C0151,85,133
U+306B,100241706_00033_1,340,2788,B0001,C0152,55,99
U+540D,100241706_00033_1,317,2912,B0001,C0153,101,152
U+306F,100241706_00033_1,351,3065,B0001,C0154,64,139
U+4F55,100241706_00033_1,316,3237,B0001,C0155,120,127
U+3068,100241706_00033_1,355,3356,B0001,C0156,64,109
U+3082,100241706_00033_1,345,3507,B0001,C0157,65,111
U+306A,100241706_00033_2,1875,995,B0001,C0001,80,131
U+304F,100241706_00033_2,1889,1127,B0001,C0002,51,135
U+53EA,100241706_00033_2,1873,1296,B0001,C0003,93,127
U+697D,100241706_00033_2,1849,1456,B0001,C0004,136,169
U+3092,100241706_00033_2,1875,1643,B0001,C0005,92,120
U+306D,100241706_00033_2,1863,1785,B0001,C0006,115,153
U+304C,100241706_00033_2,1895,1940,B0001,C0007,76,85
U+3072,100241706_00033_2,1866,2027,B0001,C0008,97,112
U+5019,100241706_00033_2,1881,2174,B0001,C0009,77,89
U+3078,100241706_00033_2,1859,2264,B0001,C0010,113,79
U+3070,100241706_00033_2,1871,2344,B0001,C0011,95,91
U+516C,100241706_00033_2,1878,2478,B0001,C0012,85,117
U+3088,100241706_00033_2,1907,2598,B0001,C0013,40,89
U+308A,100241706_00033_2,1877,2692,B0001,C0014,69,129
U+7B87,100241706_00033_2,1874,2843,B0001,C0015,89,156
U+306E,100241706_00033_2,1879,3022,B0001,C0016,80,79
U+6240,100241706_00033_2,1866,3130,B0001,C0017,101,135
U+306B,100241706_00033_2,1894,3267,B0001,C0018,53,99
U+3064,100241706_00033_2,1873,3390,B0001,C0019,101,121
U+304B,100241706_00033_2,1901,3503,B0001,C0020,53,69
U+306F,100241706_00033_2,1620,995,B0001,C0021,105,76
U+3055,100241706_00033_2,1648,1072,B0001,C0022,67,127
U+308C,100241706_00033_2,1644,1200,B0001,C0023,84,144
U+3072,100241706_00033_2,1644,1379,B0001,C0024,119,141
U+307E,100241706_00033_2,1666,1524,B0001,C0025,53,139
U+306E,100241706_00033_2,1643,1677,B0001,C0026,84,95
U+4F59,100241706_00033_2,1620,1809,B0001,C0027,132,160
U+308A,100241706_00033_2,1672,1980,B0001,C0028,51,129
U+306B,100241706_00033_2,1659,2107,B0001,C0029,57,101
U+88FD,100241706_00033_2,1619,2235,B0001,C0030,121,177
U+3057,100241706_00033_2,1678,2416,B0001,C0031,28,208
U+53EA,100241706_00033_2,1642,2668,B0001,C0032,99,129
U+3005,100241706_00033_2,1678,2799,B0001,C0033,28,108
U+671D,100241706_00033_2,1627,2930,B0001,C0034,117,164
U+66AE,100241706_00033_2,1644,3096,B0001,C0035,77,160
U+697D,100241706_00033_2,1619,3283,B0001,C0036,121,181
U+3092,100241706_00033_2,1638,3466,B0001,C0037,100,120
U+9858,100241706_00033_2,1378,988,B0001,C0038,120,163
U+3075,100241706_00033_2,1382,1156,B0001,C0039,109,119
U+3088,100241706_00033_2,1428,1289,B0001,C0040,47,85
U+308A,100241706_00033_2,1412,1376,B0001,C0041,64,127
U+601D,100241706_00033_2,1403,1523,B0001,C0042,95,140
U+3072,100241706_00033_2,1395,1657,B0001,C0043,107,115
U+4ED8,100241706_00033_2,1408,1773,B0001,C0044,76,173
U+4E8B,100241706_00033_2,1415,1967,B0001,C0045,60,157
U+3086,100241706_00033_2,1392,2126,B0001,C0046,95,115
U+3078,100241706_00033_2,1380,2242,B0001,C0047,128,84
U+306B,100241706_00033_2,1390,2327,B0001,C0048,115,109
U+697D,100241706_00033_2,1138,989,B0001,C0049,137,164
U+9858,100241706_00033_2,1115,1209,B0001,C0050,149,140
U+3068,100241706_00033_2,1184,1359,B0001,C0051,61,119
U+7533,100241706_00033_2,1191,1505,B0001,C0052,47,136
U+306A,100241706_00033_2,1170,1637,B0001,C0053,91,144
U+308B,100241706_00033_2,1195,1783,B0001,C0054,33,96
U+3079,100241706_00033_2,1139,1880,B0001,C0055,128,73
U+3057,100241706_00033_2,1194,1975,B0001,C0056,28,324
U+25B2,100241706_00033_2,906,933,B0001,C0057,125,49
U+82B1,100241706_00033_2,904,1001,B0001,C0058,120,175
U+307C,100241706_00033_2,924,1223,B0001,C0059,123,147
U+3075,100241706_00033_2,911,1368,B0001,C0060,120,176
U+308B,100241706_00033_2,927,1555,B0001,C0061,103,133
U+3080,100241706_00033_2,682,975,B0001,C0062,115,120
U+304B,100241706_00033_2,708,1096,B0001,C0063,49,65
U+3057,100241706_00033_2,718,1184,B0001,C0064,29,184
U+767D,100241706_00033_2,690,1409,B0001,C0065,83,149
U+62CD,100241706_00033_2,667,1580,B0001,C0066,125,136
U+5B50,100241706_00033_2,696,1713,B0001,C0067,91,144
U+306B,100241706_00033_2,676,1873,B0001,C0068,105,92
U+540D,100241706_00033_2,686,1991,B0001,C0069,96,152
U+8B77,100241706_00033_2,675,2159,B0001,C0070,116,181
U+3084,100241706_00033_2,684,2339,B0001,C0071,100,136
U+82B1,100241706_00033_2,691,2507,B0001,C0072,105,157
U+307B,100241706_00033_2,695,2695,B0001,C0073,109,148
U+308B,100241706_00033_2,723,2844,B0001,C0074,41,81
U+3068,100241706_00033_2,714,2959,B0001,C0075,68,107
U+3044,100241706_00033_2,699,3096,B0001,C0076,93,65
U+3072,100241706_00033_2,690,3163,B0001,C0077,109,100
U+3057,100241706_00033_2,728,3264,B0001,C0078,27,107
U+3082,100241706_00033_2,716,3400,B0001,C0079,53,111
U+306E,100241706_00033_2,696,3512,B0001,C0080,85,80
U+3042,100241706_00033_2,451,975,B0001,C0081,97,117
U+308A,100241706_00033_2,455,1093,B0001,C0082,77,141
U+4F55,100241706_00033_2,429,1271,B0001,C0083,116,128
U+4E8B,100241706_00033_2,433,1401,B0001,C0084,120,177
U+3082,100241706_00033_2,463,1580,B0001,C0085,68,116
U+304D,100241706_00033_2,457,1719,B0001,C0086,79,145
U+3088,100241706_00033_2,471,1865,B0001,C0087,53,100
U+3075,100241706_00033_2,437,1967,B0001,C0088,112,120
U+306B,100241706_00033_2,444,2106,B0001,C0089,103,107
U+3066,100241706_00033_2,465,2216,B0001,C0090,52,163
U+821E,100241706_00033_2,461,2399,B0001,C0091,95,200
U+306E,100241706_00033_2,469,2622,B0001,C0092,81,89
U+624B,100241706_00033_2,473,2726,B0001,C0093,84,147
U+305D,100241706_00033_2,468,2900,B0001,C0094,71,104
U+306E,100241706_00033_2,461,3015,B0001,C0095,85,101
U+5916,100241706_00033_2,459,3119,B0001,C0096,96,125
U+6240,100241706_00033_2,455,3311,B0001,C0097,103,128
U+4F5C,100241706_00033_2,452,3448,B0001,C0098,115,132
U+4E8B,100241706_00033_2,211,981,B0001,C0099,73,181
U+306B,100241706_00033_2,211,1169,B0001,C0100,59,101
U+5999,100241706_00033_2,189,1293,B0001,C0101,123,168
U+3092,100241706_00033_2,201,1459,B0001,C0102,105,116
U+5F97,100241706_00033_2,208,1599,B0001,C0103,96,132
U+3066,100241706_00033_2,200,1732,B0001,C0104,99,131
U+5929,100241706_00033_2,208,1883,B0001,C0105,108,128
U+4E0B,100241706_00033_2,216,2012,B0001,C0106,71,131
U+304A,100241706_00033_2,189,2159,B0001,C0107,111,131
U+3057,100241706_00033_2,240,2283,B0001,C0108,29,129
U+306A,100241706_00033_2,177,2431,B0001,C0109,120,125
U+3079,100241706_00033_2,193,2552,B0001,C0110,111,72
U+3066,100241706_00033_2,201,2626,B0001,C0111,96,133
U+5F7C,100241706_00033_2,195,2783,B0001,C0112,125,137
U+3092,100241706_00033_2,217,2920,B0001,C0113,88,111
U+3072,100241706_00033_2,213,3070,B0001,C0114,108,131
U+3090,100241706_00033_2,211,3203,B0001,C0115,89,112
U+304D,100241706_00033_2,211,3332,B0001,C0116,76,123
U+305B,100241706_00033_2,192,3487,B0001,C0117,109,96
U+3057,100241706_00034_1,2063,991,B0001,C0001,24,135
U+3082,100241706_00034_1,2047,1136,B0001,C0002,61,121
U+306E,100241706_00034_1,2033,1264,B0001,C0003,87,91
U+304A,100241706_00034_1,2023,1372,B0001,C0004,120,109
U+307B,100241706_00034_1,2022,1485,B0001,C0005,108,87
U+304F,100241706_00034_1,2045,1571,B0001,C0006,55,120
U+306A,100241706_00034_1,2045,1701,B0001,C0007,68,141
U+308A,100241706_00034_1,2033,1844,B0001,C0008,71,123
U+3051,100241706_00034_1,2027,1983,B0001,C0009,96,108
U+308C,100241706_00034_1,2029,2092,B0001,C0010,76,147
U+3070,100241706_00034_1,2010,2243,B0001,C0011,109,72
U+6D74,100241706_00034_1,2005,2356,B0001,C0012,137,144
U+8863,100241706_00034_1,2021,2501,B0001,C0013,103,127
U+306E,100241706_00034_1,2033,2645,B0001,C0014,85,92
U+3082,100241706_00034_1,2045,2749,B0001,C0015,61,139
U+3084,100241706_00034_1,2018,2889,B0001,C0016,96,87
U+3046,100241706_00034_1,2029,2977,B0001,C0017,69,129
U+6247,100241706_00034_1,2003,3112,B0001,C0018,140,165
U+305D,100241706_00034_1,2037,3297,B0001,C0019,80,99
U+306E,100241706_00034_1,2034,3397,B0001,C0020,81,76
U+5916,100241706_00034_1,2041,3480,B0001,C0021,92,141
U+4F55,100241706_00034_1,1764,991,B0001,C0022,112,147
U+3078,100241706_00034_1,1770,1139,B0001,C0023,115,92
U+308C,100241706_00034_1,1777,1240,B0001,C0024,100,152
U+5F7C,100241706_00034_1,1755,1419,B0001,C0025,141,147
U+304C,100241706_00034_1,1795,1576,B0001,C0026,81,80
U+5B9A,100241706_00034_1,1777,1685,B0001,C0027,108,155
U+7D0B,100241706_00034_1,1759,1861,B0001,C0028,136,152
U+3092,100241706_00034_1,1773,2025,B0001,C0029,95,116
U+4F5C,100241706_00034_1,1762,2160,B0001,C0030,121,137
U+308A,100241706_00034_1,1798,2299,B0001,C0031,56,123
U+51FA,100241706_00034_1,1775,2455,B0001,C0032,125,91
U+3057,100241706_00034_1,1814,2567,B0001,C0033,33,141
U+67D3,100241706_00034_1,1768,2731,B0001,C0034,120,160
U+51FA,100241706_00034_1,1771,2892,B0001,C0035,111,113
U+3057,100241706_00034_1,1799,3015,B0001,C0036,41,207
U+5929,100241706_00034_1,1771,3233,B0001,C0037,112,137
U+4E0B,100241706_00034_1,1795,3369,B0001,C0038,71,116
U+306E,100241706_00034_1,1771,3491,B0001,C0039,127,123
U+6D41,100241706_00034_1,1522,993,B0001,C0040,139,149
U+884C,100241706_00034_1,1516,1155,B0001,C0041,116,160
U+3082,100241706_00034_1,1563,1319,B0001,C0042,55,123
U+306E,100241706_00034_1,1534,1444,B0001,C0043,91,95
U+3068,100241706_00034_1,1558,1547,B0001,C0044,52,116
U+306F,100241706_00034_1,1539,1664,B0001,C0045,89,91
U+306A,100241706_00034_1,1547,1767,B0001,C0046,96,113
U+308A,100241706_00034_1,1558,1881,B0001,C0047,63,125
U+3051,100241706_00034_1,1548,2028,B0001,C0048,95,105
U+3089,100241706_00034_1,1570,2132,B0001,C0049,39,120
U+3057,100241706_00034_1,1551,2160,B0001,C0050,85,179
U+305D,100241706_00034_1,1552,2371,B0001,C0051,80,100
U+306E,100241706_00034_1,1552,2472,B0001,C0052,83,108
U+7D0B,100241706_00034_1,1530,2597,B0001,C0053,127,143
U+6240,100241706_00034_1,1544,2741,B0001,C0054,112,125
U+304B,100241706_00034_1,1267,1205,B0001,C0055,139,92
U+304F,100241706_00034_1,1324,1268,B0001,C0056,44,119
U+306E,100241706_00034_1,1306,1397,B0001,C0057,76,83
U+3054,100241706_00034_1,1299,1500,B0001,C0058,109,119
U+3068,100241706_00034_1,1316,1617,B0001,C0059,57,112
U+304D,100241706_00034_1,1295,1748,B0001,C0060,103,115
U+7D0B,100241706_00034_1,1286,1888,B0001,C0061,125,140
U+306A,100241706_00034_1,1312,2028,B0001,C0062,68,140
U+308A,100241706_00034_1,1306,2181,B0001,C0063,64,127
U+4E16,100241706_00034_1,1268,2327,B0001,C0064,135,111
U+3046,100241706_00034_1,1310,2445,B0001,C0065,61,132
U+3064,100241706_00034_1,1294,2563,B0001,C0066,111,137
U+308A,100241706_00034_1,1322,2703,B0001,C0067,52,127
U+304B,100241706_00034_1,1282,2843,B0001,C0068,123,89
U+308F,100241706_00034_1,1315,2939,B0001,C0069,48,129
U+308A,100241706_00034_1,1307,3069,B0001,C0070,65,123
U+3066,100241706_00034_1,1302,3189,B0001,C0071,89,108
U+5E72,100241706_00034_1,1303,3327,B0001,C0072,85,115
U+83D3,100241706_00034_1,1278,3441,B0001,C0073,111,179
U+5B50,100241706_00034_1,1052,1004,B0001,C0074,87,131
U+306B,100241706_00034_1,1060,1136,B0001,C0075,61,125
U+306E,100241706_00034_1,1039,1292,B0001,C0076,92,120
U+307F,100241706_00034_1,1063,1413,B0001,C0077,64,104
U+3053,100241706_00034_1,1055,1532,B0001,C0078,87,120
U+306E,100241706_00034_1,1048,1656,B0001,C0079,80,99
U+7D0B,100241706_00034_1,1042,1781,B0001,C0080,109,141
U+6240,100241706_00034_1,1040,1929,B0001,C0081,111,132
U+4ECA,100241706_00034_1,1046,2080,B0001,C0082,115,177
U+306B,100241706_00034_1,1055,2255,B0001,C0083,69,91
U+6B8B,100241706_00034_1,1031,2385,B0001,C0084,135,141
U+308C,100241706_00034_1,1051,2516,B0001,C0085,99,133
U+308A,100241706_00034_1,1038,2649,B0001,C0086,89,143
U+304B,100241706_00034_1,1036,2797,B0001,C0087,131,92
U+307B,100241706_00034_1,1055,2896,B0001,C0088,104,133
U+308B,100241706_00034_1,1092,3032,B0001,C0089,36,100
U+306E,100241706_00034_1,1060,3157,B0001,C0090,88,92
U+6587,100241706_00034_1,1043,3252,B0001,C0091,111,119
U+5B57,100241706_00034_1,1066,3373,B0001,C0092,85,125
U+3092,100241706_00034_1,1054,3508,B0001,C0093,123,119
U+82B1,100241706_00034_1,802,1001,B0001,C0094,117,183
U+3068,100241706_00034_1,830,1193,B0001,C0095,76,117
U+3088,100241706_00034_1,832,1327,B0001,C0096,63,131
U+307F,100241706_00034_1,803,1459,B0001,C0097,123,153
U+304B,100241706_00034_1,803,1613,B0001,C0098,117,129
U+3078,100241706_00034_1,794,1744,B0001,C0099,141,72
U+3066,100241706_00034_1,818,1817,B0001,C0100,63,199
U+82B1,100241706_00034_1,549,1009,B0001,C0101,119,197
U+307C,100241706_00034_1,560,1229,B0001,C0102,128,172
U+308B,100241706_00034_1,591,1403,B0001,C0103,39,105
U+306A,100241706_00034_1,561,1544,B0001,C0104,89,205
U+308B,100241706_00034_1,585,1755,B0001,C0105,47,108
U+3079,100241706_00034_1,547,1869,B0001,C0106,135,84
U+3057,100241706_00034_1,592,1955,B0001,C0107,36,493
U+25B2,100241706_00034_1,300,953,B0001,C0108,125,55
U+305B,100241706_00034_1,293,1023,B0001,C0109,109,123
U+3093,100241706_00034_1,303,1183,B0001,C0110,179,153
U+3079,100241706_00034_1,304,1368,B0001,C0111,128,192
U+3044,100241706_00034_1,325,1572,B0001,C0112,139,109
U+5929,100241706_00034_2,1838,977,B0001,C0001,148,117
U+6B63,100241706_00034_2,1846,1143,B0001,C0002,127,97
U+5E74,100241706_00034_2,1848,1267,B0001,C0003,111,205
U+4E2D,100241706_00034_2,1853,1501,B0001,C0004,95,148
U+306E,100241706_00034_2,1861,1677,B0001,C0005,88,88
U+3053,100241706_00034_2,1862,1781,B0001,C0006,83,139
U+308D,100241706_00034_2,1857,1921,B0001,C0007,96,169
U+583A,100241706_00034_2,1842,2135,B0001,C0008,149,140
U+306B,100241706_00034_2,1869,2276,B0001,C0009,72,117
U+7D0D,100241706_00034_2,1849,2419,B0001,C0010,113,136
U+5C4B,100241706_00034_2,1838,2573,B0001,C0011,131,143
U+306E,100241706_00034_2,1870,2747,B0001,C0012,85,73
U+4E0E,100241706_00034_2,1853,2843,B0001,C0013,119,111
U+56DB,100241706_00034_2,1858,2975,B0001,C0014,101,76
U+90CE,100241706_00034_2,1864,3064,B0001,C0015,109,156
U+3068,100241706_00034_2,1886,3243,B0001,C0016,69,112
U+3044,100241706_00034_2,1877,3393,B0001,C0017,76,99
U+3075,100241706_00034_2,1860,3493,B0001,C0018,100,89
U+4EBA,100241706_00034_2,1605,973,B0001,C0019,137,116
U+3042,100241706_00034_2,1633,1128,B0001,C0020,89,117
U+308A,100241706_00034_2,1632,1247,B0001,C0021,81,143
U+8336,100241706_00034_2,1617,1425,B0001,C0022,124,176
U+306E,100241706_00034_2,1640,1644,B0001,C0023,83,96
U+6E6F,100241706_00034_2,1628,1781,B0001,C0024,105,161
U+306B,100241706_00034_2,1648,1944,B0001,C0025,60,105
U+540D,100241706_00034_2,1621,2071,B0001,C0026,100,156
U+3092,100241706_00034_2,1629,2228,B0001,C0027,104,136
U+5F97,100241706_00034_2,1628,2393,B0001,C0028,105,131
U+3066,100241706_00034_2,1640,2525,B0001,C0029,100,120
U+3084,100241706_00034_2,1633,2675,B0001,C0030,107,92
U+3054,100241706_00034_2,1649,2768,B0001,C0031,95,124
U+3068,100241706_00034_2,1653,2892,B0001,C0032,73,109
U+306A,100241706_00034_2,1648,3033,B0001,C0033,76,139
U+304D,100241706_00034_2,1644,3177,B0001,C0034,76,139
U+5FA1,100241706_00034_2,1644,3356,B0001,C0035,85,87
U+65B9,100241706_00034_2,1621,3444,B0001,C0036,103,152
U+307E,100241706_00034_2,1396,973,B0001,C0037,55,129
U+3067,100241706_00034_2,1380,1104,B0001,C0038,96,111
U+53EC,100241706_00034_2,1397,1240,B0001,C0039,80,129
U+3088,100241706_00034_2,1418,1371,B0001,C0040,37,104
U+305B,100241706_00034_2,1378,1485,B0001,C0041,99,128
U+3089,100241706_00034_2,1408,1616,B0001,C0042,45,140
U+308C,100241706_00034_2,1397,1760,B0001,C0043,88,145
U+8336,100241706_00034_2,1380,1935,B0001,C0044,103,175
U+306E,100241706_00034_2,1398,2133,B0001,C0045,79,76
U+6E6F,100241706_00034_2,1390,2251,B0001,C0046,99,167
U+65E5,100241706_00034_2,1410,2437,B0001,C0047,59,103
U+3005,100241706_00034_2,1426,2560,B0001,C0048,27,89
U+3042,100241706_00034_2,1400,2677,B0001,C0049,96,111
U+308A,100241706_00034_2,1420,2792,B0001,C0050,59,115
U+3051,100241706_00034_2,1396,2907,B0001,C0051,92,112
U+308B,100241706_00034_2,1436,3025,B0001,C0052,27,72
U+3053,100241706_00034_2,1406,3120,B0001,C0053,81,111
U+306E,100241706_00034_2,1400,3229,B0001,C0054,88,91
U+696D,100241706_00034_2,1374,3316,B0001,C0055,131,148
U+306B,100241706_00034_2,1404,3487,B0001,C0056,113,85
U+3088,100241706_00034_2,1173,971,B0001,C0057,53,124
U+3063,100241706_00034_2,1141,1096,B0001,C0058,97,115
U+3066,100241706_00034_2,1163,1212,B0001,C0059,53,157
U+5343,100241706_00034_2,1141,1388,B0001,C0060,104,149
U+4E4B,100241706_00034_2,1145,1552,B0001,C0061,119,108
U+5229,100241706_00034_2,1129,1692,B0001,C0062,115,135
U+4E45,100241706_00034_2,1144,1841,B0001,C0063,123,120
U+3068,100241706_00034_2,1173,1971,B0001,C0064,59,107
U+3057,100241706_00034_2,1153,2112,B0001,C0065,93,105
U+3083,100241706_00034_2,1151,2219,B0001,C0066,99,101
U+3046,100241706_00034_2,1156,2321,B0001,C0067,73,133
U+3058,100241706_00034_2,1186,2459,B0001,C0068,55,185
U+3051,100241706_00034_2,1165,2673,B0001,C0069,105,144
U+308B,100241706_00034_2,1186,2819,B0001,C0070,41,81
U+9580,100241706_00034_2,1157,2907,B0001,C0071,101,117
U+4EBA,100241706_00034_2,1136,3024,B0001,C0072,147,103
U+6570,100241706_00034_2,1144,3108,B0001,C0073,113,133
U+591A,100241706_00034_2,1148,3233,B0001,C0074,93,139
U+3042,100241706_00034_2,1169,3369,B0001,C0075,83,93
U+308A,100241706_00034_2,1140,3465,B0001,C0076,99,125
U+305D,100241706_00034_2,923,975,B0001,C0077,77,108
U+306E,100241706_00034_2,912,1084,B0001,C0078,95,109
U+4E2D,100241706_00034_2,912,1216,B0001,C0079,93,135
U+306B,100241706_00034_2,920,1345,B0001,C0080,67,135
U+5E78,100241706_00034_2,893,1501,B0001,C0081,132,193
U+5175,100241706_00034_2,901,1712,B0001,C0082,108,121
U+885B,100241706_00034_2,917,1835,B0001,C0083,105,149
U+3068,100241706_00034_2,933,2005,B0001,C0084,67,107
U+3044,100241706_00034_2,923,2148,B0001,C0085,88,79
U+3075,100241706_00034_2,904,2228,B0001,C0086,105,103
U+4EBA,100241706_00034_2,891,2345,B0001,C0087,148,104
U+3053,100241706_00034_2,937,2467,B0001,C0088,68,81
U+308C,100241706_00034_2,913,2548,B0001,C0089,103,139
U+3082,100241706_00034_2,937,2693,B0001,C0090,64,108
U+8336,100241706_00034_2,907,2831,B0001,C0091,108,159
U+306E,100241706_00034_2,925,3015,B0001,C0092,80,89
U+9053,100241706_00034_2,919,3101,B0001,C0093,95,124
U+3092,100241706_00034_2,907,3231,B0001,C0094,123,109
U+3088,100241706_00034_2,939,3335,B0001,C0095,63,76
U+304F,100241706_00034_2,951,3405,B0001,C0096,51,107
U+3057,100241706_00034_2,921,3416,B0001,C0097,127,160
U+6B8A,100241706_00034_2,663,979,B0001,C0098,119,155
U+306B,100241706_00034_2,683,1135,B0001,C0099,65,127
U+3055,100241706_00034_2,693,1280,B0001,C0100,60,101
U+307E,100241706_00034_2,683,1389,B0001,C0101,80,103
U+3032,100241706_00034_2,692,1452,B0001,C0102,101,239
U+306E,100241706_00034_2,689,1709,B0001,C0103,83,96
U+4E8B,100241706_00034_2,700,1809,B0001,C0104,63,167
U+306B,100241706_00034_2,679,1977,B0001,C0105,101,103
U+624D,100241706_00034_2,679,2093,B0001,C0106,89,137
U+80FD,100241706_00034_2,668,2236,B0001,C0107,129,144
U+3042,100241706_00034_2,695,2399,B0001,C0108,85,121
U+3063,100241706_00034_2,672,2527,B0001,C0109,111,112
U+3066,100241706_00034_2,701,2643,B0001,C0110,51,149
U+83D3,100241706_00034_2,676,2808,B0001,C0111,103,167
U+5B50,100241706_00034_2,700,2976,B0001,C0112,71,97
U+306A,100241706_00034_2,689,3103,B0001,C0113,92,111
U+3093,100241706_00034_2,684,3191,B0001,C0114,121,104
U+3069,100241706_00034_2,701,3301,B0001,C0115,76,97
U+80FD,100241706_00034_2,680,3439,B0001,C0116,117,131
U+88FD,100241706_00034_2,417,977,B0001,C0117,121,167
U+3057,100241706_00034_2,468,1157,B0001,C0118,32,191
U+3051,100241706_00034_2,449,1365,B0001,C0119,87,123
U+308A,100241706_00034_2,457,1492,B0001,C0120,69,133
U+305D,100241706_00034_2,460,1655,B0001,C0121,75,109
U+306E,100241706_00034_2,448,1765,B0001,C0122,88,107
U+9803,100241706_00034_2,443,1899,B0001,C0123,101,136
U+306F,100241706_00034_2,447,2036,B0001,C0124,84,76
U+5927,100241706_00034_2,451,2133,B0001,C0125,97,128
U+3072,100241706_00034_2,447,2281,B0001,C0126,104,109
U+306B,100241706_00034_2,463,2395,B0001,C0127,65,104
U+5929,100241706_00034_2,452,2532,B0001,C0128,111,129
U+4E0B,100241706_00034_2,473,2651,B0001,C0129,67,128
U+4E71,100241706_00034_2,444,2799,B0001,C0130,121,131
U+308C,100241706_00034_2,461,2920,B0001,C0131,83,139
U+83D3,100241706_00034_2,451,3093,B0001,C0132,93,184
U+5B50,100241706_00034_2,469,3289,B0001,C0133,71,113
U+5C4B,100241706_00034_2,437,3443,B0001,C0134,131,136
U+306A,100241706_00034_2,195,976,B0001,C0135,79,133
U+3069,100241706_00034_2,208,1111,B0001,C0136,83,123
U+309D,100241706_00034_2,237,1245,B0001,C0137,23,45
U+3044,100241706_00034_2,191,1312,B0001,C0138,88,97
U+3075,100241706_00034_2,179,1412,B0001,C0139,101,93
U+3082,100241706_00034_2,203,1507,B0001,C0140,63,109
U+306A,100241706_00034_2,208,1640,B0001,C0141,68,129
U+304F,100241706_00034_2,213,1771,B0001,C0142,48,141
U+53E3,100241706_00034_2,211,1931,B0001,C0143,76,95
U+53D6,100241706_00034_2,192,2051,B0001,C0144,103,124
U+305D,100241706_00034_2,215,2200,B0001,C0145,79,117
U+306E,100241706_00034_2,208,2319,B0001,C0146,76,124
U+5916,100241706_00034_2,211,2444,B0001,C0147,85,151
U+306B,100241706_00034_2,191,2603,B0001,C0148,107,101
U+3082,100241706_00034_2,205,2717,B0001,C0149,68,103
U+4E8B,100241706_00034_2,208,2840,B0001,C0150,79,139
U+3092,100241706_00034_2,197,2980,B0001,C0151,105,97
U+304B,100241706_00034_2,191,3080,B0001,C0152,108,84
U+304D,100241706_00034_2,208,3164,B0001,C0153,71,111
U+3051,100241706_00034_2,207,3283,B0001,C0154,89,97
U+308B,100241706_00034_2,225,3360,B0001,C0155,45,95
U+306B,100241706_00034_2,189,3459,B0001,C0156,116,115
U+6B64,100241706_00035_1,1985,989,B0001,C0001,120,96
U+4EBA,100241706_00035_1,1983,1116,B0001,C0002,133,104
U+5C0F,100241706_00035_1,1992,1243,B0001,C0003,116,87
U+9EA6,100241706_00035_1,2003,1352,B0001,C0004,95,184
U+306B,100241706_00035_1,2004,1545,B0001,C0005,72,115
U+7802,100241706_00035_1,1973,1703,B0001,C0006,125,127
U+7CD6,100241706_00035_1,1981,1844,B0001,C0007,125,176
U+3092,100241706_00035_1,1999,2021,B0001,C0008,99,141
U+3042,100241706_00035_1,2008,2176,B0001,C0009,88,116
U+308F,100241706_00035_1,2016,2293,B0001,C0010,48,135
U+305B,100241706_00035_1,1983,2432,B0001,C0011,95,111
U+713C,100241706_00035_1,1972,2572,B0001,C0012,132,153
U+51FA,100241706_00035_1,2003,2752,B0001,C0013,105,83
U+3057,100241706_00035_1,2031,2852,B0001,C0014,31,144
U+7A0B,100241706_00035_1,1979,3006,B0001,C0015,117,153
U+3088,100241706_00035_1,2027,3156,B0001,C0016,47,77
U+304F,100241706_00035_1,2020,3232,B0001,C0017,51,105
U+3055,100241706_00035_1,2005,3370,B0001,C0018,75,105
U+307E,100241706_00035_1,2008,3492,B0001,C0019,72,112
U+3057,100241706_00035_1,1784,989,B0001,C0020,29,137
U+3082,100241706_00035_1,1772,1144,B0001,C0021,63,131
U+3061,100241706_00035_1,1767,1276,B0001,C0022,80,147
U+3072,100241706_00035_1,1755,1424,B0001,C0023,104,108
U+3051,100241706_00035_1,1763,1560,B0001,C0024,96,153
U+308A,100241706_00035_1,1768,1712,B0001,C0025,71,136
U+3088,100241706_00035_1,1775,1864,B0001,C0026,53,116
U+3063,100241706_00035_1,1743,1980,B0001,C0027,103,103
U+3066,100241706_00035_1,1761,2085,B0001,C0028,57,137
U+8CB4,100241706_00035_1,1735,2241,B0001,C0029,108,180
U+4EBA,100241706_00035_1,1724,2449,B0001,C0030,152,107
U+306E,100241706_00035_1,1753,2556,B0001,C0031,80,91
U+3082,100241706_00035_1,1765,2654,B0001,C0032,59,132
U+3066,100241706_00035_1,1753,2764,B0001,C0033,83,88
U+3042,100241706_00035_1,1757,2878,B0001,C0034,92,111
U+305D,100241706_00035_1,1760,2990,B0001,C0035,68,112
U+3073,100241706_00035_1,1745,3114,B0001,C0036,108,107
U+3068,100241706_00035_1,1769,3233,B0001,C0037,67,117
U+306A,100241706_00035_1,1752,3361,B0001,C0038,79,120
U+308A,100241706_00035_1,1773,3481,B0001,C0039,53,121
U+3053,100241706_00035_1,1524,992,B0001,C0040,77,113
U+306E,100241706_00035_1,1511,1115,B0001,C0041,91,99
U+8005,100241706_00035_1,1505,1231,B0001,C0042,107,143
U+3078,100241706_00035_1,1509,1375,B0001,C0043,117,57
U+3082,100241706_00035_1,1527,1437,B0001,C0044,72,104
U+5343,100241706_00035_1,1488,1568,B0001,C0045,117,143
U+4E4B,100241706_00035_1,1503,1727,B0001,C0046,129,108
U+5229,100241706_00035_1,1499,1855,B0001,C0047,113,128
U+4E45,100241706_00035_1,1505,2001,B0001,C0048,124,121
U+306B,100241706_00035_1,1528,2140,B0001,C0049,72,112
U+7533,100241706_00035_1,1535,2282,B0001,C0050,56,119
U+3064,100241706_00035_1,1508,2424,B0001,C0051,97,92
U+3051,100241706_00035_1,1521,2517,B0001,C0052,88,131
U+5343,100241706_00035_1,1495,2669,B0001,C0053,103,131
U+306E,100241706_00035_1,1517,2820,B0001,C0054,81,84
U+4E00,100241706_00035_1,1485,2932,B0001,C0055,128,25
U+5B57,100241706_00035_1,1523,2969,B0001,C0056,83,135
U+3092,100241706_00035_1,1511,3114,B0001,C0057,107,79
U+3086,100241706_00035_1,1519,3224,B0001,C0058,89,95
U+308B,100241706_00035_1,1543,3322,B0001,C0059,41,92
U+3057,100241706_00035_1,1553,3413,B0001,C0060,25,215
U+5247,100241706_00035_1,1240,991,B0001,C0061,120,147
U+83D3,100241706_00035_1,1253,1156,B0001,C0062,115,188
U+5B50,100241706_00035_1,1280,1361,B0001,C0063,97,121
U+306E,100241706_00035_1,1277,1519,B0001,C0064,84,97
U+540D,100241706_00035_1,1264,1625,B0001,C0065,93,136
U+3082,100241706_00035_1,1284,1783,B0001,C0066,63,112
U+5343,100241706_00035_1,1251,1919,B0001,C0067,108,129
U+306E,100241706_00035_1,1279,2080,B0001,C0068,75,91
U+5E78,100241706_00035_1,1252,2192,B0001,C0069,123,172
U+3079,100241706_00035_1,1264,2392,B0001,C0070,115,143
U+3044,100241706_00035_1,1265,2538,B0001,C0071,92,84
U+3031,100241706_00035_1,1283,2637,B0001,C0072,67,259
U+3068,100241706_00035_1,1287,2888,B0001,C0073,69,113
U+8B02,100241706_00035_1,1259,3033,B0001,C0074,108,168
U+306A,100241706_00035_1,1275,3204,B0001,C0075,92,93
U+3089,100241706_00035_1,1285,3304,B0001,C0076,47,96
U+306F,100241706_00035_1,1263,3401,B0001,C0077,93,64
U+3057,100241706_00035_1,1304,3468,B0001,C0078,20,156
U+3051,100241706_00035_1,1017,1001,B0001,C0079,109,132
U+308B,100241706_00035_1,1048,1135,B0001,C0080,43,97
U+3044,100241706_00035_1,1023,1247,B0001,C0081,95,109
U+3064,100241706_00035_1,1012,1359,B0001,C0082,112,137
U+3057,100241706_00035_1,1067,1516,B0001,C0083,17,147
U+304B,100241706_00035_1,1049,1696,B0001,C0084,47,56
U+5E78,100241706_00035_1,1000,1776,B0001,C0085,124,169
U+306E,100241706_00035_1,1024,1964,B0001,C0086,84,87
U+5B57,100241706_00035_1,1024,2066,B0001,C0087,83,160
U+3092,100241706_00035_1,1023,2229,B0001,C0088,96,119
U+306F,100241706_00035_1,1031,2368,B0001,C0089,76,120
U+3076,100241706_00035_1,1007,2489,B0001,C0090,108,109
U+304D,100241706_00035_1,1033,2616,B0001,C0091,69,119
U+3066,100241706_00035_1,1016,2741,B0001,C0092,117,112
U+305B,100241706_00035_1,763,987,B0001,C0093,120,120
U+3093,100241706_00035_1,772,1136,B0001,C0094,137,124
U+3079,100241706_00035_1,781,1288,B0001,C0095,116,175
U+3044,100241706_00035_1,777,1487,B0001,C0096,127,77
U+3031,100241706_00035_1,803,1561,B0001,C0097,84,289
U+3068,100241706_00035_1,799,1861,B0001,C0098,77,115
U+3044,100241706_00035_1,789,2008,B0001,C0099,91,89
U+3075,100241706_00035_1,773,2098,B0001,C0100,105,116
U+306A,100241706_00035_1,781,2228,B0001,C0101,108,132
U+308B,100241706_00035_1,807,2362,B0001,C0102,40,87
U+3079,100241706_00035_1,763,2462,B0001,C0103,132,73
U+3057,100241706_00035_1,813,2565,B0001,C0104,32,307
U+6B64,100241706_00035_1,525,1000,B0001,C0105,120,116
U+307B,100241706_00035_1,539,1161,B0001,C0106,107,112
U+3069,100241706_00035_1,549,1308,B0001,C0107,95,117
U+306F,100241706_00035_1,551,1427,B0001,C0108,63,167
U+6614,100241706_00035_1,532,1620,B0001,C0109,105,147
U+306B,100241706_00035_1,539,1784,B0001,C0110,75,119
U+304B,100241706_00035_1,517,1927,B0001,C0111,121,108
U+3078,100241706_00035_1,519,2044,B0001,C0112,117,63
U+308A,100241706_00035_1,545,2117,B0001,C0113,79,129
U+9999,100241706_00035_1,513,2276,B0001,C0114,133,171
U+3079,100241706_00035_1,528,2445,B0001,C0115,113,172
U+3044,100241706_00035_1,529,2618,B0001,C0116,91,88
U+3068,100241706_00035_1,547,2717,B0001,C0117,76,104
U+53E3,100241706_00035_1,540,2854,B0001,C0118,83,68
U+53D6,100241706_00035_1,515,2950,B0001,C0119,119,124
U+3082,100241706_00035_1,540,3074,B0001,C0120,69,96
U+307E,100241706_00035_1,541,3202,B0001,C0121,59,123
U+305F,100241706_00035_1,528,3336,B0001,C0122,71,100
U+3031,100241706_00035_1,537,3421,B0001,C0123,80,208
U+51FA,100241706_00035_1,293,1000,B0001,C0124,112,103
U+6765,100241706_00035_1,288,1104,B0001,C0125,104,176
U+305F,100241706_00035_1,293,1308,B0001,C0126,80,97
U+308A,100241706_00035_1,316,1407,B0001,C0127,55,175
U+25B2,100241706_00035_2,1862,911,B0001,C0001,111,48
U+3042,100241706_00035_2,1874,995,B0001,C0002,96,135
U+308B,100241706_00035_2,1899,1131,B0001,C0003,44,107
U+3078,100241706_00035_2,1864,1240,B0001,C0004,99,175
U+3044,100241706_00035_2,1858,1416,B0001,C0005,124,91
U+7CD6,100241706_00035_2,1846,1528,B0001,C0006,137,153
U+4ECA,100241706_00035_2,1624,952,B0001,C0007,129,157
U+306F,100241706_00035_2,1630,1126,B0001,C0008,87,65
U+3080,100241706_00035_2,1634,1199,B0001,C0009,108,128
U+304B,100241706_00035_2,1619,1328,B0001,C0010,109,100
U+3057,100241706_00035_2,1671,1407,B0001,C0011,27,133
U+306E,100241706_00035_2,1639,1548,B0001,C0012,85,108
U+4E8B,100241706_00035_2,1644,1658,B0001,C0013,80,161
U+306A,100241706_00035_2,1646,1815,B0001,C0014,89,111
U+308A,100241706_00035_2,1648,1927,B0001,C0015,72,113
U+3051,100241706_00035_2,1643,2054,B0001,C0016,89,96
U+308B,100241706_00035_2,1656,2131,B0001,C0017,51,83
U+4E8C,100241706_00035_2,1628,2251,B0001,C0018,109,64
U+8272,100241706_00035_2,1642,2332,B0001,C0019,105,139
U+5CF6,100241706_00035_2,1642,2479,B0001,C0020,88,181
U+6709,100241706_00035_2,1619,2684,B0001,C0021,127,135
U+5E73,100241706_00035_2,1607,2831,B0001,C0022,127,128
U+3068,100241706_00035_2,1654,2981,B0001,C0023,71,105
U+3044,100241706_00035_2,1640,3113,B0001,C0024,85,77
U+3075,100241706_00035_2,1616,3194,B0001,C0025,120,95
U+529B,100241706_00035_2,1636,3310,B0001,C0026,77,112
U+58EB,100241706_00035_2,1606,3446,B0001,C0027,127,100
U+3042,100241706_00035_2,1398,952,B0001,C0028,101,104
U+308A,100241706_00035_2,1410,1058,B0001,C0029,68,148
U+89D2,100241706_00035_2,1403,1227,B0001,C0030,81,187
U+529B,100241706_00035_2,1383,1426,B0001,C0031,96,128
U+306E,100241706_00035_2,1403,1560,B0001,C0032,80,99
U+624B,100241706_00035_2,1403,1683,B0001,C0033,79,160
U+77E5,100241706_00035_2,1384,1855,B0001,C0034,115,120
U+308A,100241706_00035_2,1380,1974,B0001,C0035,100,152
U+306B,100241706_00035_2,1391,2128,B0001,C0036,99,108
U+3066,100241706_00035_2,1390,2240,B0001,C0037,109,105
U+53E4,100241706_00035_2,1404,2382,B0001,C0038,87,108
U+4ECA,100241706_00035_2,1387,2500,B0001,C0039,127,152
U+5F37,100241706_00035_2,1392,2667,B0001,C0040,107,144
U+304F,100241706_00035_2,1411,2812,B0001,C0041,47,155
U+5927,100241706_00035_2,1394,2994,B0001,C0042,116,109
U+95A2,100241706_00035_2,1391,3107,B0001,C0043,107,117
U+306B,100241706_00035_2,1404,3222,B0001,C0044,68,89
U+3059,100241706_00035_2,1383,3322,B0001,C0045,109,113
U+309D,100241706_00035_2,1446,3437,B0001,C0046,32,41
U+307F,100241706_00035_2,1424,3466,B0001,C0047,51,85
U+5176,100241706_00035_2,1175,956,B0001,C0048,64,117
U+4E0A,100241706_00035_2,1163,1106,B0001,C0049,88,140
U+6A2A,100241706_00035_2,1145,1282,B0001,C0050,113,160
U+7DB1,100241706_00035_2,1153,1458,B0001,C0051,111,137
U+514D,100241706_00035_2,1148,1604,B0001,C0052,128,153
U+8A31,100241706_00035_2,1151,1778,B0001,C0053,113,175
U+306E,100241706_00035_2,1170,1964,B0001,C0054,80,87
U+5927,100241706_00035_2,1161,2082,B0001,C0055,104,132
U+529B,100241706_00035_2,1164,2220,B0001,C0056,85,125
U+306A,100241706_00035_2,1179,2356,B0001,C0057,64,128
U+308A,100241706_00035_2,1157,2486,B0001,C0058,77,144
U+53F3,100241706_00035_2,1143,2648,B0001,C0059,117,113
U+3082,100241706_00035_2,1170,2768,B0001,C0060,73,108
U+76EE,100241706_00035_2,1168,2900,B0001,C0061,75,131
U+51FA,100241706_00035_2,1170,3050,B0001,C0062,100,84
U+305F,100241706_00035_2,1172,3165,B0001,C0063,71,93
U+304F,100241706_00035_2,1178,3259,B0001,C0064,55,125
U+52DD,100241706_00035_2,1157,3431,B0001,C0065,121,137
U+901A,100241706_00035_2,904,957,B0001,C0066,144,159
U+3057,100241706_00035_2,965,1135,B0001,C0067,25,151
U+96A0,100241706_00035_2,915,1312,B0001,C0068,116,153
U+5C45,100241706_00035_2,903,1471,B0001,C0069,112,144
U+3057,100241706_00035_2,956,1626,B0001,C0070,32,165
U+3066,100241706_00035_2,925,1800,B0001,C0071,97,112
U+5E74,100241706_00035_2,913,1923,B0001,C0072,105,191
U+5BC4,100241706_00035_2,904,2135,B0001,C0073,119,181
U+304B,100241706_00035_2,908,2331,B0001,C0074,116,132
U+3076,100241706_00035_2,908,2464,B0001,C0075,115,109
U+306B,100241706_00035_2,925,2590,B0001,C0076,79,108
U+306A,100241706_00035_2,925,2714,B0001,C0077,88,117
U+308A,100241706_00035_2,920,2834,B0001,C0078,79,140
U+3051,100241706_00035_2,929,2990,B0001,C0079,95,112
U+308B,100241706_00035_2,957,3079,B0001,C0080,36,79
U+304C,100241706_00035_2,945,3159,B0001,C0081,72,84
U+5143,100241706_00035_2,917,3254,B0001,C0082,113,136
U+6765,100241706_00035_2,909,3401,B0001,C0083,111,152
U+9152,100241706_00035_2,680,959,B0001,C0084,112,145
U+3092,100241706_00035_2,692,1120,B0001,C0085,104,133
U+3053,100241706_00035_2,688,1260,B0001,C0086,92,132
U+306E,100241706_00035_2,699,1398,B0001,C0087,83,108
U+307E,100241706_00035_2,707,1506,B0001,C0088,57,125
U+305A,100241706_00035_2,683,1632,B0001,C0089,115,120
U+3042,100241706_00035_2,699,1771,B0001,C0090,91,109
U+307E,100241706_00035_2,707,1884,B0001,C0091,55,136
U+304D,100241706_00035_2,673,2031,B0001,C0092,121,116
U+7269,100241706_00035_2,684,2162,B0001,C0093,109,136
U+306E,100241706_00035_2,696,2315,B0001,C0094,83,100
U+307F,100241706_00035_2,708,2416,B0001,C0095,60,103
U+98DF,100241706_00035_2,677,2543,B0001,C0096,119,153
U+3057,100241706_00035_2,719,2716,B0001,C0097,28,109
U+3066,100241706_00035_2,691,2832,B0001,C0098,88,104
U+671D,100241706_00035_2,680,2967,B0001,C0099,119,139
U+5915,100241706_00035_2,675,3126,B0001,C0100,100,132
U+304A,100241706_00035_2,689,3293,B0001,C0101,108,112
U+308A,100241706_00035_2,700,3421,B0001,C0102,75,136
U+3051,100241706_00035_2,445,955,B0001,C0103,109,163
U+308B,100241706_00035_2,479,1120,B0001,C0104,47,76
U+5176,100241706_00035_2,459,1223,B0001,C0105,65,185
U+9803,100241706_00035_2,440,1415,B0001,C0106,113,119
U+80A5,100241706_00035_2,423,1564,B0001,C0107,151,132
U+524D,100241706_00035_2,444,1715,B0001,C0108,116,157
U+5D0E,100241706_00035_2,428,1908,B0001,C0109,135,175
U+967D,100241706_00035_2,439,2099,B0001,C0110,128,160
U+3088,100241706_00035_2,479,2252,B0001,C0111,49,99
U+308A,100241706_00035_2,463,2352,B0001,C0112,67,132
U+7D05,100241706_00035_2,444,2495,B0001,C0113,121,135
U+6BDB,100241706_00035_2,429,2639,B0001,C0114,131,131
U+3084,100241706_00035_2,444,2791,B0001,C0115,117,75
U+3057,100241706_00035_2,487,2864,B0001,C0116,32,125
U+304D,100241706_00035_2,451,2995,B0001,C0117,116,105
U+3092,100241706_00035_2,457,3115,B0001,C0118,97,99
U+52E4,100241706_00035_2,441,3233,B0001,C0119,117,128
U+3081,100241706_00035_2,477,3358,B0001,C0120,72,120
U+3057,100241706_00035_2,448,3383,B0001,C0121,132,172
U+3082,100241706_00035_2,215,952,B0001,C0122,64,119
U+306E,100241706_00035_2,196,1074,B0001,C0123,89,84
U+6B64,100241706_00035_2,192,1170,B0001,C0124,120,104
U+5C45,100241706_00035_2,187,1299,B0001,C0125,103,147
U+306B,100241706_00035_2,205,1454,B0001,C0126,76,111
U+98DF,100241706_00035_2,195,1575,B0001,C0127,120,153
U+5BA2,100241706_00035_2,195,1751,B0001,C0128,117,159
U+3068,100241706_00035_2,221,1911,B0001,C0129,72,105
U+306A,100241706_00035_2,211,2034,B0001,C0130,79,128
U+308A,100241706_00035_2,225,2163,B0001,C0131,57,143
U+3051,100241706_00035_2,209,2320,B0001,C0132,99,133
U+308B,100241706_00035_2,236,2454,B0001,C0133,44,87
U+304C,100241706_00035_2,220,2543,B0001,C0134,73,89
U+95A2,100241706_00035_2,199,2644,B0001,C0135,111,145
U+53D6,100241706_00035_2,204,2810,B0001,C0136,108,139
U+306E,100241706_00035_2,211,2967,B0001,C0137,83,95
U+671D,100241706_00035_2,187,3078,B0001,C0138,115,143
U+5915,100241706_00035_2,200,3235,B0001,C0139,88,175
U+7802,100241706_00035_2,196,3409,B0001,C0140,116,133
U+7CD6,100241706_00036_1,2021,971,B0001,C0001,137,165
U+306E,100241706_00036_1,2041,1155,B0001,C0002,93,113
U+307F,100241706_00036_1,2065,1269,B0001,C0003,41,115
U+3092,100241706_00036_1,2032,1393,B0001,C0004,112,111
U+98DF,100241706_00036_1,2029,1503,B0001,C0005,129,185
U+3075,100241706_00036_1,2025,1689,B0001,C0006,101,109
U+3092,100241706_00036_1,2031,1800,B0001,C0007,101,139
U+898B,100241706_00036_1,2029,1960,B0001,C0008,99,124
U+3066,100241706_00036_1,2025,2085,B0001,C0009,96,113
U+305D,100241706_00036_1,2040,2217,B0001,C0010,80,116
U+306E,100241706_00036_1,2033,2336,B0001,C0011,81,108
U+7802,100241706_00036_1,2012,2453,B0001,C0012,121,155
U+7CD6,100241706_00036_1,2003,2615,B0001,C0013,137,159
U+3092,100241706_00036_1,2024,2800,B0001,C0014,101,119
U+88FD,100241706_00036_1,2007,2932,B0001,C0015,121,181
U+3057,100241706_00036_1,2045,3116,B0001,C0016,31,95
U+3066,100241706_00036_1,2028,3205,B0001,C0017,84,92
U+98DF,100241706_00036_1,2011,3307,B0001,C0018,132,155
U+3057,100241706_00036_1,2049,3475,B0001,C0019,32,124
U+7D66,100241706_00036_1,1800,979,B0001,C0020,79,124
U+3072,100241706_00036_1,1787,1104,B0001,C0021,119,104
U+4E00,100241706_00036_1,1779,1252,B0001,C0022,121,31
U+6BB5,100241706_00036_1,1788,1333,B0001,C0023,124,143
U+7F8E,100241706_00036_1,1779,1495,B0001,C0024,93,201
U+5473,100241706_00036_1,1759,1699,B0001,C0025,132,135
U+306A,100241706_00036_1,1795,1856,B0001,C0026,71,136
U+308A,100241706_00036_1,1801,2001,B0001,C0027,60,139
U+3068,100241706_00036_1,1799,2151,B0001,C0028,76,109
U+7533,100241706_00036_1,1803,2279,B0001,C0029,61,137
U+304D,100241706_00036_1,1769,2409,B0001,C0030,117,128
U+3044,100241706_00036_1,1768,2563,B0001,C0031,112,93
U+3065,100241706_00036_1,1773,2657,B0001,C0032,115,92
U+308C,100241706_00036_1,1781,2751,B0001,C0033,84,121
U+306B,100241706_00036_1,1763,2897,B0001,C0034,113,87
U+3057,100241706_00036_1,1801,3001,B0001,C0035,28,115
U+3066,100241706_00036_1,1767,3115,B0001,C0036,103,104
U+5B9C,100241706_00036_1,1775,3227,B0001,C0037,95,137
U+3084,100241706_00036_1,1760,3372,B0001,C0038,103,112
U+3068,100241706_00036_1,1788,3481,B0001,C0039,75,128
U+7533,100241706_00036_1,1575,983,B0001,C0040,53,129
U+3051,100241706_00036_1,1551,1119,B0001,C0041,104,117
U+308C,100241706_00036_1,1556,1235,B0001,C0042,80,133
U+3070,100241706_00036_1,1547,1373,B0001,C0043,104,95
U+5148,100241706_00036_1,1540,1483,B0001,C0044,121,148
U+3055,100241706_00036_1,1563,1643,B0001,C0045,72,112
U+3068,100241706_00036_1,1563,1756,B0001,C0046,75,116
U+3046,100241706_00036_1,1565,1873,B0001,C0047,61,119
U+306E,100241706_00036_1,1555,2015,B0001,C0048,85,85
U+3042,100241706_00036_1,1549,2119,B0001,C0049,96,123
U+304F,100241706_00036_1,1553,2243,B0001,C0050,73,116
U+3092,100241706_00036_1,1525,2369,B0001,C0051,128,104
U+629C,100241706_00036_1,1520,2497,B0001,C0052,133,160
U+9285,100241706_00036_1,1535,2665,B0001,C0053,120,155
U+306E,100241706_00036_1,1552,2832,B0001,C0054,80,81
U+934B,100241706_00036_1,1532,2936,B0001,C0055,115,156
U+306B,100241706_00036_1,1533,3095,B0001,C0056,113,117
U+3066,100241706_00036_1,1565,3213,B0001,C0057,43,131
U+306D,100241706_00036_1,1517,3379,B0001,C0058,131,127
U+308A,100241706_00036_1,1568,3507,B0001,C0059,48,105
U+3064,100241706_00036_1,1299,977,B0001,C0060,108,85
U+3081,100241706_00036_1,1311,1064,B0001,C0061,85,128
U+66F3,100241706_00036_1,1315,1208,B0001,C0062,103,176
U+3066,100241706_00036_1,1316,1383,B0001,C0063,60,147
U+3055,100241706_00036_1,1315,1539,B0001,C0064,81,97
U+307E,100241706_00036_1,1320,1636,B0001,C0065,68,116
U+3057,100241706_00036_1,1343,1752,B0001,C0066,33,147
U+3042,100241706_00036_1,1289,1908,B0001,C0067,100,119
U+305F,100241706_00036_1,1304,2023,B0001,C0068,73,92
U+3078,100241706_00036_1,1292,2124,B0001,C0069,128,75
U+3051,100241706_00036_1,1308,2204,B0001,C0070,97,117
U+308A,100241706_00036_1,1312,2316,B0001,C0071,72,143
U+662F,100241706_00036_1,1305,2463,B0001,C0072,89,148
U+3088,100241706_00036_1,1319,2619,B0001,C0073,57,103
U+308A,100241706_00036_1,1316,2723,B0001,C0074,60,112
U+3060,100241706_00036_1,1304,2851,B0001,C0075,89,93
U+3093,100241706_00036_1,1289,2944,B0001,C0076,135,111
U+3031,100241706_00036_1,1315,3063,B0001,C0077,68,236
U+662F,100241706_00036_1,1301,3336,B0001,C0078,81,151
U+306B,100241706_00036_1,1279,3521,B0001,C0079,108,91
U+7D05,100241706_00036_1,1044,979,B0001,C0080,149,140
U+307F,100241706_00036_1,1048,1125,B0001,C0081,111,141
U+3069,100241706_00036_1,1072,1260,B0001,C0082,96,81
U+308A,100241706_00036_1,1076,1343,B0001,C0083,65,133
U+306E,100241706_00036_1,1063,1493,B0001,C0084,87,83
U+5CF6,100241706_00036_1,1059,1585,B0001,C0085,92,205
U+3092,100241706_00036_1,1049,1792,B0001,C0086,112,128
U+3064,100241706_00036_1,1049,1933,B0001,C0087,103,100
U+3051,100241706_00036_1,1056,2031,B0001,C0088,104,145
U+83D3,100241706_00036_1,1033,2168,B0001,C0089,123,203
U+5B50,100241706_00036_1,1069,2373,B0001,C0090,79,99
U+306B,100241706_00036_1,1055,2493,B0001,C0091,100,111
U+306A,100241706_00036_1,1061,2605,B0001,C0092,89,113
U+3057,100241706_00036_1,1083,2728,B0001,C0093,25,179
U+4EBA,100241706_00036_1,1024,2917,B0001,C0094,153,103
U+3005,100241706_00036_1,1088,3057,B0001,C0095,37,87
U+306B,100241706_00036_1,1036,3163,B0001,C0096,116,103
U+3082,100241706_00036_1,1073,3267,B0001,C0097,77,127
U+9063,100241706_00036_1,1051,3395,B0001,C0098,88,140
U+306F,100241706_00036_1,1052,3548,B0001,C0099,93,69
U+3057,100241706_00036_1,863,989,B0001,C0100,23,157
U+3051,100241706_00036_1,824,1163,B0001,C0101,104,112
U+308A,100241706_00036_1,844,1279,B0001,C0102,60,125
U+305F,100241706_00036_1,824,1425,B0001,C0103,85,121
U+309E,100241706_00036_1,859,1556,B0001,C0104,49,64
U+6709,100241706_00036_1,804,1653,B0001,C0105,121,152
U+5E73,100241706_00036_1,801,1821,B0001,C0106,121,152
U+7CD6,100241706_00036_1,779,1988,B0001,C0107,141,151
U+3031,100241706_00036_1,828,2141,B0001,C0108,77,281
U+3068,100241706_00036_1,833,2399,B0001,C0109,71,113
U+3088,100241706_00036_1,839,2544,B0001,C0110,51,119
U+3073,100241706_00036_1,805,2665,B0001,C0111,111,112
U+3051,100241706_00036_1,811,2797,B0001,C0112,101,129
U+308B,100241706_00036_1,840,2928,B0001,C0113,40,85
U+304C,100241706_00036_1,828,3016,B0001,C0114,77,88
U+3044,100241706_00036_1,812,3112,B0001,C0115,95,97
U+3064,100241706_00036_1,805,3205,B0001,C0116,111,143
U+3057,100241706_00036_1,848,3348,B0001,C0117,23,141
U+304B,100241706_00036_1,837,3524,B0001,C0118,41,76
U+662F,100241706_00036_1,575,984,B0001,C0119,105,176
U+3082,100241706_00036_1,591,1168,B0001,C0120,73,112
U+3046,100241706_00036_1,593,1321,B0001,C0121,65,119
U+3092,100241706_00036_1,575,1483,B0001,C0122,95,121
U+3042,100241706_00036_1,584,1625,B0001,C0123,95,136
U+308B,100241706_00036_1,600,1764,B0001,C0124,47,87
U+3068,100241706_00036_1,587,1865,B0001,C0125,72,121
U+3088,100241706_00036_1,591,1985,B0001,C0126,53,115
U+3073,100241706_00036_1,561,2097,B0001,C0127,116,119
U+304B,100241706_00036_1,552,2228,B0001,C0128,124,97
U+3078,100241706_00036_1,552,2327,B0001,C0129,139,73
U+3042,100241706_00036_1,340,984,B0001,C0130,112,151
U+308B,100241706_00036_1,361,1136,B0001,C0131,55,99
U+3078,100241706_00036_1,312,1265,B0001,C0132,139,63
U+3044,100241706_00036_1,320,1363,B0001,C0133,137,87
U+7CD6,100241706_00036_1,304,1479,B0001,C0134,136,155
U+306A,100241706_00036_1,329,1664,B0001,C0135,88,168
U+308B,100241706_00036_1,353,1833,B0001,C0136,40,104
U+3079,100241706_00036_1,312,1939,B0001,C0137,131,84
U+3057,100241706_00036_1,351,2040,B0001,C0138,35,425
U+4E8C,100241706_00036_2,1837,956,B0001,C0001,136,64
U+8272,100241706_00036_2,1868,1032,B0001,C0002,101,149
U+306E,100241706_00036_2,1875,1201,B0001,C0003,84,84
U+5CF6,100241706_00036_2,1881,1289,B0001,C0004,76,180
U+3092,100241706_00036_2,1871,1471,B0001,C0005,103,137
U+3064,100241706_00036_2,1865,1627,B0001,C0006,99,103
U+3051,100241706_00036_2,1872,1723,B0001,C0007,97,124
U+308B,100241706_00036_2,1893,1849,B0001,C0008,45,80
U+3082,100241706_00036_2,1884,1941,B0001,C0009,63,109
U+540D,100241706_00036_2,1864,2074,B0001,C0010,100,136
U+306E,100241706_00036_2,1875,2228,B0001,C0011,80,89
U+7E01,100241706_00036_2,1860,2352,B0001,C0012,123,145
U+304B,100241706_00036_2,1875,2510,B0001,C0013,61,89
U+3068,100241706_00036_2,1880,2620,B0001,C0014,75,75
U+3057,100241706_00036_2,1904,2712,B0001,C0015,28,128
U+5BC4,100241706_00036_2,1849,2857,B0001,C0016,131,161
U+306B,100241706_00036_2,1859,3020,B0001,C0017,111,112
U+306A,100241706_00036_2,1872,3160,B0001,C0018,76,139
U+308A,100241706_00036_2,1853,3300,B0001,C0019,91,148
U+8170,100241706_00036_2,1860,3438,B0001,C0020,117,135
U+307E,100241706_00036_2,1647,951,B0001,C0021,69,137
U+304C,100241706_00036_2,1624,1087,B0001,C0022,131,99
U+308A,100241706_00036_2,1653,1187,B0001,C0023,63,131
U+305F,100241706_00036_2,1641,1339,B0001,C0024,79,95
U+308B,100241706_00036_2,1675,1451,B0001,C0025,31,103
U+3092,100241706_00036_2,1633,1569,B0001,C0026,100,124
U+5927,100241706_00036_2,1635,1725,B0001,C0027,112,112
U+3053,100241706_00036_2,1645,1855,B0001,C0028,92,79
U+3057,100241706_00036_2,1664,1948,B0001,C0029,37,144
U+307E,100241706_00036_2,1649,2112,B0001,C0030,69,116
U+3052,100241706_00036_2,1643,2226,B0001,C0031,105,145
U+53C8,100241706_00036_2,1605,2398,B0001,C0032,148,103
U+3080,100241706_00036_2,1644,2513,B0001,C0033,101,127
U+3059,100241706_00036_2,1645,2637,B0001,C0034,79,157
U+3073,100241706_00036_2,1635,2778,B0001,C0035,112,104
U+6A2A,100241706_00036_2,1616,2916,B0001,C0036,125,140
U+3064,100241706_00036_2,1641,3101,B0001,C0037,96,160
U+306A,100241706_00036_2,1645,3274,B0001,C0038,92,116
U+306E,100241706_00036_2,1631,3436,B0001,C0039,92,121
U+3057,100241706_00036_2,1397,960,B0001,C0040,92,131
U+3086,100241706_00036_2,1396,1092,B0001,C0041,96,119
U+3081,100241706_00036_2,1392,1224,B0001,C0042,99,103
U+306B,100241706_00036_2,1383,1364,B0001,C0043,120,104
U+306A,100241706_00036_2,1401,1499,B0001,C0044,93,127
U+305E,100241706_00036_2,1403,1627,B0001,C0045,103,136
U+3089,100241706_00036_2,1393,1789,B0001,C0046,77,116
U+3078,100241706_00036_2,1381,1936,B0001,C0047,125,61
U+3066,100241706_00036_2,1399,1998,B0001,C0048,85,115
U+306D,100241706_00036_2,1388,2153,B0001,C0049,124,137
U+3058,100241706_00036_2,1429,2309,B0001,C0050,56,131
U+308A,100241706_00036_2,1400,2441,B0001,C0051,83,136
U+305F,100241706_00036_2,1396,2612,B0001,C0052,89,112
U+308B,100241706_00036_2,1427,2729,B0001,C0053,36,103
U+306A,100241706_00036_2,1400,2861,B0001,C0054,99,121
U+3069,100241706_00036_2,1409,2984,B0001,C0055,80,108
U+3066,100241706_00036_2,1395,3108,B0001,C0056,91,95
U+3057,100241706_00036_2,1399,3226,B0001,C0057,96,101
U+308A,100241706_00036_2,1395,3329,B0001,C0058,92,125
U+3068,100241706_00036_2,1413,3461,B0001,C0059,76,99
U+3044,100241706_00036_2,1163,953,B0001,C0060,97,99
U+3075,100241706_00036_2,1147,1055,B0001,C0061,111,116
U+3082,100241706_00036_2,1169,1165,B0001,C0062,72,119
U+6B64,100241706_00036_2,1148,1307,B0001,C0063,121,115
U+6709,100241706_00036_2,1145,1444,B0001,C0064,112,148
U+5E73,100241706_00036_2,1147,1604,B0001,C0065,107,141
U+306E,100241706_00036_2,1163,1760,B0001,C0066,83,97
U+540D,100241706_00036_2,1151,1864,B0001,C0067,103,141
U+306B,100241706_00036_2,1160,2006,B0001,C0068,81,116
U+6B8B,100241706_00036_2,1145,2154,B0001,C0069,135,144
U+3057,100241706_00036_2,1196,2301,B0001,C0070,29,175
U+306C,100241706_00036_2,1148,2486,B0001,C0071,107,125
U+25B2,100241706_00036_2,912,891,B0001,C0072,104,51
U+98F4,100241706_00036_2,888,969,B0001,C0073,151,155
U+6625,100241706_00036_2,667,927,B0001,C0074,147,167
U+306E,100241706_00036_2,688,1112,B0001,C0075,84,87
U+96E8,100241706_00036_2,668,1229,B0001,C0076,108,132
U+306F,100241706_00036_2,673,1365,B0001,C0077,96,77
U+818F,100241706_00036_2,672,1452,B0001,C0078,117,193
U+96E8,100241706_00036_2,676,1661,B0001,C0079,103,129
U+3068,100241706_00036_2,701,1795,B0001,C0080,67,107
U+3044,100241706_00036_2,691,1924,B0001,C0081,88,84
U+3075,100241706_00036_2,679,2006,B0001,C0082,103,115
U+3066,100241706_00036_2,684,2128,B0001,C0083,96,95
U+306D,100241706_00036_2,680,2246,B0001,C0084,119,165
U+3070,100241706_00036_2,697,2413,B0001,C0085,83,133
U+308A,100241706_00036_2,701,2553,B0001,C0086,71,133
U+590F,100241706_00036_2,684,2710,B0001,C0087,105,165
U+306E,100241706_00036_2,693,2901,B0001,C0088,87,81
U+96E8,100241706_00036_2,687,3009,B0001,C0089,101,128
U+306F,100241706_00036_2,684,3152,B0001,C0090,89,69
U+767D,100241706_00036_2,683,3261,B0001,C0091,100,151
U+96E8,100241706_00036_2,677,3430,B0001,C0092,111,123
U+3068,100241706_00036_2,455,949,B0001,C0093,71,129
U+3066,100241706_00036_2,437,1099,B0001,C0094,87,73
U+3057,100241706_00036_2,439,1201,B0001,C0095,109,136
U+3089,100241706_00036_2,461,1340,B0001,C0096,59,119
U+305F,100241706_00036_2,441,1471,B0001,C0097,115,113
U+307E,100241706_00036_2,461,1568,B0001,C0098,67,136
U+306E,100241706_00036_2,448,1716,B0001,C0099,87,95
U+5982,100241706_00036_2,435,1840,B0001,C0100,113,99
U+3057,100241706_00036_2,476,1950,B0001,C0101,32,187
U+79CB,100241706_00036_2,431,2189,B0001,C0102,133,153
U+96E8,100241706_00036_2,451,2378,B0001,C0103,107,121
U+306F,100241706_00036_2,443,2505,B0001,C0104,103,73
U+4E07,100241706_00036_2,436,2605,B0001,C0105,117,116
U+83D3,100241706_00036_2,427,2737,B0001,C0106,125,157
U+306B,100241706_00036_2,457,2896,B0001,C0107,81,120
U+7518,100241706_00036_2,432,3022,B0001,C0108,124,117
U+307F,100241706_00036_2,469,3144,B0001,C0109,61,88
U+3092,100241706_00036_2,459,3270,B0001,C0110,97,108
U+4ED8,100241706_00036_2,460,3416,B0001,C0111,85,141
U+51AC,100241706_00036_2,195,941,B0001,C0112,109,159
U+306E,100241706_00036_2,201,1120,B0001,C0113,88,100
U+96E8,100241706_00036_2,189,1248,B0001,C0114,108,125
U+306F,100241706_00036_2,189,1396,B0001,C0115,100,60
U+6C37,100241706_00036_2,181,1469,B0001,C0116,115,131
U+3066,100241706_00036_2,189,1601,B0001,C0117,91,111
U+305F,100241706_00036_2,199,1743,B0001,C0118,96,123
U+3093,100241706_00036_2,197,1840,B0001,C0119,133,124
U+5207,100241706_00036_2,187,1997,B0001,C0120,121,91
U+306E,100241706_00036_2,208,2113,B0001,C0121,83,96
U+5982,100241706_00036_2,187,2241,B0001,C0122,123,88
U+3057,100241706_00036_2,237,2344,B0001,C0123,31,208
U+3051,100241706_00036_2,211,2557,B0001,C0124,96,123
U+3065,100241706_00036_2,209,2676,B0001,C0125,120,115
U+308A,100241706_00036_2,225,2792,B0001,C0126,61,147
U+3066,100241706_00036_2,201,2952,B0001,C0127,97,101
U+96EA,100241706_00036_2,212,3069,B0001,C0128,79,156
U+3092,100241706_00036_2,197,3236,B0001,C0129,119,105
U+3042,100241706_00036_2,211,3344,B0001,C0130,96,93
U+3056,100241706_00036_2,217,3438,B0001,C0131,92,111
U+3080,100241706_00037_1,1999,972,B0001,C0001,140,124
U+304F,100241706_00037_1,2034,1093,B0001,C0002,49,108
U+3086,100241706_00037_1,2006,1225,B0001,C0003,104,117
U+3091,100241706_00037_1,1995,1343,B0001,C0004,123,139
U+3042,100241706_00037_1,1748,975,B0001,C0005,117,147
U+3081,100241706_00037_1,1775,1125,B0001,C0006,91,183
U+306F,100241706_00037_1,1770,1309,B0001,C0007,96,95
U+96E8,100241706_00037_1,1754,1427,B0001,C0008,113,135
U+306E,100241706_00037_1,1756,1596,B0001,C0009,93,97
U+540D,100241706_00037_1,1752,1712,B0001,C0010,104,157
U+306B,100241706_00037_1,1772,1871,B0001,C0011,68,133
U+5143,100241706_00037_1,1752,2024,B0001,C0012,124,140
U+3065,100241706_00037_1,1752,2189,B0001,C0013,121,147
U+304F,100241706_00037_1,1784,2321,B0001,C0014,57,121
U+306A,100241706_00037_1,1767,2459,B0001,C0015,81,159
U+308B,100241706_00037_1,1788,2616,B0001,C0016,48,101
U+3079,100241706_00037_1,1739,2735,B0001,C0017,139,83
U+3057,100241706_00037_1,1783,2825,B0001,C0018,41,391
U+25B2,100241706_00037_1,1516,917,B0001,C0019,117,52
U+304A,100241706_00037_1,1498,1005,B0001,C0020,152,149
U+3053,100241706_00037_1,1530,1153,B0001,C0021,93,104
U+3057,100241706_00037_1,1559,1295,B0001,C0022,33,332
U+5948,100241706_00037_1,1270,973,B0001,C0023,123,195
U+826F,100241706_00037_1,1283,1168,B0001,C0024,99,168
U+306E,100241706_00037_1,1276,1351,B0001,C0025,96,105
U+56FD,100241706_00037_1,1280,1471,B0001,C0026,100,144
U+306F,100241706_00037_1,1287,1633,B0001,C0027,80,63
U+671D,100241706_00037_1,1266,1727,B0001,C0028,125,151
U+3068,100241706_00037_1,1288,1909,B0001,C0029,80,91
U+304F,100241706_00037_1,1298,2001,B0001,C0030,61,125
U+3088,100241706_00037_1,1303,2143,B0001,C0031,49,99
U+308A,100241706_00037_1,1279,2243,B0001,C0032,72,147
U+304A,100241706_00037_1,1275,2401,B0001,C0033,109,81
U+304D,100241706_00037_1,1284,2484,B0001,C0034,76,155
U+51FA,100241706_00037_1,1279,2677,B0001,C0035,112,120
U+308B,100241706_00037_1,1311,2801,B0001,C0036,36,96
U+56FD,100241706_00037_1,1280,2933,B0001,C0037,97,127
U+306E,100241706_00037_1,1286,3099,B0001,C0038,89,85
U+306A,100241706_00037_1,1283,3223,B0001,C0039,97,141
U+3089,100241706_00037_1,1299,3365,B0001,C0040,52,117
U+3072,100241706_00037_1,1275,3501,B0001,C0041,109,101
U+306B,100241706_00037_1,1019,983,B0001,C0042,119,125
U+3066,100241706_00037_1,1031,1109,B0001,C0043,68,177
U+5C0F,100241706_00037_1,1015,1339,B0001,C0044,129,112
U+5150,100241706_00037_1,1019,1480,B0001,C0045,129,148
U+3068,100241706_00037_1,1051,1641,B0001,C0046,76,109
U+3044,100241706_00037_1,1029,1801,B0001,C0047,99,71
U+3078,100241706_00037_1,1017,1873,B0001,C0048,128,71
U+3069,100241706_00037_1,1044,1945,B0001,C0049,88,116
U+3082,100241706_00037_1,1041,2063,B0001,C0050,75,117
U+671D,100241706_00037_1,1012,2208,B0001,C0051,141,168
U+5BDD,100241706_00037_1,1005,2395,B0001,C0052,137,213
U+3092,100241706_00037_1,1028,2611,B0001,C0053,109,123
U+3055,100241706_00037_1,1041,2753,B0001,C0054,72,117
U+305B,100241706_00037_1,1028,2872,B0001,C0055,96,129
U+305A,100241706_00037_1,1040,3003,B0001,C0056,100,145
U+77ED,100241706_00037_1,1013,3167,B0001,C0057,153,143
U+591C,100241706_00037_1,1021,3315,B0001,C0058,124,161
U+306E,100241706_00037_1,1039,3493,B0001,C0059,85,103
U+3053,100241706_00037_1,801,983,B0001,C0060,97,148
U+308D,100241706_00037_1,796,1137,B0001,C0061,101,131
U+671D,100241706_00037_1,777,1295,B0001,C0062,133,157
U+304A,100241706_00037_1,791,1487,B0001,C0063,121,96
U+304D,100241706_00037_1,801,1591,B0001,C0064,77,151
U+304B,100241706_00037_1,787,1761,B0001,C0065,116,120
U+306C,100241706_00037_1,785,1896,B0001,C0066,99,145
U+308B,100241706_00037_1,823,2044,B0001,C0067,40,89
U+306B,100241706_00037_1,781,2160,B0001,C0068,120,112
U+7C73,100241706_00037_1,789,2279,B0001,C0069,100,175
U+3092,100241706_00037_1,789,2455,B0001,C0070,104,125
U+3044,100241706_00037_1,792,2609,B0001,C0071,95,79
U+308A,100241706_00037_1,809,2687,B0001,C0072,56,121
U+3066,100241706_00037_1,799,2817,B0001,C0073,60,155
U+671D,100241706_00037_1,773,2999,B0001,C0074,120,164
U+306E,100241706_00037_1,801,3171,B0001,C0075,85,100
U+305F,100241706_00037_1,783,3300,B0001,C0076,93,195
U+3079,100241706_00037_1,772,3509,B0001,C0077,133,75
U+7269,100241706_00037_1,525,972,B0001,C0078,135,141
U+306B,100241706_00037_1,553,1145,B0001,C0079,72,116
U+3042,100241706_00037_1,531,1293,B0001,C0080,117,139
U+305F,100241706_00037_1,551,1424,B0001,C0081,83,105
U+3078,100241706_00037_1,541,1551,B0001,C0082,109,69
U+307C,100241706_00037_1,551,1643,B0001,C0083,107,120
U+3093,100241706_00037_1,541,1753,B0001,C0084,131,105
U+3088,100241706_00037_1,556,1872,B0001,C0085,71,103
U+304A,100241706_00037_1,535,2003,B0001,C0086,127,101
U+304D,100241706_00037_1,547,2105,B0001,C0087,85,156
U+3088,100241706_00037_1,552,2263,B0001,C0088,72,132
U+3031,100241706_00037_1,543,2344,B0001,C0089,116,281
U+3068,100241706_00037_1,561,2612,B0001,C0090,69,116
U+8D77,100241706_00037_1,529,2749,B0001,C0091,120,149
U+3057,100241706_00037_1,577,2892,B0001,C0092,29,125
U+3066,100241706_00037_1,545,3017,B0001,C0093,84,104
U+306F,100241706_00037_1,540,3147,B0001,C0094,100,56
U+6B64,100241706_00037_1,533,3228,B0001,C0095,120,111
U+3044,100241706_00037_1,543,3359,B0001,C0096,104,100
U+308A,100241706_00037_1,560,3459,B0001,C0097,71,141
U+7C73,100241706_00037_1,301,975,B0001,C0098,99,184
U+3092,100241706_00037_1,299,1161,B0001,C0099,121,109
U+304F,100241706_00037_1,291,1296,B0001,C0100,121,115
U+308F,100241706_00037_1,321,1412,B0001,C0101,56,151
U+305B,100241706_00037_1,293,1564,B0001,C0102,97,127
U+3051,100241706_00037_1,301,1713,B0001,C0103,101,147
U+308B,100241706_00037_1,328,1861,B0001,C0104,41,80
U+3053,100241706_00037_1,305,1972,B0001,C0105,87,133
U+308C,100241706_00037_1,300,2105,B0001,C0106,91,151
U+304C,100241706_00037_1,316,2273,B0001,C0107,75,59
U+5E38,100241706_00037_1,288,2364,B0001,C0108,125,184
U+306B,100241706_00037_1,283,2541,B0001,C0109,112,121
U+306A,100241706_00037_1,305,2689,B0001,C0110,80,125
U+308A,100241706_00037_1,313,2825,B0001,C0111,59,143
U+3066,100241706_00037_1,295,2949,B0001,C0112,88,93
U+306D,100241706_00037_1,276,3055,B0001,C0113,133,141
U+3056,100241706_00037_1,308,3196,B0001,C0114,93,92
U+308B,100241706_00037_1,321,3285,B0001,C0115,48,80
U+6642,100241706_00037_1,287,3399,B0001,C0116,125,119
U+306F,100241706_00037_1,300,3548,B0001,C0117,97,56
U+304A,100241706_00037_2,1852,972,B0001,C0001,108,101
U+3053,100241706_00037_2,1864,1075,B0001,C0002,81,85
U+3057,100241706_00037_2,1888,1172,B0001,C0003,33,169
U+7C73,100241706_00037_2,1858,1352,B0001,C0004,100,157
U+304F,100241706_00037_2,1858,1533,B0001,C0005,96,107
U+308C,100241706_00037_2,1860,1641,B0001,C0006,77,128
U+3044,100241706_00037_2,1856,1768,B0001,C0007,93,89
U+3068,100241706_00037_2,1880,1859,B0001,C0008,63,111
U+7533,100241706_00037_2,1880,1988,B0001,C0009,56,132
U+7FD2,100241706_00037_2,1851,2128,B0001,C0010,93,145
U+306F,100241706_00037_2,1859,2270,B0001,C0011,85,69
U+3057,100241706_00037_2,1895,2349,B0001,C0012,25,140
U+3051,100241706_00037_2,1867,2489,B0001,C0013,87,151
U+308A,100241706_00037_2,1876,2642,B0001,C0014,57,125
U+305D,100241706_00037_2,1874,2790,B0001,C0015,73,95
U+308C,100241706_00037_2,1842,2886,B0001,C0016,121,111
U+3086,100241706_00037_2,1846,2997,B0001,C0017,107,103
U+3078,100241706_00037_2,1843,3101,B0001,C0018,127,45
U+4E16,100241706_00037_2,1850,3170,B0001,C0019,117,112
U+306B,100241706_00037_2,1843,3288,B0001,C0020,108,109
U+304A,100241706_00037_2,1608,980,B0001,C0021,140,107
U+3053,100241706_00037_2,1627,1092,B0001,C0022,93,99
U+3057,100241706_00037_2,1648,1204,B0001,C0023,40,225
U+306A,100241706_00037_2,1638,1431,B0001,C0024,93,145
U+308B,100241706_00037_2,1663,1577,B0001,C0025,39,99
U+3079,100241706_00037_2,1598,1685,B0001,C0026,148,81
U+3057,100241706_00037_2,1654,1777,B0001,C0027,43,404
U+865A,100241706_00037_2,165,965,B0001,C0028,133,161
U+5357,100241706_00037_2,200,1136,B0001,C0029,87,159
U+7559,100241706_00037_2,175,1309,B0001,C0030,116,151
U+5225,100241706_00037_2,175,1485,B0001,C0031,109,141
U+5FD7,100241706_00037_2,181,1632,B0001,C0032,124,128
U+5DFB,100241706_00037_2,176,1780,B0001,C0033,143,135
U+4E4B,100241706_00037_2,184,1936,B0001,C0034,139,99
U+4E0B,100241706_00037_2,179,2078,B0001,C0035,120,108
U+7D42,100241706_00037_2,241,2201,B0001,C0036,112,112
U+5929,100241706_00038_1,1453,997,B0001,C0001,180,133
U+4FDD,100241706_00038_1,1443,1168,B0001,C0002,160,131
U+4E94,100241706_00038_1,1460,1339,B0001,C0003,163,101
U+7532,100241706_00038_1,1483,1476,B0001,C0004,107,136
U+5348,100241706_00038_1,1453,1637,B0001,C0005,152,156
U+4EF2,100241706_00038_1,1441,1824,B0001,C0006,153,127
U+590F,100241706_00038_1,1475,1971,B0001,C0007,133,157
U+767A,100241706_00038_1,1459,2157,B0001,C0008,161,175
U+884C,100241706_00038_1,1445,2359,B0001,C0009,165,160
U+5C0F,100241706_00038_1,1276,2151,B0001,C0010,100,72
U+4F1D,100241706_00038_1,1265,2232,B0001,C0011,125,143
U+99AC,100241706_00038_1,1296,2385,B0001,C0012,89,107
U+753A,100241706_00038_1,1279,2507,B0001,C0013,115,88
U+4E09,100241706_00038_1,1289,2612,B0001,C0014,97,83
U+4E01,100241706_00038_1,1287,2721,B0001,C0015,93,73
U+76EE,100241706_00038_1,1292,2807,B0001,C0016,76,105
U+4E01,100241706_00038_1,1035,2508,B0001,C0017,129,123
U+5B50,100241706_00038_1,1029,2680,B0001,C0018,140,149
U+5C4B,100241706_00038_1,1017,2869,B0001,C0019,143,161
U+5E73,100241706_00038_1,1017,3065,B0001,C0020,149,147
U+5175,100241706_00038_1,1016,3239,B0001,C0021,144,144
U+885B,100241706_00038_1,1008,3407,B0001,C0022,187,172
U+6771,100241706_00038_1,911,965,B0001,C0023,224,276
U+90FD,100241706_00038_1,897,1313,B0001,C0024,224,297
U+66F8,100241706_00038_1,499,972,B0001,C0025,205,277
U+6797,100241706_00038_1,489,1345,B0001,C0026,285,217
U+4E21,100241706_00038_1,893,2173,B0001,C0027,101,87
U+56FD,100241706_00038_1,895,2309,B0001,C0028,96,117
U+5409,100241706_00038_1,884,2455,B0001,C0029,93,121
U+5DDD,100241706_00038_1,888,2604,B0001,C0030,80,100
U+753A,100241706_00038_1,885,2729,B0001,C0031,92,97
U+5C71,100241706_00038_1,708,2499,B0001,C0032,147,137
U+7530,100241706_00038_1,708,2792,B0001,C0033,147,124
U+4F50,100241706_00038_1,703,3049,B0001,C0034,165,171
U+52A9,100241706_00038_1,693,3431,B0001,C0035,169,155
U+99AC,100241706_00038_1,560,2176,B0001,C0036,84,113
U+98DF,100241706_00038_1,537,2317,B0001,C0037,128,139
U+753A,100241706_00038_1,547,2492,B0001,C0038,115,93
U+4E09,100241706_00038_1,549,2615,B0001,C0039,99,77
U+4E01,100241706_00038_1,564,2720,B0001,C0040,73,77
U+76EE,100241706_00038_1,564,2816,B0001,C0041,76,103
U+5BAE,100241706_00038_1,355,2507,B0001,C0042,145,184
U+5C4B,100241706_00038_1,359,2825,B0001,C0043,141,165
U+6E90,100241706_00038_1,340,3044,B0001,C0044,152,149
U+5175,100241706_00038_1,348,3240,B0001,C0045,148,151
U+885B,100241706_00038_1,331,3415,B0001,C0046,203,193
