Unicode,Image,X,Y,Block ID,Char ID,Width,Height
U+56FD,100249371_00002_1,1416,518,B0001,C0001,160,204
U+83EF,100249371_00002_1,1399,775,B0001,C0002,179,277
U+5C71,100249371_00002_1,1423,1104,B0001,C0003,132,162
U+4EBA,100249371_00002_1,1372,1316,B0001,C0004,230,186
U+8457,100249371_00002_1,1396,1528,B0001,C0005,178,222
U+9F0E,100249371_00002_1,735,440,B0001,C0006,412,542
U+5DE6,100249371_00002_1,743,951,B0001,C0007,378,399
U+79D8,100249371_00002_1,731,1394,B0001,C0008,429,385
U+9332,100249371_00002_1,709,1779,B0001,C0009,454,416
U+5E76,100249371_00002_1,1043,2206,B0001,C0010,117,132
U+9644,100249371_00002_1,846,2250,B0001,C0011,173,162
U+9332,100249371_00002_1,819,2412,B0001,C0012,222,154
U+5E1D,100249371_00002_1,317,647,B0001,C0013,168,213
U+90FD,100249371_00002_1,317,860,B0001,C0014,155,161
U+66F8,100249371_00002_1,329,1029,B0001,C0015,151,167
U+8086,100249371_00002_1,320,1211,B0001,C0016,174,207
U+5C1A,100249371_00002_1,346,1524,B0001,C0017,146,190
U+66F8,100249371_00002_1,330,1772,B0001,C0018,166,189
U+5802,100249371_00002_1,337,2029,B0001,C0019,166,181
U+6893,100249371_00002_1,346,2259,B0001,C0020,171,214
U+5E8F,100249371_00002_2,1537,365,B0001,C0001,121,204
U+4ECA,100249371_00002_2,1346,357,B0001,C0002,119,189
U+822C,100249371_00002_2,1340,545,B0001,C0003,140,126
U+4F59,100249371_00002_2,1391,679,B0001,C0004,75,132
U+304B,100249371_00002_2,1413,815,B0001,C0005,39,46
U+8FF0,100249371_00002_2,1350,877,B0001,C0006,136,132
U+308B,100249371_00002_2,1397,1009,B0001,C0007,43,94
U+6240,100249371_00002_2,1364,1103,B0001,C0008,110,91
U+306E,100249371_00002_2,1384,1211,B0001,C0009,68,60
U+9F0E,100249371_00002_2,1367,1280,B0001,C0010,91,156
U+5DE6,100249371_00002_2,1360,1442,B0001,C0011,103,119
U+79D8,100249371_00002_2,1350,1562,B0001,C0012,136,108
U+9332,100249371_00002_2,1358,1687,B0001,C0013,121,133
U+306A,100249371_00002_2,1379,1828,B0001,C0014,84,93
U+308B,100249371_00002_2,1408,1921,B0001,C0015,44,68
U+3082,100249371_00002_2,1407,1989,B0001,C0016,40,90
U+306E,100249371_00002_2,1375,2079,B0001,C0017,103,100
U+306F,100249371_00002_2,1393,2188,B0001,C0018,63,47
U+4F59,100249371_00002_2,1402,2232,B0001,C0019,71,102
U+304B,100249371_00002_2,1418,2336,B0001,C0020,41,35
U+5F31,100249371_00002_2,1368,2392,B0001,C0021,110,106
U+51A0,100249371_00002_2,1376,2507,B0001,C0022,110,113
U+306E,100249371_00002_2,1404,2646,B0001,C0023,56,47
U+3068,100249371_00002_2,1207,360,B0001,C0024,32,99
U+304D,100249371_00002_2,1189,459,B0001,C0025,48,137
U+5BB6,100249371_00002_2,1179,603,B0001,C0026,86,139
U+7236,100249371_00002_2,1170,745,B0001,C0027,94,114
U+306E,100249371_00002_2,1190,870,B0001,C0028,70,62
U+547D,100249371_00002_2,1178,938,B0001,C0029,84,155
U+3092,100249371_00002_2,1187,1093,B0001,C0030,75,69
U+5949,100249371_00002_2,1162,1173,B0001,C0031,101,144
U+3057,100249371_00002_2,1216,1319,B0001,C0032,16,115
U+56DB,100249371_00002_2,1168,1439,B0001,C0033,99,68
U+65B9,100249371_00002_2,1183,1507,B0001,C0034,66,141
U+306B,100249371_00002_2,1173,1662,B0001,C0035,95,76
U+6F2B,100249371_00002_2,1174,1739,B0001,C0036,118,144
U+904A,100249371_00002_2,1191,1883,B0001,C0037,84,126
U+305B,100249371_00002_2,1199,2024,B0001,C0038,72,76
U+3057,100249371_00002_2,1238,2100,B0001,C0039,16,62
U+3068,100249371_00002_2,1221,2166,B0001,C0040,38,73
U+304D,100249371_00002_2,1213,2239,B0001,C0041,53,110
U+897F,100249371_00002_2,1183,2368,B0001,C0042,111,84
U+5DDE,100249371_00002_2,1193,2452,B0001,C0043,93,124
U+306E,100249371_00002_2,1207,2595,B0001,C0044,71,88
U+7570,100249371_00002_2,1012,355,B0001,C0045,67,151
U+4EBA,100249371_00002_2,963,513,B0001,C0046,135,124
U+9577,100249371_00002_2,993,630,B0001,C0047,108,133
U+6C0F,100249371_00002_2,1000,783,B0001,C0048,105,115
U+306A,100249371_00002_2,1010,896,B0001,C0049,79,96
U+308B,100249371_00002_2,1032,992,B0001,C0050,38,78
U+3082,100249371_00002_2,1028,1071,B0001,C0051,43,105
U+306E,100249371_00002_2,1005,1177,B0001,C0052,72,75
U+3088,100249371_00002_2,1036,1260,B0001,C0053,31,56
U+308A,100249371_00002_2,1030,1316,B0001,C0054,45,94
U+4F1D,100249371_00002_2,989,1404,B0001,C0055,108,116
U+308B,100249371_00002_2,1024,1516,B0001,C0056,47,82
U+6240,100249371_00002_2,997,1598,B0001,C0057,101,93
U+306E,100249371_00002_2,1010,1713,B0001,C0058,78,85
U+9752,100249371_00002_2,1014,1798,B0001,C0059,68,147
U+7269,100249371_00002_2,993,1945,B0001,C0060,109,90
U+7802,100249371_00002_2,1002,2052,B0001,C0061,103,77
U+7CD6,100249371_00002_2,999,2129,B0001,C0062,106,133
U+6F2C,100249371_00002_2,1002,2268,B0001,C0063,95,132
U+306E,100249371_00002_2,1013,2413,B0001,C0064,59,62
U+4F1D,100249371_00002_2,994,2476,B0001,C0065,102,98
U+66F8,100249371_00002_2,1011,2574,B0001,C0066,74,99
U+306B,100249371_00002_2,803,361,B0001,C0067,96,89
U+3057,100249371_00002_2,841,458,B0001,C0068,24,119
U+3066,100249371_00002_2,832,579,B0001,C0069,33,131
U+98A8,100249371_00002_2,797,728,B0001,C0070,108,124
U+6D41,100249371_00002_2,795,852,B0001,C0071,124,119
U+55AB,100249371_00002_2,787,987,B0001,C0072,123,162
U+8336,100249371_00002_2,811,1143,B0001,C0073,101,128
U+306E,100249371_00002_2,828,1289,B0001,C0074,67,56
U+5BA2,100249371_00002_2,817,1347,B0001,C0075,79,154
U+5EA7,100249371_00002_2,813,1508,B0001,C0076,98,145
U+53F3,100249371_00002_2,816,1653,B0001,C0077,90,102
U+4E00,100249371_00002_2,812,1782,B0001,C0078,96,23
U+65E5,100249371_00002_2,827,1829,B0001,C0079,65,70
U+3082,100249371_00002_2,841,1900,B0001,C0080,50,103
U+6B20,100249371_00002_2,833,2018,B0001,C0081,65,110
U+3078,100249371_00002_2,822,2128,B0001,C0082,89,121
U+304B,100249371_00002_2,860,2272,B0001,C0083,31,90
U+3089,100249371_00002_2,856,2362,B0001,C0084,31,101
U+3055,100249371_00002_2,844,2484,B0001,C0085,43,99
U+308B,100249371_00002_2,841,2583,B0001,C0086,46,84
U+73CD,100249371_00002_2,612,368,B0001,C0087,96,122
U+66F8,100249371_00002_2,610,491,B0001,C0088,82,168
U+306A,100249371_00002_2,619,676,B0001,C0089,66,118
U+308A,100249371_00002_2,635,794,B0001,C0090,46,94
U+6B64,100249371_00002_2,603,899,B0001,C0091,99,108
U+66F8,100249371_00002_2,595,998,B0001,C0092,97,182
U+4E00,100249371_00002_2,612,1210,B0001,C0093,88,25
U+672C,100249371_00002_2,613,1248,B0001,C0094,92,164
U+3092,100249371_00002_2,620,1412,B0001,C0095,80,81
U+61D0,100249371_00002_2,614,1500,B0001,C0096,104,141
U+4E2D,100249371_00002_2,625,1637,B0001,C0097,89,138
U+3059,100249371_00002_2,646,1775,B0001,C0098,57,99
U+308C,100249371_00002_2,636,1874,B0001,C0099,63,112
U+306F,100249371_00002_2,633,1986,B0001,C0100,74,50
U+5F8C,100249371_00002_2,624,2054,B0001,C0101,86,129
U+5712,100249371_00002_2,633,2183,B0001,C0102,77,170
U+306B,100249371_00002_2,659,2354,B0001,C0103,35,59
U+6709,100249371_00002_2,645,2420,B0001,C0104,55,116
U+5408,100249371_00002_2,611,2542,B0001,C0105,96,140
U+677E,100249371_00002_2,434,367,B0001,C0106,74,178
U+306E,100249371_00002_2,427,572,B0001,C0107,88,103
U+307F,100249371_00002_2,447,686,B0001,C0108,41,92
U+3068,100249371_00002_2,458,778,B0001,C0109,30,84
U+308A,100249371_00002_2,448,862,B0001,C0110,46,102
U+3042,100249371_00002_2,423,981,B0001,C0111,102,83
U+308B,100249371_00002_2,456,1064,B0001,C0112,44,79
U+3072,100249371_00002_2,441,1143,B0001,C0113,75,113
U+306F,100249371_00002_2,446,1275,B0001,C0114,66,45
U+5C0F,100249371_00002_2,428,1339,B0001,C0115,97,98
U+6C60,100249371_00002_2,435,1437,B0001,C0116,107,125
U+306B,100249371_00002_2,442,1563,B0001,C0117,81,73
U+751F,100249371_00002_2,448,1657,B0001,C0118,55,109
U+3057,100249371_00002_2,477,1766,B0001,C0119,18,79
U+305F,100249371_00002_2,467,1845,B0001,C0120,42,98
U+308B,100249371_00002_2,468,1943,B0001,C0121,37,65
U+84EE,100249371_00002_2,426,2031,B0001,C0122,105,145
U+306E,100249371_00002_2,448,2208,B0001,C0123,71,94
U+6839,100249371_00002_2,434,2304,B0001,C0124,113,106
U+306A,100249371_00002_2,455,2444,B0001,C0125,72,116
U+3068,100249371_00002_2,470,2560,B0001,C0126,35,111
U+307B,100249371_00002_2,241,377,B0001,C0127,93,90
U+308A,100249371_00002_2,263,472,B0001,C0128,44,66
U+3068,100249371_00002_2,271,542,B0001,C0129,29,89
U+308A,100249371_00002_2,260,631,B0001,C0130,50,124
U+3066,100249371_00002_2,263,762,B0001,C0131,28,92
U+3084,100249371_00002_2,235,879,B0001,C0132,94,86
U+304B,100249371_00002_2,271,971,B0001,C0133,29,61
U+3066,100249371_00002_2,265,1032,B0001,C0134,30,117
U+7802,100249371_00002_2,224,1176,B0001,C0135,119,112
U+7CD6,100249371_00002_2,231,1269,B0001,C0136,118,141
U+3092,100249371_00002_2,257,1427,B0001,C0137,72,73
U+3082,100249371_00002_2,282,1510,B0001,C0138,35,98
U+3066,100249371_00002_2,265,1613,B0001,C0139,56,111
U+88FD,100249371_00002_2,252,1724,B0001,C0140,93,149
U+3059,100249371_00002_2,263,1882,B0001,C0141,69,98
U+308C,100249371_00002_2,270,1953,B0001,C0142,61,125
U+306F,100249371_00002_2,262,2078,B0001,C0143,71,51
U+5484,100249371_00002_2,244,2158,B0001,C0144,119,91
U+55DF,100249371_00002_2,253,2288,B0001,C0145,108,126
U+306E,100249371_00002_2,267,2456,B0001,C0146,75,92
U+9593,100249371_00002_2,279,2548,B0001,C0147,56,116
U+5929,100249371_00003_1,1579,370,B0001,C0001,111,123
U+4E0A,100249371_00003_1,1608,479,B0001,C0002,56,92
U+306E,100249371_00003_1,1606,605,B0001,C0003,69,64
U+918D,100249371_00003_1,1576,684,B0001,C0004,107,120
U+9190,100249371_00003_1,1571,833,B0001,C0005,125,91
U+5473,100249371_00003_1,1576,926,B0001,C0006,108,118
U+3082,100249371_00003_1,1621,1044,B0001,C0007,45,112
U+6307,100249371_00003_1,1571,1180,B0001,C0008,119,111
U+982D,100249371_00003_1,1579,1291,B0001,C0009,112,123
U+306E,100249371_00003_1,1617,1426,B0001,C0010,56,75
U+9593,100249371_00003_1,1618,1502,B0001,C0011,49,121
U+306B,100249371_00003_1,1600,1623,B0001,C0012,94,66
U+8ABF,100249371_00003_1,1582,1701,B0001,C0013,118,117
U+3059,100249371_00003_1,1613,1825,B0001,C0014,59,92
U+3078,100249371_00003_1,1584,1917,B0001,C0015,109,57
U+304D,100249371_00003_1,1627,1968,B0001,C0016,38,104
U+306A,100249371_00003_1,1607,2081,B0001,C0017,76,94
U+308A,100249371_00003_1,1629,2175,B0001,C0018,43,78
U+3055,100249371_00003_1,1628,2253,B0001,C0019,36,79
U+308C,100249371_00003_1,1591,2332,B0001,C0020,124,93
U+306F,100249371_00003_1,1617,2443,B0001,C0021,72,38
U+96EA,100249371_00003_1,1607,2496,B0001,C0022,79,166
U+6708,100249371_00003_1,1404,370,B0001,C0023,76,114
U+306E,100249371_00003_1,1412,518,B0001,C0024,75,80
U+7A93,100249371_00003_1,1402,599,B0001,C0025,92,164
U+6625,100249371_00003_1,1407,780,B0001,C0026,56,154
U+82B1,100249371_00003_1,1390,934,B0001,C0027,107,153
U+306E,100249371_00003_1,1411,1090,B0001,C0028,69,69
U+4E0B,100249371_00003_1,1414,1161,B0001,C0029,71,99
U+306B,100249371_00003_1,1427,1267,B0001,C0030,24,61
U+3066,100249371_00003_1,1410,1328,B0001,C0031,57,62
U+6545,100249371_00003_1,1389,1420,B0001,C0032,113,90
U+65E7,100249371_00003_1,1402,1511,B0001,C0033,94,150
U+76F8,100249371_00003_1,1407,1670,B0001,C0034,80,143
U+5BFE,100249371_00003_1,1401,1813,B0001,C0035,102,129
U+3057,100249371_00003_1,1446,1927,B0001,C0036,15,117
U+7159,100249371_00003_1,1400,2037,B0001,C0037,111,110
U+3092,100249371_00003_1,1419,2163,B0001,C0038,73,73
U+5438,100249371_00003_1,1408,2254,B0001,C0039,102,103
U+3072,100249371_00003_1,1424,2357,B0001,C0040,86,100
U+7092,100249371_00003_1,1404,2543,B0001,C0041,122,108
U+8C46,100249371_00003_1,1223,367,B0001,C0042,71,131
U+3092,100249371_00003_1,1220,530,B0001,C0043,84,74
U+304B,100249371_00003_1,1254,638,B0001,C0044,29,90
U+307F,100249371_00003_1,1200,734,B0001,C0045,110,106
U+3066,100249371_00003_1,1243,843,B0001,C0046,29,99
U+6642,100249371_00003_1,1201,965,B0001,C0047,103,104
U+4E8B,100249371_00003_1,1227,1069,B0001,C0048,72,206
U+3092,100249371_00003_1,1216,1251,B0001,C0049,79,75
U+8AC7,100249371_00003_1,1211,1356,B0001,C0050,110,124
U+3059,100249371_00003_1,1242,1473,B0001,C0051,47,96
U+308B,100249371_00003_1,1244,1569,B0001,C0052,43,69
U+3068,100249371_00003_1,1250,1650,B0001,C0053,39,76
U+304D,100249371_00003_1,1243,1726,B0001,C0054,52,104
U+306B,100249371_00003_1,1222,1830,B0001,C0055,78,80
U+3042,100249371_00003_1,1225,1941,B0001,C0056,87,98
U+305F,100249371_00003_1,1255,2039,B0001,C0057,36,61
U+308A,100249371_00003_1,1252,2100,B0001,C0058,39,68
U+3066,100249371_00003_1,1255,2169,B0001,C0059,24,94
U+9152,100249371_00003_1,1219,2273,B0001,C0060,98,127
U+8317,100249371_00003_1,1221,2400,B0001,C0061,89,152
U+3068,100249371_00003_1,1253,2574,B0001,C0062,30,104
U+4E09,100249371_00003_1,1043,382,B0001,C0063,60,92
U+5206,100249371_00003_1,1049,493,B0001,C0064,69,117
U+9F0E,100249371_00003_1,1027,633,B0001,C0065,90,132
U+5CD9,100249371_00003_1,1017,771,B0001,C0066,101,131
U+3059,100249371_00003_1,1046,904,B0001,C0067,52,95
U+308C,100249371_00003_1,1039,985,B0001,C0068,67,121
U+306F,100249371_00003_1,1050,1106,B0001,C0069,54,107
U+5247,100249371_00003_1,1024,1233,B0001,C0070,101,128
U+3053,100249371_00003_1,1041,1344,B0001,C0071,73,104
U+308C,100249371_00003_1,1045,1438,B0001,C0072,68,124
U+6607,100249371_00003_1,1030,1627,B0001,C0073,102,178
U+5E73,100249371_00003_1,1035,1808,B0001,C0074,99,128
U+306E,100249371_00003_1,1048,1955,B0001,C0075,72,67
U+4E00,100249371_00003_1,1050,2052,B0001,C0076,84,20
U+5927,100249371_00003_1,1053,2112,B0001,C0077,77,113
U+697D,100249371_00003_1,1041,2225,B0001,C0078,90,137
U+4E8B,100249371_00003_1,1051,2372,B0001,C0079,79,231
U+306B,100249371_00003_1,1074,2618,B0001,C0080,25,62
U+3042,100249371_00003_1,849,361,B0001,C0081,72,105
U+3089,100249371_00003_1,868,475,B0001,C0082,29,97
U+3059,100249371_00003_1,850,572,B0001,C0083,58,111
U+3084,100249371_00003_1,836,682,B0001,C0084,88,97
U+3068,100249371_00003_1,869,798,B0001,C0085,27,80
U+4E91,100249371_00003_1,870,895,B0001,C0086,46,72
U+305F,100249371_00003_1,666,1212,B0001,C0087,92,102
U+306B,100249371_00003_1,670,1314,B0001,C0088,80,81
U+306F,100249371_00003_1,686,1409,B0001,C0089,56,86
U+306E,100249371_00003_1,678,1514,B0001,C0090,63,78
U+56FD,100249371_00003_1,665,1592,B0001,C0091,87,108
U+4E80,100249371_00003_1,665,1700,B0001,C0092,89,159
U+306E,100249371_00003_1,675,1878,B0001,C0093,80,81
U+5C71,100249371_00003_1,675,1959,B0001,C0094,100,75
U+304B,100249371_00003_1,697,2037,B0001,C0095,29,85
U+3051,100249371_00003_1,690,2122,B0001,C0096,68,81
U+306B,100249371_00003_1,680,2204,B0001,C0097,78,59
U+4F4F,100249371_00003_1,670,2295,B0001,C0098,89,97
U+308B,100249371_00003_1,694,2392,B0001,C0099,48,54
U+5609,100249371_00003_1,487,380,B0001,C0100,103,140
U+6C38,100249371_00003_1,481,520,B0001,C0101,110,146
U+4E94,100249371_00003_1,497,697,B0001,C0102,93,86
U+5E74,100249371_00003_1,507,793,B0001,C0103,76,204
U+6625,100249371_00003_1,504,1006,B0001,C0104,75,147
U+56FD,100249371_00003_1,469,1617,B0001,C0105,120,155
U+83EF,100249371_00003_1,483,1795,B0001,C0106,96,211
U+9673,100249371_00003_1,474,1990,B0001,C0107,116,169
U+4EBA,100249371_00003_1,447,2170,B0001,C0108,153,131
U+984C,100249371_00003_1,477,2316,B0001,C0109,118,124
U+9F0E,100249371_00004_2,1599,353,B0001,C0001,112,160
U+5DE6,100249371_00004_2,1578,551,B0001,C0002,131,131
U+79D8,100249371_00004_2,1573,738,B0001,C0003,159,106
U+9332,100249371_00004_2,1587,907,B0001,C0004,141,121
U+76EE,100249371_00004_2,1438,743,B0001,C0005,71,102
U+9332,100249371_00004_2,1430,986,B0001,C0006,140,120
U+9752,100249371_00004_2,1234,464,B0001,C0007,103,159
U+7269,100249371_00004_2,1226,623,B0001,C0008,118,102
U+7802,100249371_00004_2,1227,736,B0001,C0009,119,104
U+7CD6,100249371_00004_2,1225,851,B0001,C0010,120,137
U+6F2C,100249371_00004_2,1235,997,B0001,C0011,112,144
U+306E,100249371_00004_2,1258,1170,B0001,C0012,60,69
U+6CD5,100249371_00004_2,1242,1239,B0001,C0013,99,111
U+521D,100249371_00004_2,1263,1594,B0001,C0014,76,81
U+4E01,100249371_00004_2,1258,1691,B0001,C0015,69,76
U+751F,100249371_00004_2,1075,624,B0001,C0016,72,105
U+59DC,100249371_00004_2,1065,894,B0001,C0017,99,126
U+4E8C,100249371_00004_2,1073,1281,B0001,C0018,68,59
U+4E01,100249371_00004_2,1067,1368,B0001,C0019,77,80
U+5929,100249371_00004_2,1063,1680,B0001,C0020,109,111
U+9580,100249371_00004_2,1068,1823,B0001,C0021,101,126
U+51AC,100249371_00004_2,1079,1938,B0001,C0022,85,144
U+4E8C,100249371_00004_2,1068,2258,B0001,C0023,82,65
U+4E01,100249371_00004_2,1065,2351,B0001,C0024,81,78
U+677E,100249371_00004_2,895,631,B0001,C0025,111,109
U+306E,100249371_00004_2,917,788,B0001,C0026,64,70
U+7DD1,100249371_00004_2,895,896,B0001,C0027,113,124
U+540C,100249371_00004_2,918,1298,B0001,C0028,63,63
U+4ECF,100249371_00004_2,895,1694,B0001,C0029,104,152
U+624B,100249371_00004_2,925,1830,B0001,C0030,54,112
U+67D1,100249371_00004_2,892,1958,B0001,C0031,99,110
U+4E09,100249371_00004_2,896,2266,B0001,C0032,70,69
U+4E01,100249371_00004_2,887,2359,B0001,C0033,76,67
U+91D1,100249371_00004_2,730,630,B0001,C0034,86,148
U+67D1,100249371_00004_2,710,890,B0001,C0035,114,117
U+4E09,100249371_00004_2,730,1289,B0001,C0036,71,58
U+4E01,100249371_00004_2,727,1371,B0001,C0037,71,69
U+8304,100249371_00004_2,735,1689,B0001,C0038,96,122
U+5B50,100249371_00004_2,750,1964,B0001,C0039,71,96
U+56DB,100249371_00004_2,734,2275,B0001,C0040,75,34
U+4E01,100249371_00004_2,723,2354,B0001,C0041,74,79
U+F999,100249371_00004_2,539,620,B0001,C0042,103,146
U+6839,100249371_00004_2,547,887,B0001,C0043,115,120
U+56DB,100249371_00004_2,546,1298,B0001,C0044,81,39
U+4E01,100249371_00004_2,547,1375,B0001,C0045,66,80
U+7B4D,100249371_00004_2,550,1687,B0001,C0046,86,165
U+540C,100249371_00004_2,558,2275,B0001,C0047,62,51
U+9EC4,100249371_00004_2,380,625,B0001,C0048,90,159
U+74DC,100249371_00004_2,374,876,B0001,C0049,103,119
U+540C,100249371_00004_2,375,1303,B0001,C0050,60,60
U+671D,100249371_00004_2,360,1694,B0001,C0051,107,118
U+74DC,100249371_00004_2,378,1942,B0001,C0052,95,113
U+540C,100249371_00004_2,383,2268,B0001,C0053,59,50
U+51AC,100249371_00004_2,198,619,B0001,C0054,104,151
U+74DC,100249371_00004_2,202,878,B0001,C0055,108,118
U+540C,100249371_00004_2,220,1305,B0001,C0056,52,55
U+897F,100249371_00004_2,192,1705,B0001,C0057,98,82
U+74DC,100249371_00004_2,194,1942,B0001,C0058,96,113
U+540C,100249371_00004_2,197,2265,B0001,C0059,66,47
U+725B,100249371_00005_1,1616,601,B0001,C0001,74,165
U+623F,100249371_00005_1,1601,867,B0001,C0002,107,140
U+4E94,100249371_00005_1,1595,1305,B0001,C0003,90,66
U+4E01,100249371_00005_1,1602,1393,B0001,C0004,83,74
U+4EBA,100249371_00005_1,1591,1708,B0001,C0005,107,89
U+53C2,100249371_00005_1,1600,1911,B0001,C0006,98,163
U+540C,100249371_00005_1,1618,2275,B0001,C0007,61,64
U+767E,100249371_00005_1,1417,638,B0001,C0008,99,108
U+5408,100249371_00005_1,1419,753,B0001,C0009,114,115
U+6839,100249371_00005_1,1405,892,B0001,C0010,141,118
U+540C,100249371_00005_1,1438,1316,B0001,C0011,59,57
U+7A7A,100249371_00005_1,1434,1691,B0001,C0012,71,153
U+8C46,100249371_00005_1,1440,1951,B0001,C0013,70,111
U+540C,100249371_00005_1,1438,2276,B0001,C0014,60,58
U+9EA6,100249371_00005_1,1256,620,B0001,C0015,71,142
U+9580,100249371_00005_1,1239,777,B0001,C0016,102,121
U+51AC,100249371_00005_1,1257,892,B0001,C0017,79,115
U+540C,100249371_00005_1,1269,1318,B0001,C0018,48,53
U+72EC,100249371_00005_1,1234,1700,B0001,C0019,104,119
U+6D3B,100249371_00005_1,1243,1962,B0001,C0020,105,112
U+540C,100249371_00005_1,1263,2276,B0001,C0021,55,57
U+8317,100249371_00005_1,1056,623,B0001,C0022,102,144
U+8377,100249371_00005_1,1067,772,B0001,C0023,99,121
U+30CE,100249371_00005_1,1137,894,B0001,C0024,28,33
U+5B50,100249371_00005_1,1083,908,B0001,C0025,69,95
U+540C,100249371_00005_1,1092,1317,B0001,C0026,60,55
U+8C46,100249371_00005_1,1078,1703,B0001,C0027,78,120
U+8150,100249371_00005_1,1067,1921,B0001,C0028,92,160
U+540C,100249371_00005_1,1091,2277,B0001,C0029,55,61
U+690E,100249371_00005_1,877,628,B0001,C0030,116,144
U+8338,100249371_00005_1,893,830,B0001,C0031,97,208
U+540C,100249371_00005_1,908,1319,B0001,C0032,56,61
U+9644,100249371_00005_1,531,418,B0001,C0033,111,134
U+9332,100249371_00005_1,531,599,B0001,C0034,114,141
U+76EE,100249371_00005_1,547,776,B0001,C0035,73,129
U+6B21,100249371_00005_1,533,951,B0001,C0036,94,104
U+7149,100249371_00005_1,340,604,B0001,C0037,116,163
U+7F8A,100249371_00005_1,379,779,B0001,C0038,60,126
U+7FB9,100249371_00005_1,345,907,B0001,C0039,116,161
U+306E,100249371_00005_1,378,1097,B0001,C0040,59,47
U+65B9,100249371_00005_1,378,1144,B0001,C0041,57,137
U+516D,100249371_00005_1,369,1314,B0001,C0042,78,60
U+4E01,100249371_00005_1,370,1397,B0001,C0043,71,80
U+6727,100249371_00005_1,351,1689,B0001,C0044,132,136
U+7F8A,100249371_00005_1,381,1842,B0001,C0045,65,143
U+7FB9,100249371_00005_1,365,1976,B0001,C0046,97,153
U+306E,100249371_00005_1,386,2153,B0001,C0047,59,53
U+65B9,100249371_00005_1,383,2206,B0001,C0048,62,123
U+540C,100249371_00005_1,380,2386,B0001,C0049,62,59
U+9921,100249371_00005_1,170,637,B0001,C0050,122,156
U+306E,100249371_00005_1,207,862,B0001,C0051,61,67
U+65B9,100249371_00005_1,210,958,B0001,C0052,59,137
U+4E03,100249371_00005_1,207,1324,B0001,C0053,62,44
U+4E01,100249371_00005_1,194,1392,B0001,C0054,77,76
U+540C,100249371_00005_1,196,1702,B0001,C0055,88,109
U+65B9,100249371_00005_1,216,1883,B0001,C0056,60,116
U+540C,100249371_00005_1,214,2111,B0001,C0057,70,81
U+30AB,100249371_00005_2,1611,578,B0001,C0001,74,80
U+30B9,100249371_00005_2,1602,681,B0001,C0002,93,62
U+30C6,100249371_00005_2,1617,762,B0001,C0003,74,83
U+30A4,100249371_00005_2,1614,861,B0001,C0004,59,88
U+30E9,100249371_00005_2,1619,966,B0001,C0005,64,93
U+516B,100249371_00005_2,1607,1240,B0001,C0006,86,51
U+4E01,100249371_00005_2,1610,1329,B0001,C0007,74,86
U+4E2D,100249371_00005_2,1601,1736,B0001,C0008,89,128
U+83EF,100249371_00005_2,1595,1864,B0001,C0009,96,148
U+9945,100249371_00005_2,1592,2007,B0001,C0010,107,112
U+982D,100249371_00005_2,1594,2124,B0001,C0011,108,105
U+4E5D,100249371_00005_2,1614,2337,B0001,C0012,70,54
U+4E01,100249371_00005_2,1611,2440,B0001,C0013,72,65
U+85AF,100249371_00005_2,1419,569,B0001,C0014,109,173
U+9810,100249371_00005_2,1422,742,B0001,C0015,104,114
U+9945,100249371_00005_2,1415,856,B0001,C0016,114,129
U+982D,100249371_00005_2,1422,985,B0001,C0017,112,125
U+4E5D,100249371_00005_2,1439,1232,B0001,C0018,84,64
U+4E01,100249371_00005_2,1440,1333,B0001,C0019,80,87
U+845B,100249371_00005_2,1442,1748,B0001,C0020,71,151
U+9945,100249371_00005_2,1417,1938,B0001,C0021,113,133
U+982D,100249371_00005_2,1423,2109,B0001,C0022,107,106
U+5341,100249371_00005_2,1443,2334,B0001,C0023,67,73
U+4E01,100249371_00005_2,1441,2428,B0001,C0024,69,69
U+6D32,100249371_00005_2,1238,588,B0001,C0025,107,161
U+6D5C,100249371_00005_2,1241,745,B0001,C0026,104,122
U+7CD5,100249371_00005_2,1240,940,B0001,C0027,107,113
U+5341,100249371_00005_2,1269,1238,B0001,C0028,78,83
U+4E01,100249371_00005_2,1268,1332,B0001,C0029,85,80
U+7C73,100249371_00005_2,1321,1768,B0001,C0030,65,103
U+306E,100249371_00005_2,1325,1888,B0001,C0031,44,43
U+7C89,100249371_00005_2,1320,1933,B0001,C0032,65,73
U+306E,100249371_00005_2,1322,2026,B0001,C0033,53,60
U+6CD5,100249371_00005_2,1315,2103,B0001,C0034,60,83
U+714E,100249371_00005_2,1243,1752,B0001,C0035,69,105
U+3057,100249371_00005_2,1272,1863,B0001,C0036,11,79
U+7802,100249371_00005_2,1240,1959,B0001,C0037,72,76
U+7CD6,100249371_00005_2,1231,2071,B0001,C0038,73,126
U+5341,100249371_00005_2,1275,2328,B0001,C0039,56,52
U+56DB,100249371_00005_2,1266,2376,B0001,C0040,78,37
U+4E01,100249371_00005_2,1279,2428,B0001,C0041,61,82
U+6C42,100249371_00005_2,1060,582,B0001,C0042,120,123
U+80A5,100249371_00005_2,1060,759,B0001,C0043,115,102
U+7CD5,100249371_00005_2,1063,932,B0001,C0044,111,135
U+540C,100249371_00005_2,1092,1250,B0001,C0045,66,68
U+76CA,100249371_00005_2,1065,1754,B0001,C0046,96,125
U+5BFF,100249371_00005_2,1065,1914,B0001,C0047,98,145
U+7CD5,100249371_00005_2,1061,2101,B0001,C0048,93,101
U+5341,100249371_00005_2,1088,2317,B0001,C0049,64,88
U+4E00,100249371_00005_2,1090,2413,B0001,C0050,72,15
U+4E01,100249371_00005_2,1081,2454,B0001,C0051,83,82
U+767D,100249371_00005_2,909,589,B0001,C0052,66,91
U+96EA,100249371_00005_2,905,760,B0001,C0053,75,112
U+7CD5,100249371_00005_2,894,933,B0001,C0054,100,123
U+5341,100249371_00005_2,914,1243,B0001,C0055,65,82
U+4E8C,100249371_00005_2,902,1339,B0001,C0056,94,47
U+990A,100249371_00005_2,901,1755,B0001,C0057,80,154
U+547D,100249371_00005_2,891,1932,B0001,C0058,111,156
U+7CD5,100249371_00005_2,894,2102,B0001,C0059,104,111
U+5341,100249371_00005_2,916,2335,B0001,C0060,58,72
U+4E09,100249371_00005_2,919,2449,B0001,C0061,60,61
U+843D,100249371_00005_2,724,580,B0001,C0062,101,129
U+5382,100249371_00005_2,724,770,B0001,C0063,82,98
U+7CD5,100249371_00005_2,716,942,B0001,C0064,110,118
U+5341,100249371_00005_2,740,1239,B0001,C0065,78,88
U+56DB,100249371_00005_2,731,1344,B0001,C0066,91,44
U+6C42,100249371_00005_2,731,1748,B0001,C0067,110,138
U+80A5,100249371_00005_2,717,1937,B0001,C0068,104,100
U+98F4,100249371_00005_2,720,2091,B0001,C0069,103,117
U+5341,100249371_00005_2,734,2338,B0001,C0070,78,71
U+56DB,100249371_00005_2,733,2449,B0001,C0071,82,35
U+91D1,100249371_00005_2,549,582,B0001,C0072,99,131
U+7CF8,100249371_00005_2,542,745,B0001,C0073,103,126
U+98F4,100249371_00005_2,540,933,B0001,C0074,117,111
U+5341,100249371_00005_2,561,1246,B0001,C0075,68,70
U+4E94,100249371_00005_2,542,1316,B0001,C0076,92,62
U+540C,100249371_00005_2,550,1763,B0001,C0077,87,95
U+4E8C,100249371_00005_2,551,1931,B0001,C0078,78,74
U+756A,100249371_00005_2,554,2071,B0001,C0079,66,139
U+5341,100249371_00005_2,566,2342,B0001,C0080,58,64
U+4E94,100249371_00005_2,558,2418,B0001,C0081,72,67
U+6C34,100249371_00005_2,366,571,B0001,C0082,93,106
U+83D3,100249371_00005_2,371,700,B0001,C0083,82,125
U+5B50,100249371_00005_2,379,825,B0001,C0084,74,68
U+82B1,100249371_00005_2,360,893,B0001,C0085,99,97
U+9905,100249371_00005_2,359,997,B0001,C0086,117,94
U+5341,100249371_00005_2,389,1249,B0001,C0087,59,64
U+516D,100249371_00005_2,373,1313,B0001,C0088,80,61
U+82E5,100249371_00005_2,374,1761,B0001,C0089,76,124
U+83DC,100249371_00005_2,371,1900,B0001,C0090,85,162
U+9905,100249371_00005_2,360,2098,B0001,C0091,107,141
U+5341,100249371_00005_2,387,2344,B0001,C0092,55,75
U+4E03,100249371_00005_2,376,2424,B0001,C0093,73,55
U+67D8,100249371_00005_2,176,578,B0001,C0094,106,94
U+69B4,100249371_00005_2,179,771,B0001,C0095,103,91
U+9905,100249371_00005_2,181,936,B0001,C0096,100,147
U+5341,100249371_00005_2,197,1241,B0001,C0097,72,86
U+4E03,100249371_00005_2,189,1328,B0001,C0098,85,47
U+5C71,100249371_00005_2,184,1744,B0001,C0099,103,95
U+6912,100249371_00005_2,172,1897,B0001,C0100,124,119
U+9905,100249371_00005_2,176,2083,B0001,C0101,106,158
U+5341,100249371_00005_2,191,2350,B0001,C0102,77,68
U+516B,100249371_00005_2,193,2428,B0001,C0103,89,47
U+5357,100249371_00006_1,1615,575,B0001,C0001,77,114
U+86EE,100249371_00006_1,1603,744,B0001,C0002,100,136
U+9905,100249371_00006_1,1598,936,B0001,C0003,110,131
U+5341,100249371_00006_1,1621,1237,B0001,C0004,60,91
U+516B,100249371_00006_1,1604,1323,B0001,C0005,106,61
U+5C0F,100249371_00006_1,1590,1759,B0001,C0006,86,78
U+5009,100249371_00006_1,1592,1866,B0001,C0007,88,131
U+91CE,100249371_00006_1,1588,2029,B0001,C0008,84,103
U+5341,100249371_00006_1,1602,2336,B0001,C0009,64,69
U+516B,100249371_00006_1,1591,2405,B0001,C0010,89,62
U+771F,100249371_00006_1,1429,581,B0001,C0011,77,118
U+76DB,100249371_00006_1,1432,728,B0001,C0012,84,148
U+8C46,100249371_00006_1,1441,943,B0001,C0013,84,110
U+5341,100249371_00006_1,1434,1246,B0001,C0014,69,64
U+4E5D,100249371_00006_1,1426,1303,B0001,C0015,82,64
U+5473,100249371_00006_1,1413,1738,B0001,C0016,100,119
U+564C,100249371_00006_1,1402,1881,B0001,C0017,108,122
U+677E,100249371_00006_1,1408,2023,B0001,C0018,88,85
U+98A8,100249371_00006_1,1409,2138,B0001,C0019,96,108
U+5341,100249371_00006_1,1417,2344,B0001,C0020,61,51
U+4E5D,100249371_00006_1,1425,2395,B0001,C0021,71,50
U+7802,100249371_00006_1,1230,591,B0001,C0022,115,103
U+7CD6,100249371_00006_1,1226,752,B0001,C0023,118,133
U+871C,100249371_00006_1,1238,909,B0001,C0024,101,141
U+5EFF,100249371_00006_1,1250,1242,B0001,C0025,92,71
U+3042,100249371_00006_1,1241,1759,B0001,C0026,79,97
U+3052,100249371_00006_1,1248,1856,B0001,C0027,106,91
U+307E,100249371_00006_1,1258,1947,B0001,C0028,42,95
U+304D,100249371_00006_1,1252,2044,B0001,C0029,41,117
U+5EFF,100249371_00006_1,1238,2352,B0001,C0030,87,66
U+5BD2,100249371_00006_1,1067,578,B0001,C0031,88,162
U+6652,100249371_00006_1,1050,778,B0001,C0032,117,76
U+7C89,100249371_00006_1,1056,928,B0001,C0033,107,103
U+88FD,100249371_00006_1,1057,1073,B0001,C0034,87,132
U+65B9,100249371_00006_1,1072,1206,B0001,C0035,63,121
U+5EFF,100249371_00006_1,1067,1419,B0001,C0036,85,67
U+516D,100249371_00006_1,1067,1491,B0001,C0037,80,72
U+7092,100249371_00006_1,1050,1762,B0001,C0038,106,99
U+7C73,100249371_00006_1,1065,2030,B0001,C0039,78,111
U+5EFF,100249371_00006_1,1060,2350,B0001,C0040,86,75
U+516D,100249371_00006_1,1063,2427,B0001,C0041,73,65
U+84EE,100249371_00006_1,880,582,B0001,C0042,107,148
U+7389,100249371_00006_1,905,766,B0001,C0043,82,107
U+5B50,100249371_00006_1,913,879,B0001,C0044,61,109
U+6CD5,100249371_00006_1,897,1044,B0001,C0045,83,97
U+5EFF,100249371_00006_1,901,1236,B0001,C0046,75,61
U+4E03,100249371_00006_1,898,1318,B0001,C0047,84,49
U+9B92,100249371_00006_1,879,1747,B0001,C0048,118,154
U+6DC0,100249371_00006_1,885,1924,B0001,C0049,107,101
U+5DDD,100249371_00006_1,892,2051,B0001,C0050,80,98
U+716E,100249371_00006_1,884,2145,B0001,C0051,107,112
U+5EFF,100249371_00006_1,898,2349,B0001,C0052,67,64
U+4E03,100249371_00006_1,894,2434,B0001,C0053,71,45
U+8AF8,100249371_00006_1,723,588,B0001,C0054,99,125
U+9B5A,100249371_00006_1,729,737,B0001,C0055,86,123
U+985E,100249371_00006_1,719,871,B0001,C0056,100,116
U+9AA8,100249371_00006_1,719,1012,B0001,C0057,97,124
U+3068,100249371_00006_1,754,1117,B0001,C0058,28,77
U+3082,100249371_00006_1,734,1194,B0001,C0059,58,79
U+548C,100249371_00006_1,720,1298,B0001,C0060,100,85
U+3089,100249371_00006_1,762,1382,B0001,C0061,27,68
U+304B,100249371_00006_1,752,1447,B0001,C0062,32,67
U+306B,100249371_00006_1,723,1512,B0001,C0063,85,64
U+716E,100249371_00006_1,720,1578,B0001,C0064,83,128
U+308B,100249371_00006_1,742,1706,B0001,C0065,41,101
U+6CD5,100249371_00006_1,714,1807,B0001,C0066,89,112
U+5EFF,100249371_00006_1,722,2033,B0001,C0067,68,71
U+4E03,100249371_00006_1,725,2123,B0001,C0068,63,53
U+80B4,100249371_00006_1,546,588,B0001,C0069,79,151
U+3092,100249371_00006_1,547,756,B0001,C0070,72,84
U+5BD2,100249371_00006_1,551,868,B0001,C0071,66,147
U+6C34,100249371_00006_1,544,1024,B0001,C0072,88,105
U+306B,100249371_00006_1,573,1165,B0001,C0073,34,64
U+6F2C,100249371_00006_1,538,1268,B0001,C0074,88,145
U+308B,100249371_00006_1,569,1413,B0001,C0075,32,80
U+6CD5,100249371_00006_1,533,1537,B0001,C0076,83,93
U+5EFF,100249371_00006_1,549,2033,B0001,C0077,66,53
U+4E03,100249371_00006_1,549,2111,B0001,C0078,66,53
U+716E,100249371_00006_1,354,592,B0001,C0079,102,188
U+306C,100249371_00006_1,363,797,B0001,C0080,86,85
U+304D,100249371_00006_1,393,882,B0001,C0081,36,124
U+7389,100249371_00006_1,379,1026,B0001,C0082,76,105
U+5B50,100249371_00006_1,379,1131,B0001,C0083,64,108
U+306E,100249371_00006_1,374,1269,B0001,C0084,57,70
U+6CD5,100249371_00006_1,365,1350,B0001,C0085,81,98
U+5EFF,100249371_00006_1,362,2043,B0001,C0086,79,60
U+516B,100249371_00006_1,357,2113,B0001,C0087,91,50
U+98A8,100249371_00006_1,185,612,B0001,C0088,102,99
U+6D41,100249371_00006_1,177,764,B0001,C0089,112,94
U+3059,100249371_00006_1,187,915,B0001,C0090,80,105
U+3072,100249371_00006_1,191,1020,B0001,C0091,78,87
U+3082,100249371_00006_1,208,1107,B0001,C0092,34,117
U+306E,100249371_00006_1,188,1224,B0001,C0093,62,78
U+5EFF,100249371_00006_1,189,1446,B0001,C0094,63,57
U+516B,100249371_00006_1,179,1513,B0001,C0095,80,59
U+53C8,100249371_00006_1,192,1825,B0001,C0096,77,101
U+65B9,100249371_00006_1,197,1944,B0001,C0097,55,139
U+540C,100249371_00006_1,191,2176,B0001,C0098,62,69
U+8F9B,100249371_00006_2,1599,601,B0001,C0001,67,176
U+87BA,100249371_00006_2,1575,796,B0001,C0002,101,111
U+306E,100249371_00006_2,1609,944,B0001,C0003,59,66
U+5B9F,100249371_00006_2,1591,1010,B0001,C0004,86,165
U+306C,100249371_00006_2,1584,1213,B0001,C0005,88,73
U+304D,100249371_00006_2,1610,1286,B0001,C0006,61,115
U+3084,100249371_00006_2,1596,1401,B0001,C0007,79,64
U+3046,100249371_00006_2,1611,1465,B0001,C0008,38,116
U+5EFF,100249371_00006_2,1602,2139,B0001,C0009,70,71
U+516B,100249371_00006_2,1603,2235,B0001,C0010,81,50
U+540C,100249371_00006_2,1415,595,B0001,C0011,79,94
U+3064,100249371_00006_2,1421,797,B0001,C0012,72,84
U+307B,100249371_00006_2,1431,882,B0001,C0013,74,76
U+713C,100249371_00006_2,1408,972,B0001,C0014,109,127
U+306E,100249371_00006_2,1434,1153,B0001,C0015,63,87
U+6CD5,100249371_00006_2,1415,1257,B0001,C0016,97,105
U+5EFF,100249371_00006_2,1426,2136,B0001,C0017,80,73
U+4E5D,100249371_00006_2,1432,2235,B0001,C0018,83,63
U+9577,100249371_00006_2,1239,592,B0001,C0019,96,130
U+547D,100249371_00006_2,1248,810,B0001,C0020,83,190
U+9152,100249371_00006_2,1242,1002,B0001,C0021,104,124
U+5345,100249371_00006_2,1256,2147,B0001,C0022,88,79
U+5C71,100249371_00006_2,1058,593,B0001,C0023,97,82
U+306E,100249371_00006_2,1080,699,B0001,C0024,54,66
U+828B,100249371_00006_2,1070,765,B0001,C0025,68,139
U+7D50,100249371_00006_2,1055,939,B0001,C0026,100,132
U+3072,100249371_00006_2,1073,1071,B0001,C0027,75,84
U+6CD5,100249371_00006_2,1065,1190,B0001,C0028,91,110
U+540C,100249371_00006_2,1089,2157,B0001,C0029,60,59
U+5C71,100249371_00006_2,894,589,B0001,C0030,85,99
U+8475,100249371_00006_2,874,688,B0001,C0031,110,152
U+306A,100249371_00006_2,898,854,B0001,C0032,84,91
U+304D,100249371_00006_2,918,945,B0001,C0033,46,127
U+6642,100249371_00006_2,892,1068,B0001,C0034,104,135
U+65E9,100249371_00006_2,905,1209,B0001,C0035,62,87
U+901F,100249371_00006_2,884,1296,B0001,C0036,95,120
U+308F,100249371_00006_2,912,1425,B0001,C0037,39,75
U+3055,100249371_00006_2,916,1500,B0001,C0038,36,79
U+3072,100249371_00006_2,897,1579,B0001,C0039,94,94
U+9020,100249371_00006_2,878,1675,B0001,C0040,95,144
U+308B,100249371_00006_2,923,1819,B0001,C0041,26,90
U+6CD5,100249371_00006_2,888,1909,B0001,C0042,98,117
U+540C,100249371_00006_2,915,2159,B0001,C0043,60,62
U+6E6F,100249371_00006_2,709,588,B0001,C0044,98,136
U+9999,100249371_00006_2,719,797,B0001,C0045,60,149
U+714E,100249371_00006_2,721,966,B0001,C0046,76,145
U+306E,100249371_00006_2,733,1152,B0001,C0047,65,73
U+65B9,100249371_00006_2,736,1229,B0001,C0048,56,138
U+540C,100249371_00006_2,740,2164,B0001,C0049,60,58
U+6F2C,100249371_00006_2,529,583,B0001,C0050,101,137
U+96EA,100249371_00006_2,549,760,B0001,C0051,63,166
U+82B1,100249371_00006_2,539,930,B0001,C0052,91,148
U+83DC,100249371_00006_2,542,1103,B0001,C0053,88,157
U+306E,100249371_00006_2,559,1297,B0001,C0054,61,82
U+6CD5,100249371_00006_2,543,1394,B0001,C0055,95,121
U+5345,100249371_00006_2,550,2166,B0001,C0056,80,50
U+516D,100249371_00006_2,555,2251,B0001,C0057,75,54
U+67DA,100249371_00006_2,349,592,B0001,C0058,104,120
U+9752,100249371_00006_2,377,747,B0001,C0059,52,137
U+3065,100249371_00006_2,361,917,B0001,C0060,113,87
U+3051,100249371_00006_2,365,1011,B0001,C0061,74,114
U+306E,100249371_00006_2,368,1147,B0001,C0062,62,68
U+6CD5,100249371_00006_2,356,1267,B0001,C0063,97,112
U+540C,100249371_00006_2,383,2155,B0001,C0064,60,70
U+624B,100249371_00006_2,189,604,B0001,C0065,69,109
U+88FD,100249371_00006_2,176,742,B0001,C0066,101,141
U+80E1,100249371_00006_2,173,934,B0001,C0067,104,80
U+9EBB,100249371_00006_2,181,1041,B0001,C0068,107,122
U+306E,100249371_00006_2,194,1199,B0001,C0069,69,75
U+6CB9,100249371_00006_2,183,1289,B0001,C0070,96,95
U+306E,100249371_00006_2,200,1420,B0001,C0071,65,89
U+6CD5,100249371_00006_2,189,1509,B0001,C0072,90,127
U+540C,100249371_00006_2,200,2160,B0001,C0073,63,56
U+677E,100249371_00007_1,1590,618,B0001,C0001,106,94
U+8338,100249371_00007_1,1603,737,B0001,C0002,81,186
U+306E,100249371_00007_1,1607,953,B0001,C0003,61,59
U+305F,100249371_00007_1,1597,1043,B0001,C0004,83,77
U+304F,100249371_00007_1,1623,1137,B0001,C0005,40,58
U+306F,100249371_00007_1,1622,1195,B0001,C0006,38,113
U+3078,100249371_00007_1,1595,1308,B0001,C0007,87,65
U+306E,100249371_00007_1,1610,1388,B0001,C0008,56,69
U+6CD5,100249371_00007_1,1598,1463,B0001,C0009,80,106
U+5345,100249371_00007_1,1600,2173,B0001,C0010,90,64
U+4E03,100249371_00007_1,1604,2253,B0001,C0011,77,48
U+67FF,100249371_00007_1,1409,626,B0001,C0012,104,108
U+306E,100249371_00007_1,1416,797,B0001,C0013,80,90
U+305F,100249371_00007_1,1423,915,B0001,C0014,62,148
U+304F,100249371_00007_1,1435,1063,B0001,C0015,34,66
U+306F,100249371_00007_1,1428,1145,B0001,C0016,44,96
U+3078,100249371_00007_1,1406,1241,B0001,C0017,94,66
U+306E,100249371_00007_1,1427,1328,B0001,C0018,58,55
U+6CD5,100249371_00007_1,1410,1458,B0001,C0019,92,112
U+540C,100249371_00007_1,1432,2166,B0001,C0020,65,72
U+8F9B,100249371_00007_1,1249,619,B0001,C0021,69,140
U+5473,100249371_00007_1,1233,764,B0001,C0022,96,78
U+5927,100249371_00007_1,1235,860,B0001,C0023,84,105
U+6839,100249371_00007_1,1224,967,B0001,C0024,111,108
U+306E,100249371_00007_1,1248,1079,B0001,C0025,65,61
U+306A,100249371_00007_1,1240,1151,B0001,C0026,77,72
U+304D,100249371_00007_1,1257,1217,B0001,C0027,58,116
U+6642,100249371_00007_1,1224,1337,B0001,C0028,98,91
U+304B,100249371_00007_1,1234,1439,B0001,C0029,84,60
U+3089,100249371_00007_1,1276,1490,B0001,C0030,25,78
U+304F,100249371_00007_1,1270,1568,B0001,C0031,23,74
U+3059,100249371_00007_1,1244,1648,B0001,C0032,81,75
U+308B,100249371_00007_1,1256,1723,B0001,C0033,45,57
U+6CD5,100249371_00007_1,1228,1780,B0001,C0034,99,105
U+540C,100249371_00007_1,1242,2168,B0001,C0035,69,69
U+9905,100249371_00007_1,1047,630,B0001,C0036,115,149
U+306B,100249371_00007_1,1097,782,B0001,C0037,25,70
U+304B,100249371_00007_1,1062,881,B0001,C0038,77,68
U+3073,100249371_00007_1,1064,955,B0001,C0039,88,90
U+306E,100249371_00007_1,1082,1075,B0001,C0040,59,62
U+51FA,100249371_00007_1,1070,1154,B0001,C0041,89,83
U+3055,100249371_00007_1,1089,1256,B0001,C0042,35,74
U+308B,100249371_00007_1,1083,1330,B0001,C0043,46,78
U+6CD5,100249371_00007_1,1069,1448,B0001,C0044,85,103
U+540C,100249371_00007_1,1072,2174,B0001,C0045,65,61
U+9162,100249371_00007_1,882,634,B0001,C0046,107,99
U+306B,100249371_00007_1,924,761,B0001,C0047,29,70
U+767D,100249371_00007_1,898,866,B0001,C0048,62,100
U+8863,100249371_00007_1,891,966,B0001,C0049,82,105
U+306E,100249371_00007_1,902,1089,B0001,C0050,56,75
U+751F,100249371_00007_1,900,1180,B0001,C0051,54,102
U+305B,100249371_00007_1,898,1282,B0001,C0052,58,80
U+3056,100249371_00007_1,914,1362,B0001,C0053,67,84
U+308B,100249371_00007_1,911,1446,B0001,C0054,42,83
U+6CD5,100249371_00007_1,894,1540,B0001,C0055,76,98
U+540C,100249371_00007_1,902,2182,B0001,C0056,55,67
U+5F01,100249371_00007_1,728,628,B0001,C0057,73,136
U+5F53,100249371_00007_1,725,764,B0001,C0058,84,131
U+91CD,100249371_00007_1,724,909,B0001,C0059,78,117
U+7BB1,100249371_00007_1,719,1042,B0001,C0060,87,128
U+306B,100249371_00007_1,749,1170,B0001,C0061,23,68
U+716E,100249371_00007_1,717,1234,B0001,C0062,92,131
U+305F,100249371_00007_1,746,1370,B0001,C0063,44,50
U+308B,100249371_00007_1,745,1420,B0001,C0064,34,61
U+7269,100249371_00007_1,706,1483,B0001,C0065,101,75
U+5165,100249371_00007_1,701,1574,B0001,C0066,109,59
U+3066,100249371_00007_1,747,1628,B0001,C0067,27,98
U+79FB,100249371_00007_1,715,1731,B0001,C0068,98,121
U+9999,100249371_00007_1,723,1852,B0001,C0069,70,117
U+305B,100249371_00007_1,730,1969,B0001,C0070,64,91
U+306C,100249371_00007_1,722,2060,B0001,C0071,77,80
U+6CD5,100249371_00007_1,720,2148,B0001,C0072,85,89
U+5E76,100249371_00007_1,783,2240,B0001,C0073,61,93
U+640D,100249371_00007_1,707,2303,B0001,C0074,102,110
U+305C,100249371_00007_1,728,2420,B0001,C0075,105,66
U+306C,100249371_00007_1,724,2486,B0001,C0076,76,75
U+6CD5,100249371_00007_1,718,2563,B0001,C0077,93,83
U+4E09,100249371_00007_1,806,2637,B0001,C0078,67,43
U+5341,100249371_00007_1,807,2680,B0001,C0079,69,23
U+516B,100249371_00007_1,813,2707,B0001,C0080,75,42
U+590F,100249371_00007_1,541,624,B0001,C0081,78,149
U+65E5,100249371_00007_1,553,794,B0001,C0082,59,65
U+9162,100249371_00007_1,538,883,B0001,C0083,99,101
U+53C8,100249371_00007_1,540,994,B0001,C0084,87,84
U+6885,100249371_00007_1,539,1095,B0001,C0085,93,98
U+9162,100249371_00007_1,532,1193,B0001,C0086,105,98
U+6F2C,100249371_00007_1,538,1296,B0001,C0087,93,128
U+306B,100249371_00007_1,550,1424,B0001,C0088,63,58
U+304B,100249371_00007_1,543,1510,B0001,C0089,78,52
U+3073,100249371_00007_1,551,1562,B0001,C0090,84,99
U+3092,100249371_00007_1,561,1664,B0001,C0091,54,74
U+51FA,100249371_00007_1,545,1756,B0001,C0092,83,69
U+3055,100249371_00007_1,564,1825,B0001,C0093,33,84
U+306C,100249371_00007_1,537,1909,B0001,C0094,86,92
U+6CD5,100249371_00007_1,539,2016,B0001,C0095,87,79
U+5345,100249371_00007_1,548,2194,B0001,C0096,80,59
U+516B,100249371_00007_1,537,2259,B0001,C0097,94,56
U+9152,100249371_00007_1,361,640,B0001,C0098,98,109
U+3082,100249371_00007_1,379,757,B0001,C0099,38,80
U+3061,100249371_00007_1,384,837,B0001,C0100,47,87
U+306E,100249371_00007_1,377,931,B0001,C0101,64,70
U+60AA,100249371_00007_1,370,1006,B0001,C0102,69,121
U+304D,100249371_00007_1,371,1127,B0001,C0103,71,82
U+9676,100249371_00007_1,363,1217,B0001,C0104,88,108
U+3092,100249371_00007_1,370,1333,B0001,C0105,70,65
U+3088,100249371_00007_1,400,1413,B0001,C0106,28,65
U+304F,100249371_00007_1,394,1478,B0001,C0107,26,59
U+3082,100249371_00007_1,386,1546,B0001,C0108,42,77
U+305F,100249371_00007_1,387,1623,B0001,C0109,39,72
U+3059,100249371_00007_1,373,1695,B0001,C0110,60,91
U+6CD5,100249371_00007_1,363,1786,B0001,C0111,86,110
U+540C,100249371_00007_1,366,2193,B0001,C0112,68,53
U+80E1,100249371_00007_1,183,645,B0001,C0113,90,111
U+6912,100249371_00007_1,182,786,B0001,C0114,101,96
U+3092,100249371_00007_1,194,899,B0001,C0115,69,79
U+7C89,100249371_00007_1,183,1001,B0001,C0116,102,115
U+306B,100249371_00007_1,219,1132,B0001,C0117,31,88
U+3059,100249371_00007_1,198,1220,B0001,C0118,62,99
U+308B,100249371_00007_1,208,1319,B0001,C0119,34,78
U+6CD5,100249371_00007_1,189,1397,B0001,C0120,87,114
U+5345,100249371_00007_1,191,2175,B0001,C0121,71,59
U+4E5D,100249371_00007_1,204,2249,B0001,C0122,64,56
U+25CB,100249371_00007_2,1628,457,B0001,C0001,74,73
U+8AF8,100249371_00007_2,1597,571,B0001,C0002,133,131
U+96D1,100249371_00007_2,1594,744,B0001,C0003,127,120
U+9580,100249371_00007_2,1606,922,B0001,C0004,104,125
U+6C34,100249371_00007_2,1435,623,B0001,C0005,107,109
U+4E0A,100249371_00007_2,1457,749,B0001,C0006,70,95
U+306B,100249371_00007_2,1454,844,B0001,C0007,73,75
U+58A8,100249371_00007_2,1442,945,B0001,C0008,89,137
U+306B,100249371_00007_2,1482,1084,B0001,C0009,23,71
U+3066,100249371_00007_2,1477,1155,B0001,C0010,28,105
U+6587,100249371_00007_2,1452,1282,B0001,C0011,96,109
U+5B57,100249371_00007_2,1462,1392,B0001,C0012,63,118
U+3092,100249371_00007_2,1450,1517,B0001,C0013,77,75
U+66F8,100249371_00007_2,1446,1606,B0001,C0014,75,74
U+304F,100249371_00007_2,1463,1694,B0001,C0015,39,83
U+6CD5,100249371_00007_2,1439,1777,B0001,C0016,91,126
U+5345,100249371_00007_2,1436,2362,B0001,C0017,84,53
U+4E5D,100249371_00007_2,1440,2458,B0001,C0018,77,68
U+767D,100249371_00007_2,1272,611,B0001,C0019,73,115
U+7D19,100249371_00007_2,1257,740,B0001,C0020,114,125
U+3092,100249371_00007_2,1278,853,B0001,C0021,59,77
U+706B,100249371_00007_2,1271,936,B0001,C0022,73,93
U+306B,100249371_00007_2,1267,1029,B0001,C0023,80,70
U+7099,100249371_00007_2,1282,1105,B0001,C0024,66,145
U+308A,100249371_00007_2,1296,1250,B0001,C0025,34,74
U+3066,100249371_00007_2,1281,1315,B0001,C0026,55,64
U+6587,100249371_00007_2,1262,1399,B0001,C0027,100,103
U+5B57,100249371_00007_2,1279,1506,B0001,C0028,64,124
U+3092,100249371_00007_2,1275,1636,B0001,C0029,67,86
U+3042,100249371_00007_2,1275,1722,B0001,C0030,74,93
U+3089,100249371_00007_2,1292,1815,B0001,C0031,36,80
U+306F,100249371_00007_2,1287,1895,B0001,C0032,51,42
U+3059,100249371_00007_2,1279,1937,B0001,C0033,65,83
U+6CD5,100249371_00007_2,1268,2020,B0001,C0034,87,115
U+56DB,100249371_00007_2,1273,2368,B0001,C0035,83,46
U+5341,100249371_00007_2,1280,2448,B0001,C0036,71,79
U+767D,100249371_00007_2,1096,626,B0001,C0037,74,96
U+7D19,100249371_00007_2,1090,740,B0001,C0038,97,103
U+306B,100249371_00007_2,1100,864,B0001,C0039,63,58
U+706B,100249371_00007_2,1093,932,B0001,C0040,77,93
U+3092,100249371_00007_2,1105,1026,B0001,C0041,60,72
U+3064,100249371_00007_2,1094,1113,B0001,C0042,74,64
U+3051,100249371_00007_2,1105,1179,B0001,C0043,71,95
U+6587,100249371_00007_2,1098,1269,B0001,C0044,72,100
U+5B57,100249371_00007_2,1099,1371,B0001,C0045,58,112
U+307B,100249371_00007_2,1093,1495,B0001,C0046,76,73
U+308A,100249371_00007_2,1107,1569,B0001,C0047,39,86
U+306C,100249371_00007_2,1088,1641,B0001,C0048,82,90
U+304D,100249371_00007_2,1106,1718,B0001,C0049,51,104
U+306B,100249371_00007_2,1080,1828,B0001,C0050,75,58
U+306A,100249371_00007_2,1086,1902,B0001,C0051,75,93
U+308B,100249371_00007_2,1110,1995,B0001,C0052,43,75
U+6CD5,100249371_00007_2,1090,2070,B0001,C0053,82,97
U+540C,100249371_00007_2,1093,2367,B0001,C0054,63,56
U+767D,100249371_00007_2,927,623,B0001,C0055,68,89
U+7D19,100249371_00007_2,919,739,B0001,C0056,96,101
U+3092,100249371_00007_2,926,850,B0001,C0057,68,71
U+6C34,100249371_00007_2,912,941,B0001,C0058,93,86
U+306B,100249371_00007_2,932,1039,B0001,C0059,68,64
U+3064,100249371_00007_2,924,1112,B0001,C0060,73,62
U+3051,100249371_00007_2,939,1174,B0001,C0061,60,83
U+767D,100249371_00007_2,923,1262,B0001,C0062,75,101
U+304D,100249371_00007_2,921,1363,B0001,C0063,71,84
U+6587,100249371_00007_2,912,1462,B0001,C0064,91,102
U+5B57,100249371_00007_2,922,1564,B0001,C0065,71,116
U+3042,100249371_00007_2,923,1692,B0001,C0066,76,82
U+3089,100249371_00007_2,937,1774,B0001,C0067,34,78
U+306F,100249371_00007_2,926,1857,B0001,C0068,54,37
U+308B,100249371_00007_2,938,1894,B0001,C0069,42,84
U+309D,100249371_00007_2,927,1978,B0001,C0070,32,57
U+6CD5,100249371_00007_2,908,2035,B0001,C0071,84,113
U+540C,100249371_00007_2,930,2372,B0001,C0072,58,50
U+714E,100249371_00007_2,750,629,B0001,C0073,78,151
U+3058,100249371_00007_2,782,783,B0001,C0074,61,104
U+305F,100249371_00007_2,765,892,B0001,C0075,33,54
U+308B,100249371_00007_2,761,946,B0001,C0076,41,71
U+8336,100249371_00007_2,737,1017,B0001,C0077,89,124
U+8336,100249371_00007_2,744,1157,B0001,C0078,69,142
U+7897,100249371_00007_2,732,1303,B0001,C0079,96,106
U+306E,100249371_00007_2,749,1428,B0001,C0080,60,65
U+4E2D,100249371_00007_2,751,1493,B0001,C0081,59,123
U+306B,100249371_00007_2,760,1612,B0001,C0082,21,58
U+3066,100249371_00007_2,740,1677,B0001,C0083,62,56
U+6C34,100249371_00007_2,724,1748,B0001,C0084,93,92
U+3068,100249371_00007_2,758,1840,B0001,C0085,32,66
U+5206,100249371_00007_2,750,1916,B0001,C0086,74,104
U+308B,100249371_00007_2,754,2020,B0001,C0087,45,84
U+6CD5,100249371_00007_2,733,2104,B0001,C0088,91,110
U+540C,100249371_00007_2,751,2371,B0001,C0089,62,52
U+7AF9,100249371_00007_2,566,635,B0001,C0090,103,121
U+7B52,100249371_00007_2,572,763,B0001,C0091,75,136
U+306B,100249371_00007_2,580,902,B0001,C0092,69,69
U+86CD,100249371_00007_2,573,971,B0001,C0093,77,137
U+3092,100249371_00007_2,578,1120,B0001,C0094,65,68
U+5165,100249371_00007_2,556,1210,B0001,C0095,97,66
U+308C,100249371_00007_2,588,1248,B0001,C0096,45,121
U+5916,100249371_00007_2,572,1394,B0001,C0097,78,115
U+3078,100249371_00007_2,566,1509,B0001,C0098,84,49
U+5149,100249371_00007_2,576,1565,B0001,C0099,69,120
U+308A,100249371_00007_2,595,1685,B0001,C0100,35,68
U+3092,100249371_00007_2,572,1767,B0001,C0101,70,81
U+51FA,100249371_00007_2,572,1864,B0001,C0102,88,87
U+3059,100249371_00007_2,577,1951,B0001,C0103,63,104
U+6CD5,100249371_00007_2,564,2049,B0001,C0104,88,101
U+540C,100249371_00007_2,573,2373,B0001,C0105,65,52
U+8C46,100249371_00007_2,394,631,B0001,C0106,62,120
U+8150,100249371_00007_2,379,751,B0001,C0107,88,163
U+306B,100249371_00007_2,384,929,B0001,C0108,78,59
U+7D75,100249371_00007_2,379,1003,B0001,C0109,94,114
U+306B,100249371_00007_2,402,1118,B0001,C0110,27,54
U+3066,100249371_00007_2,387,1172,B0001,C0111,67,74
U+3082,100249371_00007_2,395,1255,B0001,C0112,44,74
U+5B57,100249371_00007_2,383,1333,B0001,C0113,68,128
U+306B,100249371_00007_2,367,1466,B0001,C0114,87,61
U+3066,100249371_00007_2,389,1527,B0001,C0115,58,60
U+3082,100249371_00007_2,382,1587,B0001,C0116,49,79
U+66F8,100249371_00007_2,377,1674,B0001,C0117,72,84
U+3066,100249371_00007_2,390,1758,B0001,C0118,57,67
U+843D,100249371_00007_2,375,1837,B0001,C0119,83,136
U+3056,100249371_00007_2,402,1973,B0001,C0120,74,80
U+308B,100249371_00007_2,399,2053,B0001,C0121,43,57
U+6CD5,100249371_00007_2,379,2110,B0001,C0122,87,108
U+540C,100249371_00007_2,401,2370,B0001,C0123,62,50
U+6B69,100249371_00007_2,209,615,B0001,C0124,75,128
U+884C,100249371_00007_2,201,753,B0001,C0125,78,115
U+3059,100249371_00007_2,217,867,B0001,C0126,62,77
U+308B,100249371_00007_2,225,944,B0001,C0127,37,46
U+3068,100249371_00007_2,230,1010,B0001,C0128,31,55
U+304D,100249371_00007_2,215,1065,B0001,C0129,52,126
U+80A1,100249371_00007_2,187,1204,B0001,C0130,116,110
U+305A,100249371_00007_2,213,1315,B0001,C0131,98,93
U+308C,100249371_00007_2,225,1395,B0001,C0132,40,115
U+3092,100249371_00007_2,221,1510,B0001,C0133,63,91
U+6CBB,100249371_00007_2,207,1601,B0001,C0134,86,97
U+3059,100249371_00007_2,213,1713,B0001,C0135,63,85
U+308B,100249371_00007_2,219,1798,B0001,C0136,42,60
U+6CD5,100249371_00007_2,206,1882,B0001,C0137,83,98
U+540C,100249371_00007_2,215,2372,B0001,C0138,67,58
U+8278,100249371_00008_1,1566,618,B0001,C0001,93,118
U+82B1,100249371_00008_1,1562,741,B0001,C0002,96,129
U+3088,100249371_00008_1,1600,880,B0001,C0003,33,66
U+308A,100249371_00008_1,1593,949,B0001,C0004,36,98
U+7D05,100249371_00008_1,1562,1056,B0001,C0005,77,98
U+7C89,100249371_00008_1,1559,1164,B0001,C0006,97,109
U+3092,100249371_00008_1,1566,1294,B0001,C0007,68,69
U+3068,100249371_00008_1,1585,1388,B0001,C0008,35,68
U+308B,100249371_00008_1,1577,1456,B0001,C0009,38,90
U+6CD5,100249371_00008_1,1552,1555,B0001,C0010,79,102
U+56DB,100249371_00008_1,1550,2362,B0001,C0011,80,35
U+5341,100249371_00008_1,1557,2402,B0001,C0012,57,51
U+4E94,100249371_00008_1,1546,2461,B0001,C0013,83,44
U+8C9D,100249371_00008_1,1402,620,B0001,C0014,77,123
U+985E,100249371_00008_1,1385,745,B0001,C0015,92,125
U+8C61,100249371_00008_1,1398,861,B0001,C0016,80,149
U+7259,100249371_00008_1,1387,1013,B0001,C0017,69,112
U+89D2,100249371_00008_1,1391,1125,B0001,C0018,72,140
U+308B,100249371_00008_1,1413,1261,B0001,C0019,29,63
U+3044,100249371_00008_1,1382,1326,B0001,C0020,76,48
U+751F,100249371_00008_1,1387,1378,B0001,C0021,63,91
U+4ED8,100249371_00008_1,1391,1474,B0001,C0022,64,115
U+306E,100249371_00008_1,1387,1595,B0001,C0023,59,56
U+69D8,100249371_00008_1,1350,1654,B0001,C0024,125,99
U+306B,100249371_00008_1,1395,1759,B0001,C0025,31,61
U+753B,100249371_00008_1,1363,1835,B0001,C0026,92,99
U+3092,100249371_00008_1,1377,1938,B0001,C0027,63,71
U+9855,100249371_00008_1,1357,2020,B0001,C0028,93,105
U+306F,100249371_00008_1,1377,2125,B0001,C0029,54,46
U+3059,100249371_00008_1,1370,2171,B0001,C0030,66,88
U+6CD5,100249371_00008_1,1356,2260,B0001,C0031,94,103
U+540C,100249371_00008_1,1370,2456,B0001,C0032,62,57
U+5149,100249371_00008_1,1222,616,B0001,C0033,80,161
U+6CA2,100249371_00008_1,1210,825,B0001,C0034,98,183
U+5E03,100249371_00008_1,1210,1022,B0001,C0035,83,143
U+306E,100249371_00008_1,1227,1188,B0001,C0036,51,69
U+6CD5,100249371_00008_1,1206,1265,B0001,C0037,88,120
U+540C,100249371_00008_1,1195,2447,B0001,C0038,61,51
U+5373,100249371_00008_1,1037,619,B0001,C0039,98,150
U+5E2D,100249371_00008_1,1032,793,B0001,C0040,86,157
U+713C,100249371_00008_1,1023,962,B0001,C0041,94,140
U+5370,100249371_00008_1,1034,1121,B0001,C0042,81,131
U+306E,100249371_00008_1,1047,1281,B0001,C0043,56,70
U+6CD5,100249371_00008_1,1028,1351,B0001,C0044,91,125
U+56DB,100249371_00008_1,1014,2354,B0001,C0045,73,39
U+5341,100249371_00008_1,1023,2398,B0001,C0046,56,50
U+516D,100249371_00008_1,1017,2442,B0001,C0047,63,53
U+4E38,100249371_00008_1,871,614,B0001,C0048,83,125
U+7AF9,100249371_00008_1,859,777,B0001,C0049,94,124
U+306E,100249371_00008_1,877,918,B0001,C0050,57,54
U+7BC0,100249371_00008_1,861,980,B0001,C0051,86,192
U+3092,100249371_00008_1,869,1184,B0001,C0052,59,79
U+306C,100249371_00008_1,861,1296,B0001,C0053,68,68
U+304F,100249371_00008_1,866,1364,B0001,C0054,55,98
U+8853,100249371_00008_1,838,1462,B0001,C0055,108,131
U+56DB,100249371_00008_1,838,2353,B0001,C0056,85,39
U+5341,100249371_00008_1,849,2390,B0001,C0057,51,62
U+4E03,100249371_00008_1,846,2446,B0001,C0058,68,43
U+8671,100249371_00008_1,703,638,B0001,C0059,88,174
U+7D10,100249371_00008_1,691,852,B0001,C0060,92,118
U+306E,100249371_00008_1,709,1017,B0001,C0061,53,77
U+65B9,100249371_00008_1,704,1104,B0001,C0062,56,127
U+540C,100249371_00008_1,675,2354,B0001,C0063,62,62
U+61D0,100249371_00008_1,504,626,B0001,C0064,112,139
U+4E2D,100249371_00008_1,511,787,B0001,C0065,78,134
U+3089,100249371_00008_1,533,947,B0001,C0066,56,77
U+3046,100249371_00008_1,543,1024,B0001,C0067,23,88
U+305D,100249371_00008_1,530,1122,B0001,C0068,53,86
U+304F,100249371_00008_1,538,1208,B0001,C0069,34,84
U+306E,100249371_00008_1,517,1337,B0001,C0070,60,72
U+6CD5,100249371_00008_1,504,1411,B0001,C0071,87,113
U+540C,100249371_00008_1,507,2359,B0001,C0072,51,55
U+82B1,100249371_00008_1,335,629,B0001,C0073,94,148
U+306E,100249371_00008_1,348,817,B0001,C0074,65,72
U+9732,100249371_00008_1,333,903,B0001,C0075,90,175
U+88FD,100249371_00008_1,334,1113,B0001,C0076,82,173
U+65B9,100249371_00008_1,341,1286,B0001,C0077,55,136
U+540C,100249371_00008_1,326,2343,B0001,C0078,60,57
U+5929,100249371_00008_1,164,619,B0001,C0079,86,127
U+4E95,100249371_00008_1,163,742,B0001,C0080,79,134
U+306E,100249371_00008_1,181,884,B0001,C0081,62,62
U+7D75,100249371_00008_1,164,965,B0001,C0082,97,114
U+3092,100249371_00008_1,168,1094,B0001,C0083,67,69
U+5199,100249371_00008_1,168,1185,B0001,C0084,71,105
U+3057,100249371_00008_1,199,1294,B0001,C0085,11,101
U+53D6,100249371_00008_1,149,1389,B0001,C0086,81,93
U+308B,100249371_00008_1,177,1482,B0001,C0087,40,86
U+6CD5,100249371_00008_1,154,1569,B0001,C0088,83,112
U+56DB,100249371_00008_1,151,2350,B0001,C0089,70,30
U+5341,100249371_00008_1,160,2394,B0001,C0090,55,64
U+516B,100249371_00008_1,149,2459,B0001,C0091,74,40
U+84EE,100249371_00008_2,1572,606,B0001,C0001,96,147
U+6839,100249371_00008_2,1575,770,B0001,C0002,107,114
U+3092,100249371_00008_2,1579,898,B0001,C0003,85,72
U+304B,100249371_00008_2,1577,998,B0001,C0004,92,59
U+305F,100249371_00008_2,1617,1057,B0001,C0005,35,77
U+304F,100249371_00008_2,1617,1134,B0001,C0006,29,72
U+3059,100249371_00008_2,1599,1223,B0001,C0007,65,94
U+308B,100249371_00008_2,1614,1317,B0001,C0008,43,84
U+6CD5,100249371_00008_2,1593,1401,B0001,C0009,94,125
U+56DB,100249371_00008_2,1605,2342,B0001,C0010,78,44
U+5341,100249371_00008_2,1603,2384,B0001,C0011,77,48
U+516B,100249371_00008_2,1599,2432,B0001,C0012,86,51
U+7D79,100249371_00008_2,1408,612,B0001,C0013,87,129
U+5E03,100249371_00008_2,1411,741,B0001,C0014,82,134
U+306B,100249371_00008_2,1415,878,B0001,C0015,86,57
U+3069,100249371_00008_2,1433,961,B0001,C0016,78,70
U+3046,100249371_00008_2,1444,1031,B0001,C0017,37,80
U+3055,100249371_00008_2,1436,1111,B0001,C0018,50,83
U+3092,100249371_00008_2,1425,1200,B0001,C0019,76,79
U+5F15,100249371_00008_2,1424,1279,B0001,C0020,83,110
U+305A,100249371_00008_2,1438,1374,B0001,C0021,85,84
U+3057,100249371_00008_2,1448,1454,B0001,C0022,36,53
U+3066,100249371_00008_2,1438,1508,B0001,C0023,60,75
U+6587,100249371_00008_2,1430,1573,B0001,C0024,95,99
U+5B57,100249371_00008_2,1440,1672,B0001,C0025,72,120
U+3061,100249371_00008_2,1452,1792,B0001,C0026,55,77
U+3089,100249371_00008_2,1466,1869,B0001,C0027,26,68
U+306C,100249371_00008_2,1438,1937,B0001,C0028,86,85
U+6CD5,100249371_00008_2,1432,2022,B0001,C0029,92,109
U+540C,100249371_00008_2,1450,2345,B0001,C0030,67,59
U+9285,100249371_00008_2,1218,608,B0001,C0031,111,110
U+9053,100249371_00008_2,1235,718,B0001,C0032,90,100
U+5177,100249371_00008_2,1239,823,B0001,C0033,86,125
U+57A2,100249371_00008_2,1230,956,B0001,C0034,105,106
U+3064,100249371_00008_2,1250,1062,B0001,C0035,74,61
U+304D,100249371_00008_2,1266,1106,B0001,C0036,55,108
U+3088,100249371_00008_2,1276,1223,B0001,C0037,38,86
U+3054,100249371_00008_2,1257,1309,B0001,C0038,88,73
U+308C,100249371_00008_2,1260,1378,B0001,C0039,66,126
U+3092,100249371_00008_2,1255,1509,B0001,C0040,71,79
U+843D,100249371_00008_2,1255,1596,B0001,C0041,93,137
U+3059,100249371_00008_2,1269,1721,B0001,C0042,63,103
U+6CD5,100249371_00008_2,1266,1824,B0001,C0043,84,117
U+540C,100249371_00008_2,1284,2344,B0001,C0044,61,66
U+5272,100249371_00008_2,1054,612,B0001,C0045,88,135
U+305F,100249371_00008_2,1085,740,B0001,C0046,39,73
U+308B,100249371_00008_2,1083,813,B0001,C0047,42,70
U+9053,100249371_00008_2,1070,895,B0001,C0048,82,100
U+5177,100249371_00008_2,1089,995,B0001,C0049,39,135
U+3064,100249371_00008_2,1066,1142,B0001,C0050,86,58
U+304E,100249371_00008_2,1098,1200,B0001,C0051,62,119
U+3084,100249371_00008_2,1079,1319,B0001,C0052,74,83
U+3046,100249371_00008_2,1096,1402,B0001,C0053,37,110
U+56DB,100249371_00008_2,1087,2349,B0001,C0054,82,33
U+5341,100249371_00008_2,1091,2388,B0001,C0055,76,47
U+4E5D,100249371_00008_2,1086,2428,B0001,C0056,80,66
U+9060,100249371_00008_2,889,619,B0001,C0057,71,159
U+8DEF,100249371_00008_2,882,778,B0001,C0058,90,126
U+3092,100249371_00008_2,899,904,B0001,C0059,69,65
U+6B69,100249371_00008_2,898,987,B0001,C0060,76,113
U+884C,100249371_00008_2,884,1104,B0001,C0061,86,100
U+3066,100249371_00008_2,926,1204,B0001,C0062,27,100
U+8DB3,100249371_00008_2,911,1314,B0001,C0063,74,112
U+3044,100249371_00008_2,907,1443,B0001,C0064,81,44
U+305F,100249371_00008_2,924,1487,B0001,C0065,48,70
U+307E,100249371_00008_2,926,1557,B0001,C0066,45,102
U+3056,100249371_00008_2,927,1659,B0001,C0067,69,79
U+308B,100249371_00008_2,920,1738,B0001,C0068,50,87
U+6CD5,100249371_00008_2,908,1825,B0001,C0069,92,106
U+540C,100249371_00008_2,923,2339,B0001,C0070,66,58
U+8DB3,100249371_00008_2,727,617,B0001,C0071,60,128
U+306B,100249371_00008_2,718,745,B0001,C0072,73,89
U+307E,100249371_00008_2,732,837,B0001,C0073,51,113
U+3081,100249371_00008_2,722,950,B0001,C0074,79,80
U+51FA,100249371_00008_2,722,1043,B0001,C0075,83,75
U+6765,100249371_00008_2,724,1118,B0001,C0076,88,113
U+3056,100249371_00008_2,741,1230,B0001,C0077,97,89
U+308B,100249371_00008_2,744,1320,B0001,C0078,45,65
U+5999,100249371_00008_2,720,1390,B0001,C0079,96,95
U+6CD5,100249371_00008_2,727,1491,B0001,C0080,92,109
U+540C,100249371_00008_2,755,2345,B0001,C0081,64,51
U+7D42,100249371_00008_2,534,624,B0001,C0082,99,112
U+591C,100249371_00008_2,548,736,B0001,C0083,83,127
U+5BD0,100249371_00008_2,538,873,B0001,C0084,98,131
U+305A,100249371_00008_2,569,992,B0001,C0085,74,87
U+3057,100249371_00008_2,588,1079,B0001,C0086,13,66
U+3066,100249371_00008_2,569,1158,B0001,C0087,35,92
U+7720,100249371_00008_2,534,1277,B0001,C0088,118,101
U+3089,100249371_00008_2,579,1379,B0001,C0089,39,92
U+3056,100249371_00008_2,580,1464,B0001,C0090,79,83
U+308B,100249371_00008_2,577,1547,B0001,C0091,50,68
U+6CD5,100249371_00008_2,563,1615,B0001,C0092,91,118
U+540C,100249371_00008_2,573,2337,B0001,C0093,81,60
U+78C1,100249371_00008_2,337,623,B0001,C0094,101,114
U+77F3,100249371_00008_2,364,737,B0001,C0095,70,110
U+306E,100249371_00008_2,367,885,B0001,C0096,58,72
U+8AAC,100249371_00008_2,346,957,B0001,C0097,122,120
U+540C,100249371_00008_2,401,2337,B0001,C0098,64,63
U+85AB,100249371_00008_2,173,633,B0001,C0099,85,166
U+7269,100249371_00008_2,173,819,B0001,C0100,96,123
U+306E,100249371_00008_2,195,943,B0001,C0101,62,67
U+65B9,100249371_00008_2,198,1010,B0001,C0102,58,124
U+53C8,100249371_00008_2,192,1312,B0001,C0103,85,102
U+65B9,100249371_00008_2,204,1434,B0001,C0104,63,111
U+53C8,100249371_00008_2,199,1711,B0001,C0105,91,96
U+65B9,100249371_00008_2,210,1792,B0001,C0106,62,114
U+6885,100249371_00008_2,237,1928,B0001,C0107,76,75
U+82B1,100249371_00008_2,244,2001,B0001,C0108,72,86
U+3068,100249371_00008_2,262,2092,B0001,C0109,34,56
U+3044,100249371_00008_2,189,1953,B0001,C0110,35,26
U+3075,100249371_00008_2,176,1979,B0001,C0111,58,67
U+4E94,100249371_00008_2,208,2339,B0001,C0112,88,53
U+5341,100249371_00008_2,217,2396,B0001,C0113,72,68
U+85AB,100249371_00009_1,1528,612,B0001,C0001,87,177
U+7269,100249371_00009_1,1526,793,B0001,C0002,95,101
U+3092,100249371_00009_1,1534,894,B0001,C0003,75,84
U+8ABF,100249371_00009_1,1512,1000,B0001,C0004,114,118
U+548C,100249371_00009_1,1517,1121,B0001,C0005,109,79
U+3059,100249371_00009_1,1542,1206,B0001,C0006,55,73
U+308B,100249371_00009_1,1553,1279,B0001,C0007,37,65
U+871C,100249371_00009_1,1532,1357,B0001,C0008,77,155
U+306E,100249371_00009_1,1547,1515,B0001,C0009,54,67
U+65B9,100249371_00009_1,1546,1582,B0001,C0010,54,129
U+4E94,100249371_00009_1,1526,2331,B0001,C0011,82,54
U+5341,100249371_00009_1,1533,2390,B0001,C0012,69,81
U+4E00,100249371_00009_1,1534,2472,B0001,C0013,79,15
U+82B1,100249371_00009_1,1340,614,B0001,C0014,95,144
U+751F,100249371_00009_1,1350,779,B0001,C0015,76,84
U+7AF9,100249371_00009_1,1335,885,B0001,C0016,108,108
U+306E,100249371_00009_1,1360,1009,B0001,C0017,60,74
U+5207,100249371_00009_1,1338,1094,B0001,C0018,93,82
U+308B,100249371_00009_1,1366,1176,B0001,C0019,39,86
U+6CD5,100249371_00009_1,1341,1262,B0001,C0020,81,108
U+4E94,100249371_00009_1,1359,2325,B0001,C0021,87,49
U+5341,100249371_00009_1,1371,2386,B0001,C0022,63,58
U+4E8C,100249371_00009_1,1362,2449,B0001,C0023,75,34
U+6731,100249371_00009_1,1181,616,B0001,C0024,89,139
U+3092,100249371_00009_1,1184,755,B0001,C0025,75,91
U+4EE5,100249371_00009_1,1174,861,B0001,C0026,97,77
U+3066,100249371_00009_1,1205,938,B0001,C0027,29,116
U+6C34,100249371_00009_1,1175,1069,B0001,C0028,98,102
U+9280,100249371_00009_1,1183,1181,B0001,C0029,99,116
U+3092,100249371_00009_1,1186,1308,B0001,C0030,81,75
U+88FD,100249371_00009_1,1183,1395,B0001,C0031,90,137
U+3059,100249371_00009_1,1193,1540,B0001,C0032,61,71
U+308B,100249371_00009_1,1207,1611,B0001,C0033,37,71
U+6CD5,100249371_00009_1,1181,1682,B0001,C0034,87,113
U+540C,100249371_00009_1,1185,2323,B0001,C0035,67,61
U+8FB0,100249371_00009_1,991,625,B0001,C0036,98,123
U+7802,100249371_00009_1,993,770,B0001,C0037,98,104
U+3092,100249371_00009_1,1003,874,B0001,C0038,67,77
U+4EE5,100249371_00009_1,992,951,B0001,C0039,95,75
U+3066,100249371_00009_1,1015,1026,B0001,C0040,52,79
U+6C34,100249371_00009_1,994,1110,B0001,C0041,95,92
U+9280,100249371_00009_1,1009,1202,B0001,C0042,85,108
U+3092,100249371_00009_1,1018,1315,B0001,C0043,60,78
U+88FD,100249371_00009_1,1003,1396,B0001,C0044,95,128
U+3059,100249371_00009_1,1021,1524,B0001,C0045,55,87
U+308B,100249371_00009_1,1022,1611,B0001,C0046,46,69
U+6CD5,100249371_00009_1,1009,1680,B0001,C0047,81,98
U+4E94,100249371_00009_1,999,2333,B0001,C0048,86,40
U+5341,100249371_00009_1,1015,2383,B0001,C0049,59,51
U+4E09,100249371_00009_1,1014,2434,B0001,C0050,63,46
U+6731,100249371_00009_1,828,625,B0001,C0051,89,132
U+304B,100249371_00009_1,853,760,B0001,C0052,35,57
U+3089,100249371_00009_1,850,817,B0001,C0053,37,85
U+53C8,100249371_00009_1,820,905,B0001,C0054,97,85
U+306F,100249371_00009_1,830,993,B0001,C0055,69,42
U+53E4,100249371_00009_1,832,1046,B0001,C0056,74,86
U+6731,100249371_00009_1,826,1132,B0001,C0057,90,129
U+5668,100249371_00009_1,827,1261,B0001,C0058,92,101
U+3092,100249371_00009_1,835,1372,B0001,C0059,75,80
U+4EE5,100249371_00009_1,819,1452,B0001,C0060,102,86
U+3066,100249371_00009_1,859,1538,B0001,C0061,28,91
U+6C34,100249371_00009_1,822,1639,B0001,C0062,102,100
U+9280,100249371_00009_1,830,1739,B0001,C0063,102,91
U+3092,100249371_00009_1,842,1830,B0001,C0064,70,71
U+88FD,100249371_00009_1,832,1901,B0001,C0065,88,131
U+3059,100249371_00009_1,842,2032,B0001,C0066,62,79
U+308B,100249371_00009_1,853,2111,B0001,C0067,41,66
U+6CD5,100249371_00009_1,833,2177,B0001,C0068,87,104
U+540C,100249371_00009_1,841,2337,B0001,C0069,62,50
U+4E59,100249371_00009_1,679,971,B0001,C0070,57,85
U+306E,100249371_00009_1,678,1093,B0001,C0071,57,55
U+7B26,100249371_00009_1,671,1167,B0001,C0072,73,152
U+306E,100249371_00009_1,670,1339,B0001,C0073,71,87
U+8AAC,100249371_00009_1,656,1426,B0001,C0074,112,120
U+4E94,100249371_00009_1,670,2332,B0001,C0075,80,43
U+5341,100249371_00009_1,672,2377,B0001,C0076,68,48
U+56DB,100249371_00009_1,673,2425,B0001,C0077,72,47
U+76EE,100249371_00009_1,371,979,B0001,C0078,74,112
U+6B21,100249371_00009_1,351,1174,B0001,C0079,102,108
U+4E86,100249371_00009_1,408,1333,B0001,C0080,39,103
U+9F0E,100249371_00009_2,1576,377,B0001,C0001,95,154
U+5DE6,100249371_00009_2,1576,560,B0001,C0002,111,121
U+79D8,100249371_00009_2,1561,737,B0001,C0003,123,112
U+9332,100249371_00009_2,1568,908,B0001,C0004,127,128
U+5C71,100249371_00009_2,1429,1388,B0001,C0005,96,78
U+9670,100249371_00009_2,1420,1499,B0001,C0006,106,121
U+56FD,100249371_00009_2,1433,1842,B0001,C0007,91,109
U+83EF,100249371_00009_2,1431,1968,B0001,C0008,99,155
U+5C71,100249371_00009_2,1433,2143,B0001,C0009,96,55
U+4EBA,100249371_00009_2,1425,2222,B0001,C0010,115,92
U+8FF0,100249371_00009_2,1432,2352,B0001,C0011,118,105
U+25CB,100249371_00009_2,1248,618,B0001,C0012,66,71
U+9752,100249371_00009_2,1225,714,B0001,C0013,117,143
U+7269,100249371_00009_2,1231,876,B0001,C0014,114,89
U+7802,100249371_00009_2,1226,995,B0001,C0015,117,104
U+7CD6,100249371_00009_2,1230,1111,B0001,C0016,122,120
U+6F2C,100249371_00009_2,1242,1234,B0001,C0017,104,146
U+4E4B,100249371_00009_2,1267,1385,B0001,C0018,63,86
U+6CD5,100249371_00009_2,1255,1479,B0001,C0019,97,81
U+4E00,100249371_00009_2,1064,360,B0001,C0020,82,18
U+51E1,100249371_00009_2,1073,418,B0001,C0021,78,104
U+9752,100249371_00009_2,1047,533,B0001,C0022,113,125
U+7269,100249371_00009_2,1046,676,B0001,C0023,111,92
U+7802,100249371_00009_2,1058,790,B0001,C0024,101,94
U+7CD6,100249371_00009_2,1061,890,B0001,C0025,99,117
U+6F2C,100249371_00009_2,1072,1026,B0001,C0026,88,141
U+306E,100249371_00009_2,1089,1187,B0001,C0027,61,67
U+6CD5,100249371_00009_2,1068,1254,B0001,C0028,102,101
U+306F,100249371_00009_2,1086,1382,B0001,C0029,62,32
U+5148,100249371_00009_2,1087,1441,B0001,C0030,82,119
U+6F2C,100249371_00009_2,1086,1565,B0001,C0031,82,118
U+3093,100249371_00009_2,1081,1693,B0001,C0032,103,74
U+3068,100249371_00009_2,1112,1769,B0001,C0033,34,80
U+601D,100249371_00009_2,1090,1877,B0001,C0034,65,85
U+3075,100249371_00009_2,1071,1962,B0001,C0035,90,68
U+9752,100249371_00009_2,1096,2017,B0001,C0036,64,142
U+7269,100249371_00009_2,1082,2138,B0001,C0037,88,86
U+3092,100249371_00009_2,1088,2234,B0001,C0038,73,65
U+968F,100249371_00009_2,1092,2308,B0001,C0039,105,80
U+610F,100249371_00009_2,1116,2388,B0001,C0040,56,116
U+306B,100249371_00009_2,1136,2506,B0001,C0041,27,53
U+304D,100249371_00009_2,1106,2565,B0001,C0042,64,81
U+308A,100249371_00009_2,1128,2646,B0001,C0043,42,60
U+523B,100249371_00009_2,885,444,B0001,C0044,86,105
U+307F,100249371_00009_2,919,546,B0001,C0045,26,73
U+3042,100249371_00009_2,899,648,B0001,C0046,77,85
U+308B,100249371_00009_2,921,733,B0001,C0047,30,72
U+3072,100249371_00009_2,902,805,B0001,C0048,76,76
U+306F,100249371_00009_2,918,907,B0001,C0049,50,33
U+7D30,100249371_00009_2,902,974,B0001,C0050,90,88
U+304F,100249371_00009_2,927,1065,B0001,C0051,28,73
U+304D,100249371_00009_2,917,1153,B0001,C0052,55,98
U+308A,100249371_00009_2,923,1251,B0001,C0053,36,87
U+6216,100249371_00009_2,905,1339,B0001,C0054,103,104
U+306F,100249371_00009_2,929,1448,B0001,C0055,44,109
U+8F2A,100249371_00009_2,898,1583,B0001,C0056,117,108
U+5207,100249371_00009_2,890,1695,B0001,C0057,102,53
U+306A,100249371_00009_2,914,1760,B0001,C0058,70,81
U+3069,100249371_00009_2,937,1841,B0001,C0059,78,87
U+5176,100249371_00009_2,927,1949,B0001,C0060,41,104
U+7269,100249371_00009_2,907,2055,B0001,C0061,94,95
U+306B,100249371_00009_2,935,2165,B0001,C0062,44,53
U+5FDC,100249371_00009_2,924,2223,B0001,C0063,82,142
U+3058,100249371_00009_2,963,2365,B0001,C0064,59,83
U+3066,100249371_00009_2,932,2452,B0001,C0065,67,50
U+592B,100249371_00009_2,925,2505,B0001,C0066,82,102
U+3005,100249371_00009_2,957,2612,B0001,C0067,27,38
U+306B,100249371_00009_2,928,2659,B0001,C0068,74,43
U+5207,100249371_00009_2,691,463,B0001,C0069,112,87
U+523B,100249371_00009_2,715,550,B0001,C0070,80,117
U+307F,100249371_00009_2,707,668,B0001,C0071,96,81
U+3066,100249371_00009_2,742,749,B0001,C0072,24,90
U+662F,100249371_00009_2,734,850,B0001,C0073,43,128
U+3092,100249371_00009_2,717,978,B0001,C0074,78,90
U+3088,100249371_00009_2,740,1092,B0001,C0075,39,74
U+304F,100249371_00009_2,744,1166,B0001,C0076,22,72
U+3031,100249371_00009_2,739,1221,B0001,C0077,47,124
U+6E6F,100249371_00009_2,721,1371,B0001,C0078,97,121
U+716E,100249371_00009_2,721,1492,B0001,C0079,89,126
U+3059,100249371_00009_2,737,1634,B0001,C0080,62,94
U+308B,100249371_00009_2,748,1728,B0001,C0081,38,65
U+306A,100249371_00009_2,737,1810,B0001,C0082,61,100
U+308A,100249371_00009_2,752,1910,B0001,C0083,40,106
U+6B64,100249371_00009_2,600,537,B0001,C0084,67,68
U+6E6F,100249371_00009_2,589,640,B0001,C0085,79,75
U+716E,100249371_00009_2,590,715,B0001,C0086,71,114
U+3059,100249371_00009_2,598,847,B0001,C0087,60,77
U+308B,100249371_00009_2,608,925,B0001,C0088,35,65
U+306B,100249371_00009_2,595,993,B0001,C0089,72,69
U+5C11,100249371_00009_2,601,1073,B0001,C0090,62,67
U+3057,100249371_00009_2,628,1143,B0001,C0091,13,71
U+3065,100249371_00009_2,600,1196,B0001,C0092,86,80
U+309D,100249371_00009_2,627,1284,B0001,C0093,12,17
U+716E,100249371_00009_2,590,1308,B0001,C0094,79,108
U+304B,100249371_00009_2,590,1434,B0001,C0095,72,49
U+3052,100249371_00009_2,611,1477,B0001,C0096,61,58
U+3093,100249371_00009_2,601,1535,B0001,C0097,62,64
U+3082,100249371_00009_2,606,1605,B0001,C0098,45,78
U+3042,100249371_00009_2,600,1704,B0001,C0099,62,65
U+308B,100249371_00009_2,612,1769,B0001,C0100,39,50
U+3082,100249371_00009_2,618,1824,B0001,C0101,36,82
U+306E,100249371_00009_2,608,1906,B0001,C0102,50,58
U+306A,100249371_00009_2,610,1964,B0001,C0103,55,73
U+308C,100249371_00009_2,603,2040,B0001,C0104,82,52
U+3069,100249371_00009_2,630,2088,B0001,C0105,54,66
U+3082,100249371_00009_2,624,2154,B0001,C0106,39,58
U+5927,100249371_00009_2,620,2224,B0001,C0107,59,70
U+62B5,100249371_00009_2,604,2294,B0001,C0108,96,81
U+306E,100249371_00009_2,629,2393,B0001,C0109,48,46
U+3082,100249371_00009_2,640,2439,B0001,C0110,43,79
U+306E,100249371_00009_2,625,2518,B0001,C0111,71,95
U+306F,100249371_00009_2,643,2613,B0001,C0112,42,97
U+716E,100249371_00009_2,497,539,B0001,C0113,55,123
U+3078,100249371_00009_2,495,675,B0001,C0114,75,42
U+904E,100249371_00009_2,504,722,B0001,C0115,46,69
U+305F,100249371_00009_2,514,807,B0001,C0116,33,72
U+308B,100249371_00009_2,506,879,B0001,C0117,41,82
U+3092,100249371_00009_2,501,963,B0001,C0118,56,72
U+3088,100249371_00009_2,527,1056,B0001,C0119,32,70
U+3057,100249371_00009_2,537,1126,B0001,C0120,13,79
U+3068,100249371_00009_2,515,1219,B0001,C0121,36,84
U+3059,100249371_00009_2,510,1298,B0001,C0122,46,92
U+53F3,100249371_00009_2,360,448,B0001,C0123,78,75
U+306E,100249371_00009_2,374,543,B0001,C0124,47,59
U+304F,100249371_00009_2,384,686,B0001,C0125,24,73
U+6E6F,100249371_00009_2,358,775,B0001,C0126,88,116
U+716E,100249371_00009_2,353,895,B0001,C0127,94,165
U+3057,100249371_00009_2,402,1055,B0001,C0128,22,97
U+305F,100249371_00009_2,388,1148,B0001,C0129,38,72
U+308B,100249371_00009_2,383,1220,B0001,C0130,41,70
U+3082,100249371_00009_2,387,1305,B0001,C0131,43,93
U+306E,100249371_00009_2,379,1398,B0001,C0132,64,71
U+3092,100249371_00009_2,377,1484,B0001,C0133,68,73
U+3044,100249371_00009_2,373,1584,B0001,C0134,77,38
U+304B,100249371_00009_2,412,1622,B0001,C0135,25,48
U+304D,100249371_00009_2,403,1692,B0001,C0136,32,101
U+306B,100249371_00009_2,381,1794,B0001,C0137,82,74
U+3068,100249371_00009_2,411,1896,B0001,C0138,33,71
U+308A,100249371_00009_2,407,1967,B0001,C0139,38,76
U+3042,100249371_00009_2,395,2047,B0001,C0140,64,103
U+3052,100249371_00009_2,398,2131,B0001,C0141,90,111
U+5927,100249371_00009_2,389,2244,B0001,C0142,87,107
U+62B5,100249371_00009_2,392,2352,B0001,C0143,109,87
U+306B,100249371_00009_2,423,2458,B0001,C0144,29,58
U+6C34,100249371_00009_2,404,2524,B0001,C0145,81,71
U+6C17,100249371_00009_2,402,2600,B0001,C0146,86,111
U+3092,100249371_00009_2,188,446,B0001,C0147,75,63
U+3057,100249371_00009_2,179,535,B0001,C0148,81,91
U+307C,100249371_00009_2,185,631,B0001,C0149,101,71
U+308A,100249371_00009_2,206,704,B0001,C0150,39,87
U+934B,100249371_00009_2,179,818,B0001,C0151,106,101
U+306B,100249371_00009_2,218,921,B0001,C0152,30,70
U+5165,100249371_00009_2,183,1006,B0001,C0153,89,73
U+5176,100249371_00009_2,208,1094,B0001,C0154,50,108
U+9752,100249371_00009_2,205,1202,B0001,C0155,64,128
U+3082,100249371_00009_2,214,1330,B0001,C0156,42,108
U+306E,100249371_00009_2,205,1438,B0001,C0157,57,70
U+309D,100249371_00009_2,220,1508,B0001,C0158,23,49
U+304B,100249371_00009_2,192,1603,B0001,C0159,86,59
U+3055,100249371_00009_2,215,1665,B0001,C0160,40,78
U+307B,100249371_00009_2,198,1743,B0001,C0161,87,69
U+3069,100249371_00009_2,222,1812,B0001,C0162,64,85
U+767D,100249371_00009_2,205,1920,B0001,C0163,69,98
U+7802,100249371_00009_2,193,2018,B0001,C0164,96,93
U+7CD6,100249371_00009_2,188,2111,B0001,C0165,104,125
U+3092,100249371_00009_2,209,2242,B0001,C0166,76,73
U+5165,100249371_00009_2,197,2333,B0001,C0167,100,68
U+308C,100249371_00009_2,225,2391,B0001,C0168,58,104
U+6C34,100249371_00009_2,221,2502,B0001,C0169,76,100
U+3092,100249371_00009_2,239,2615,B0001,C0170,61,94
U+4E94,100249371_00010_1,1533,452,B0001,C0001,100,71
U+516D,100249371_00010_1,1537,539,B0001,C0002,83,83
U+6EF4,100249371_00010_1,1531,622,B0001,C0003,104,114
U+307B,100249371_00010_1,1530,787,B0001,C0004,95,55
U+3069,100249371_00010_1,1575,833,B0001,C0005,68,76
U+5165,100249371_00010_1,1518,927,B0001,C0006,116,81
U+308C,100249371_00010_1,1561,973,B0001,C0007,43,131
U+3088,100249371_00010_1,1572,1123,B0001,C0008,43,65
U+304F,100249371_00010_1,1570,1188,B0001,C0009,29,77
U+304B,100249371_00010_1,1531,1275,B0001,C0010,100,57
U+304D,100249371_00010_1,1567,1332,B0001,C0011,42,105
U+307E,100249371_00010_1,1564,1437,B0001,C0012,44,107
U+305C,100249371_00010_1,1543,1520,B0001,C0013,85,110
U+6B66,100249371_00010_1,1545,1643,B0001,C0014,94,122
U+706B,100249371_00010_1,1533,1759,B0001,C0015,96,96
U+306B,100249371_00010_1,1565,1863,B0001,C0016,27,74
U+3066,100249371_00010_1,1555,1937,B0001,C0017,52,68
U+6F38,100249371_00010_1,1529,2038,B0001,C0018,110,100
U+3005,100249371_00010_1,1573,2138,B0001,C0019,21,60
U+306B,100249371_00010_1,1565,2218,B0001,C0020,33,66
U+716E,100249371_00010_1,1544,2295,B0001,C0021,84,113
U+3064,100249371_00010_1,1554,2430,B0001,C0022,70,51
U+3081,100249371_00010_1,1558,2486,B0001,C0023,60,58
U+308B,100249371_00010_1,1564,2544,B0001,C0024,42,56
U+306A,100249371_00010_1,1555,2600,B0001,C0025,69,64
U+308A,100249371_00010_1,1570,2664,B0001,C0026,45,64
U+716E,100249371_00010_1,1362,446,B0001,C0027,83,124
U+308B,100249371_00010_1,1387,587,B0001,C0028,29,72
U+9593,100249371_00010_1,1374,659,B0001,C0029,52,107
U+306F,100249371_00010_1,1362,784,B0001,C0030,81,46
U+66AB,100249371_00010_1,1347,857,B0001,C0031,116,128
U+6642,100249371_00010_1,1351,985,B0001,C0032,109,152
U+3082,100249371_00010_1,1378,1134,B0001,C0033,44,86
U+624B,100249371_00010_1,1379,1240,B0001,C0034,58,116
U+3092,100249371_00010_1,1364,1356,B0001,C0035,75,85
U+6B62,100249371_00010_1,1352,1465,B0001,C0036,101,73
U+3081,100249371_00010_1,1365,1538,B0001,C0037,69,79
U+305A,100249371_00010_1,1365,1602,B0001,C0038,81,112
U+64B9,100249371_00010_1,1344,1730,B0001,C0039,105,129
U+305B,100249371_00010_1,1372,1859,B0001,C0040,52,90
U+5C45,100249371_00010_1,1364,1968,B0001,C0041,83,120
U+308B,100249371_00010_1,1388,2088,B0001,C0042,42,63
U+306A,100249371_00010_1,1371,2159,B0001,C0043,65,82
U+308A,100249371_00010_1,1382,2241,B0001,C0044,38,80
U+6BB5,100249371_00010_1,1359,2334,B0001,C0045,89,99
U+3005,100249371_00010_1,1395,2437,B0001,C0046,19,49
U+716E,100249371_00010_1,1359,2491,B0001,C0047,91,134
U+3078,100249371_00010_1,1361,2629,B0001,C0048,90,85
U+3064,100249371_00010_1,1180,467,B0001,C0049,83,56
U+307E,100249371_00010_1,1204,508,B0001,C0050,40,126
U+308A,100249371_00010_1,1202,634,B0001,C0051,39,88
U+305F,100249371_00010_1,1208,725,B0001,C0052,38,57
U+308B,100249371_00010_1,1202,782,B0001,C0053,42,92
U+3092,100249371_00010_1,1190,878,B0001,C0054,71,73
U+898B,100249371_00010_1,1188,964,B0001,C0055,78,106
U+3066,100249371_00010_1,1217,1072,B0001,C0056,25,108
U+5176,100249371_00010_1,1202,1197,B0001,C0057,42,114
U+7802,100249371_00010_1,1176,1339,B0001,C0058,108,89
U+7CD6,100249371_00010_1,1175,1428,B0001,C0059,104,138
U+3092,100249371_00010_1,1184,1562,B0001,C0060,79,83
U+3064,100249371_00010_1,1193,1658,B0001,C0061,61,63
U+3075,100249371_00010_1,1179,1721,B0001,C0062,83,81
U+3057,100249371_00010_1,1219,1802,B0001,C0063,11,89
U+8A66,100249371_00010_1,1176,1900,B0001,C0064,112,108
U+308B,100249371_00010_1,1207,2005,B0001,C0065,44,71
U+306B,100249371_00010_1,1186,2076,B0001,C0066,83,64
U+3088,100249371_00010_1,1214,2165,B0001,C0067,40,68
U+304F,100249371_00010_1,1212,2233,B0001,C0068,30,73
U+306D,100249371_00010_1,1183,2306,B0001,C0069,92,117
U+3070,100249371_00010_1,1205,2419,B0001,C0070,88,83
U+308A,100249371_00010_1,1209,2502,B0001,C0071,37,72
U+7CF8,100249371_00010_1,1197,2586,B0001,C0072,85,137
U+3092,100249371_00010_1,1004,467,B0001,C0073,79,88
U+5F15,100249371_00010_1,998,555,B0001,C0074,82,113
U+3084,100249371_00010_1,992,679,B0001,C0075,92,61
U+3046,100249371_00010_1,1034,751,B0001,C0076,26,99
U+306B,100249371_00010_1,1011,850,B0001,C0077,74,56
U+306A,100249371_00010_1,1013,934,B0001,C0078,71,89
U+308A,100249371_00010_1,1034,1023,B0001,C0079,42,67
U+305F,100249371_00010_1,1034,1090,B0001,C0080,37,82
U+308B,100249371_00010_1,1024,1172,B0001,C0081,50,78
U+3068,100249371_00010_1,1008,1264,B0001,C0082,83,91
U+3053,100249371_00010_1,1019,1355,B0001,C0083,60,92
U+308D,100249371_00010_1,1014,1448,B0001,C0084,68,108
U+662F,100249371_00010_1,1021,1570,B0001,C0085,58,119
U+7802,100249371_00010_1,1002,1731,B0001,C0086,106,79
U+7CD6,100249371_00010_1,1003,1812,B0001,C0087,105,132
U+5341,100249371_00010_1,1018,1942,B0001,C0088,66,82
U+5206,100249371_00010_1,1028,2035,B0001,C0089,66,112
U+306B,100249371_00010_1,1014,2151,B0001,C0090,77,69
U+716E,100249371_00010_1,1008,2229,B0001,C0091,84,156
U+3048,100249371_00010_1,1023,2385,B0001,C0092,64,103
U+719F,100249371_00010_1,995,2504,B0001,C0093,115,113
U+3057,100249371_00010_1,1052,2617,B0001,C0094,16,132
U+305F,100249371_00010_1,852,469,B0001,C0095,38,70
U+308B,100249371_00010_1,849,539,B0001,C0096,41,91
U+306A,100249371_00010_1,834,630,B0001,C0097,59,98
U+308A,100249371_00010_1,849,728,B0001,C0098,36,82
U+5176,100249371_00010_1,845,820,B0001,C0099,50,108
U+6642,100249371_00010_1,825,928,B0001,C0100,91,94
U+934B,100249371_00010_1,827,1065,B0001,C0101,99,105
U+306E,100249371_00010_1,849,1196,B0001,C0102,59,63
U+305D,100249371_00010_1,852,1266,B0001,C0103,50,92
U+3053,100249371_00010_1,838,1358,B0001,C0104,76,91
U+306B,100249371_00010_1,835,1467,B0001,C0105,86,57
U+305F,100249371_00010_1,829,1559,B0001,C0106,93,86
U+307E,100249371_00010_1,863,1633,B0001,C0107,38,97
U+308A,100249371_00010_1,856,1735,B0001,C0108,41,87
U+3042,100249371_00010_1,837,1822,B0001,C0109,69,81
U+308B,100249371_00010_1,860,1903,B0001,C0110,38,62
U+6C34,100249371_00010_1,847,1983,B0001,C0111,65,123
U+6C17,100249371_00010_1,845,2114,B0001,C0112,68,131
U+3092,100249371_00010_1,841,2245,B0001,C0113,70,72
U+5225,100249371_00010_1,838,2328,B0001,C0114,89,129
U+306E,100249371_00010_1,854,2462,B0001,C0115,60,57
U+5668,100249371_00010_1,849,2523,B0001,C0116,74,109
U+3078,100249371_00010_1,847,2632,B0001,C0117,93,100
U+3057,100249371_00010_1,650,468,B0001,C0118,93,78
U+305F,100249371_00010_1,684,546,B0001,C0119,42,80
U+307F,100249371_00010_1,650,640,B0001,C0120,93,77
U+3064,100249371_00010_1,663,725,B0001,C0121,82,90
U+304F,100249371_00010_1,682,821,B0001,C0122,29,54
U+3057,100249371_00010_1,693,878,B0001,C0123,19,87
U+5176,100249371_00010_1,685,968,B0001,C0124,40,114
U+4E0A,100249371_00010_1,669,1082,B0001,C0125,62,86
U+307E,100249371_00010_1,686,1186,B0001,C0126,39,92
U+305F,100249371_00010_1,677,1271,B0001,C0127,43,93
U+5225,100249371_00010_1,656,1381,B0001,C0128,94,144
U+306B,100249371_00010_1,696,1525,B0001,C0129,23,72
U+7802,100249371_00010_1,655,1632,B0001,C0130,98,99
U+7CD6,100249371_00010_1,651,1725,B0001,C0131,98,123
U+3092,100249371_00010_1,668,1852,B0001,C0132,79,69
U+591A,100249371_00010_1,677,1943,B0001,C0133,54,132
U+5206,100249371_00010_1,692,2065,B0001,C0134,51,116
U+306B,100249371_00010_1,672,2191,B0001,C0135,73,84
U+6295,100249371_00010_1,654,2275,B0001,C0136,118,121
U+3057,100249371_00010_1,712,2385,B0001,C0137,18,146
U+5165,100249371_00010_1,651,2557,B0001,C0138,108,75
U+308C,100249371_00010_1,688,2616,B0001,C0139,55,113
U+5F8C,100249371_00010_1,473,470,B0001,C0140,98,126
U+306F,100249371_00010_1,496,617,B0001,C0141,58,43
U+6587,100249371_00010_1,485,692,B0001,C0142,80,105
U+706B,100249371_00010_1,490,803,B0001,C0143,74,113
U+306B,100249371_00010_1,511,907,B0001,C0144,25,86
U+3066,100249371_00010_1,493,993,B0001,C0145,48,64
U+305D,100249371_00010_1,494,1082,B0001,C0146,52,94
U+308D,100249371_00010_1,481,1193,B0001,C0147,65,81
U+3031,100249371_00010_1,511,1257,B0001,C0148,49,143
U+3068,100249371_00010_1,514,1410,B0001,C0149,38,87
U+716E,100249371_00010_1,490,1514,B0001,C0150,86,130
U+308B,100249371_00010_1,518,1644,B0001,C0151,47,86
U+306A,100249371_00010_1,501,1730,B0001,C0152,60,91
U+308A,100249371_00010_1,512,1821,B0001,C0153,35,84
U+6C34,100249371_00010_1,483,1929,B0001,C0154,91,106
U+6C17,100249371_00010_1,498,2035,B0001,C0155,69,125
U+3055,100249371_00010_1,512,2177,B0001,C0156,39,73
U+3064,100249371_00010_1,491,2250,B0001,C0157,77,77
U+306F,100249371_00010_1,505,2327,B0001,C0158,38,72
U+308A,100249371_00010_1,513,2399,B0001,C0159,28,87
U+4E7E,100249371_00010_1,482,2487,B0001,C0160,91,104
U+304D,100249371_00010_1,512,2564,B0001,C0161,41,87
U+3066,100249371_00010_1,498,2651,B0001,C0162,53,84
U+304B,100249371_00010_1,289,475,B0001,C0163,93,85
U+3089,100249371_00010_1,327,560,B0001,C0164,25,97
U+3031,100249371_00010_1,332,645,B0001,C0165,40,116
U+3068,100249371_00010_1,327,762,B0001,C0166,28,90
U+306A,100249371_00010_1,306,870,B0001,C0167,72,96
U+308B,100249371_00010_1,323,966,B0001,C0168,44,87
U+4F4D,100249371_00010_1,303,1056,B0001,C0169,93,127
U+306B,100249371_00010_1,305,1192,B0001,C0170,81,77
U+306A,100249371_00010_1,316,1294,B0001,C0171,66,93
U+308A,100249371_00010_1,327,1387,B0001,C0172,39,74
U+305F,100249371_00010_1,322,1464,B0001,C0173,40,66
U+308B,100249371_00010_1,319,1530,B0001,C0174,41,94
U+3092,100249371_00010_1,307,1624,B0001,C0175,73,76
U+5EA6,100249371_00010_1,299,1719,B0001,C0176,110,142
U+3068,100249371_00010_1,333,1867,B0001,C0177,35,67
U+3057,100249371_00010_1,327,1934,B0001,C0178,38,84
U+3066,100249371_00010_1,316,2018,B0001,C0179,50,66
U+5225,100249371_00010_1,297,2097,B0001,C0180,91,133
U+5668,100249371_00010_1,298,2230,B0001,C0181,88,128
U+3078,100249371_00010_1,303,2358,B0001,C0182,90,66
U+53D6,100249371_00010_1,304,2424,B0001,C0183,87,92
U+5165,100249371_00010_1,302,2548,B0001,C0184,100,78
U+308C,100249371_00010_1,317,2604,B0001,C0185,60,124
U+4E09,100249371_00010_1,140,486,B0001,C0186,54,72
U+76C6,100249371_00010_1,149,579,B0001,C0187,51,151
U+767D,100249371_00010_1,141,730,B0001,C0188,66,98
U+306E,100249371_00010_1,147,842,B0001,C0189,56,76
U+7802,100249371_00010_1,133,946,B0001,C0190,103,125
U+7CD6,100249371_00010_1,136,1061,B0001,C0191,85,121
U+3092,100249371_00010_1,148,1182,B0001,C0192,63,94
U+3075,100249371_00010_1,130,1294,B0001,C0193,77,99
U+308A,100249371_00010_1,163,1394,B0001,C0194,35,84
U+304B,100249371_00010_1,163,1478,B0001,C0195,20,65
U+3051,100249371_00010_1,152,1543,B0001,C0196,59,80
U+3088,100249371_00010_1,160,1641,B0001,C0197,39,73
U+304F,100249371_00010_1,162,1714,B0001,C0198,21,69
U+307E,100249371_00010_1,157,1783,B0001,C0199,38,108
U+3076,100249371_00010_1,127,1891,B0001,C0200,94,88
U+3057,100249371_00010_1,172,1979,B0001,C0201,12,122
U+8CAF,100249371_00010_1,133,2105,B0001,C0202,98,117
U+3078,100249371_00010_1,143,2234,B0001,C0203,83,40
U+7F6E,100249371_00010_1,149,2291,B0001,C0204,65,112
U+306A,100249371_00010_1,159,2403,B0001,C0205,36,92
U+308A,100249371_00010_1,162,2495,B0001,C0206,44,110
U+4E00,100249371_00010_2,1609,454,B0001,C0001,77,21
U+5207,100249371_00010_2,1598,523,B0001,C0002,99,84
U+306E,100249371_00010_2,1621,628,B0001,C0003,64,71
U+9752,100249371_00010_2,1624,716,B0001,C0004,58,131
U+7269,100249371_00010_2,1606,847,B0001,C0005,92,88
U+3064,100249371_00010_2,1619,961,B0001,C0006,72,75
U+3051,100249371_00010_2,1622,1036,B0001,C0007,67,106
U+3084,100249371_00010_2,1621,1142,B0001,C0008,71,56
U+3046,100249371_00010_2,1636,1197,B0001,C0009,27,108
U+307F,100249371_00010_2,1634,1305,B0001,C0010,39,95
U+306A,100249371_00010_2,1623,1400,B0001,C0011,75,123
U+65AF,100249371_00010_2,1613,1538,B0001,C0012,84,102
U+306E,100249371_00010_2,1630,1655,B0001,C0013,52,67
U+304F,100249371_00010_2,1636,1818,B0001,C0014,46,90
U+3059,100249371_00010_2,1638,1922,B0001,C0015,61,92
U+308B,100249371_00010_2,1645,2014,B0001,C0016,39,91
U+306A,100249371_00010_2,1633,2121,B0001,C0017,54,78
U+308A,100249371_00010_2,1642,2208,B0001,C0018,35,76
U+53F3,100249371_00010_2,1493,533,B0001,C0019,72,80
U+306E,100249371_00010_2,1506,621,B0001,C0020,49,71
U+304F,100249371_00010_2,1508,767,B0001,C0021,37,85
U+7802,100249371_00010_2,1489,875,B0001,C0022,84,82
U+3068,100249371_00010_2,1514,957,B0001,C0023,29,73
U+3046,100249371_00010_2,1512,1027,B0001,C0024,31,87
U+306B,100249371_00010_2,1514,1110,B0001,C0025,28,82
U+3066,100249371_00010_2,1503,1190,B0001,C0026,47,66
U+716E,100249371_00010_2,1502,1259,B0001,C0027,65,109
U+4E0A,100249371_00010_2,1493,1378,B0001,C0028,71,64
U+30B1,100249371_00010_2,1515,1447,B0001,C0029,46,75
U+305F,100249371_00010_2,1512,1524,B0001,C0030,44,78
U+308B,100249371_00010_2,1522,1605,B0001,C0031,35,70
U+3082,100249371_00010_2,1518,1698,B0001,C0032,36,83
U+306E,100249371_00010_2,1505,1784,B0001,C0033,63,64
U+3092,100249371_00010_2,1512,1863,B0001,C0034,56,61
U+4E16,100249371_00010_2,1507,1940,B0001,C0035,65,87
U+4E0A,100249371_00010_2,1505,2027,B0001,C0036,63,75
U+306E,100249371_00010_2,1504,2120,B0001,C0037,58,52
U+65B9,100249371_00010_2,1497,2178,B0001,C0038,62,96
U+8A00,100249371_00010_2,1504,2274,B0001,C0039,48,106
U+306B,100249371_00010_2,1506,2379,B0001,C0040,58,57
U+3055,100249371_00010_2,1519,2464,B0001,C0041,28,52
U+3068,100249371_00010_2,1518,2542,B0001,C0042,27,62
U+3046,100249371_00010_2,1518,2609,B0001,C0043,32,77
U+3065,100249371_00010_2,1395,537,B0001,C0044,88,76
U+3051,100249371_00010_2,1410,631,B0001,C0045,53,87
U+3068,100249371_00010_2,1418,714,B0001,C0046,28,90
U+79F0,100249371_00010_2,1387,815,B0001,C0047,80,90
U+3059,100249371_00010_2,1403,906,B0001,C0048,60,85
U+308B,100249371_00010_2,1408,988,B0001,C0049,42,67
U+4E5F,100249371_00010_2,1399,1067,B0001,C0050,63,76
U+662F,100249371_00010_2,1406,1153,B0001,C0051,52,112
U+306F,100249371_00010_2,1401,1286,B0001,C0052,56,35
U+53F3,100249371_00010_2,1404,1326,B0001,C0053,72,98
U+3084,100249371_00010_2,1414,1423,B0001,C0054,68,60
U+3046,100249371_00010_2,1419,1487,B0001,C0055,36,85
U+306B,100249371_00010_2,1416,1576,B0001,C0056,56,50
U+716E,100249371_00010_2,1401,1652,B0001,C0057,74,106
U+3042,100249371_00010_2,1409,1770,B0001,C0058,63,81
U+3052,100249371_00010_2,1418,1867,B0001,C0059,62,92
U+305F,100249371_00010_2,1421,1958,B0001,C0060,39,125
U+308B,100249371_00010_2,1427,2092,B0001,C0061,38,100
U+3092,100249371_00010_2,1409,2195,B0001,C0062,56,75
U+3057,100249371_00010_2,1401,2277,B0001,C0063,82,93
U+3089,100249371_00010_2,1438,2372,B0001,C0064,28,58
U+3059,100249371_00010_2,1422,2433,B0001,C0065,44,104
U+3057,100249371_00010_2,1422,2525,B0001,C0066,35,87
U+3066,100249371_00010_2,1410,2615,B0001,C0067,57,64
U+3044,100249371_00010_2,1306,543,B0001,C0068,47,50
U+3075,100249371_00010_2,1280,594,B0001,C0069,78,58
U+3070,100249371_00010_2,1307,767,B0001,C0070,68,79
U+306A,100249371_00010_2,1300,859,B0001,C0071,50,81
U+308A,100249371_00010_2,1306,942,B0001,C0072,38,81
U+25CB,100249371_00010_2,1087,351,B0001,C0073,75,72
U+751F,100249371_00010_2,1070,468,B0001,C0074,101,90
U+59DC,100249371_00010_2,1059,634,B0001,C0075,137,139
U+968F,100249371_00010_2,1080,882,B0001,C0076,103,98
U+5206,100249371_00010_2,1111,985,B0001,C0077,53,111
U+5927,100249371_00010_2,1093,1107,B0001,C0078,76,81
U+306A,100249371_00010_2,1101,1201,B0001,C0079,60,91
U+308B,100249371_00010_2,1104,1297,B0001,C0080,51,68
U+751F,100249371_00010_2,1107,1377,B0001,C0081,55,96
U+59DC,100249371_00010_2,1084,1471,B0001,C0082,100,125
U+3092,100249371_00010_2,1104,1604,B0001,C0083,70,69
U+3091,100249371_00010_2,1108,1683,B0001,C0084,83,88
U+3089,100249371_00010_2,1127,1787,B0001,C0085,32,79
U+307F,100249371_00010_2,1123,1866,B0001,C0086,34,79
U+3046,100249371_00010_2,1121,1961,B0001,C0087,34,81
U+3059,100249371_00010_2,1107,2040,B0001,C0088,54,76
U+304F,100249371_00010_2,1112,2119,B0001,C0089,37,49
U+8F2A,100249371_00010_2,1083,2184,B0001,C0090,100,99
U+304E,100249371_00010_2,1117,2286,B0001,C0091,66,78
U+308A,100249371_00010_2,1116,2369,B0001,C0092,42,83
U+6216,100249371_00010_2,1095,2469,B0001,C0093,81,113
U+306F,100249371_00010_2,1107,2608,B0001,C0094,63,114
U+306F,100249371_00010_2,945,475,B0001,C0095,42,93
U+3059,100249371_00010_2,917,571,B0001,C0096,75,112
U+304B,100249371_00010_2,926,686,B0001,C0097,47,78
U+3072,100249371_00010_2,915,753,B0001,C0098,85,97
U+306B,100249371_00010_2,938,853,B0001,C0099,40,81
U+5207,100249371_00010_2,903,958,B0001,C0100,112,76
U+3066,100249371_00010_2,940,1036,B0001,C0101,30,113
U+3088,100249371_00010_2,943,1166,B0001,C0102,31,70
U+304F,100249371_00010_2,939,1236,B0001,C0103,38,78
U+3031,100249371_00010_2,938,1299,B0001,C0104,53,130
U+6E6F,100249371_00010_2,919,1457,B0001,C0105,91,96
U+716E,100249371_00010_2,916,1553,B0001,C0106,94,135
U+3057,100249371_00010_2,960,1681,B0001,C0107,28,90
U+53D6,100249371_00010_2,919,1766,B0001,C0108,84,98
U+3042,100249371_00010_2,925,1878,B0001,C0109,77,81
U+3052,100249371_00010_2,933,1972,B0001,C0110,76,110
U+6E05,100249371_00010_2,913,2101,B0001,C0111,92,116
U+6C34,100249371_00010_2,914,2233,B0001,C0112,97,93
U+4E00,100249371_00010_2,916,2356,B0001,C0113,93,31
U+5347,100249371_00010_2,927,2396,B0001,C0114,83,136
U+306E,100249371_00010_2,944,2541,B0001,C0115,54,54
U+4E2D,100249371_00010_2,933,2596,B0001,C0116,64,113
U+3078,100249371_00010_2,932,2709,B0001,C0117,83,38
U+4E0A,100249371_00010_2,752,458,B0001,C0118,60,95
U+54C1,100249371_00010_2,739,568,B0001,C0119,84,105
U+306E,100249371_00010_2,732,696,B0001,C0120,81,68
U+77F3,100249371_00010_2,741,774,B0001,C0121,84,87
U+7070,100249371_00010_2,725,894,B0001,C0122,102,114
U+5F10,100249371_00010_2,738,1032,B0001,C0123,96,94
U+5408,100249371_00010_2,730,1145,B0001,C0124,99,119
U+5165,100249371_00010_2,721,1289,B0001,C0125,105,70
U+308C,100249371_00010_2,753,1353,B0001,C0126,61,122
U+304B,100249371_00010_2,767,1491,B0001,C0127,46,83
U+304D,100249371_00010_2,757,1551,B0001,C0128,59,114
U+307E,100249371_00010_2,758,1672,B0001,C0129,52,96
U+305C,100249371_00010_2,745,1746,B0001,C0130,94,110
U+6B64,100249371_00010_2,741,1874,B0001,C0131,105,90
U+6C34,100249371_00010_2,738,1979,B0001,C0132,94,112
U+306B,100249371_00010_2,772,2092,B0001,C0133,35,68
U+4E8C,100249371_00010_2,745,2188,B0001,C0134,79,71
U+65E5,100249371_00010_2,758,2290,B0001,C0135,59,68
U+4E8C,100249371_00010_2,737,2374,B0001,C0136,82,59
U+591C,100249371_00010_2,743,2450,B0001,C0137,80,115
U+3072,100249371_00010_2,756,2558,B0001,C0138,89,105
U+305F,100249371_00010_2,776,2671,B0001,C0139,39,56
U+3057,100249371_00010_2,735,2602,B0001,C0140,99,143
U+7F6E,100249371_00010_2,567,459,B0001,C0141,80,137
U+3068,100249371_00010_2,585,603,B0001,C0142,39,90
U+308A,100249371_00010_2,584,696,B0001,C0143,44,87
U+4E0A,100249371_00010_2,577,785,B0001,C0144,67,64
U+3051,100249371_00010_2,591,859,B0001,C0145,49,84
U+3075,100249371_00010_2,551,950,B0001,C0146,96,97
U+305F,100249371_00010_2,584,1045,B0001,C0147,47,64
U+309D,100249371_00010_2,600,1113,B0001,C0148,29,58
U+3072,100249371_00010_2,568,1179,B0001,C0149,85,92
U+6E05,100249371_00010_2,567,1282,B0001,C0150,93,113
U+6C34,100249371_00010_2,568,1396,B0001,C0151,93,99
U+306B,100249371_00010_2,600,1495,B0001,C0152,33,69
U+3066,100249371_00010_2,582,1572,B0001,C0153,57,63
U+3088,100249371_00010_2,593,1650,B0001,C0154,44,79
U+304F,100249371_00010_2,591,1718,B0001,C0155,37,91
U+3031,100249371_00010_2,599,1761,B0001,C0156,51,152
U+3042,100249371_00010_2,578,1925,B0001,C0157,81,106
U+3089,100249371_00010_2,603,2028,B0001,C0158,29,92
U+3072,100249371_00010_2,573,2117,B0001,C0159,80,74
U+6D41,100249371_00010_2,568,2200,B0001,C0160,99,98
U+306B,100249371_00010_2,596,2306,B0001,C0161,40,74
U+3057,100249371_00010_2,613,2368,B0001,C0162,22,100
U+3066,100249371_00010_2,588,2467,B0001,C0163,60,69
U+305D,100249371_00010_2,587,2545,B0001,C0164,54,79
U+306E,100249371_00010_2,591,2641,B0001,C0165,62,67
U+4E0A,100249371_00010_2,398,443,B0001,C0166,68,113
U+524D,100249371_00010_2,393,569,B0001,C0167,83,138
U+6CD5,100249371_00010_2,383,712,B0001,C0168,98,103
U+306E,100249371_00010_2,397,841,B0001,C0169,61,63
U+304F,100249371_00010_2,411,1013,B0001,C0170,43,94
U+7802,100249371_00010_2,382,1140,B0001,C0171,109,89
U+7CD6,100249371_00010_2,375,1229,B0001,C0172,108,121
U+306B,100249371_00010_2,408,1346,B0001,C0173,40,74
U+3066,100249371_00010_2,399,1435,B0001,C0174,60,63
U+716E,100249371_00010_2,388,1503,B0001,C0175,94,146
U+308B,100249371_00010_2,415,1650,B0001,C0176,49,61
U+306A,100249371_00010_2,397,1730,B0001,C0177,66,88
U+308A,100249371_00010_2,396,1828,B0001,C0178,61,91
U+51E1,100249371_00010_2,202,534,B0001,C0179,91,96
U+8F9B,100249371_00010_2,208,652,B0001,C0180,63,140
U+5473,100249371_00010_2,190,799,B0001,C0181,100,99
U+306E,100249371_00010_2,204,920,B0001,C0182,74,67
U+3042,100249371_00010_2,212,1000,B0001,C0183,67,86
U+308B,100249371_00010_2,216,1082,B0001,C0184,52,66
U+3082,100249371_00010_2,218,1161,B0001,C0185,50,92
U+306E,100249371_00010_2,207,1273,B0001,C0186,74,81
U+306F,100249371_00010_2,209,1364,B0001,C0187,84,41
U+7686,100249371_00010_2,215,1424,B0001,C0188,83,127
U+304B,100249371_00010_2,241,1559,B0001,C0189,39,73
U+304F,100249371_00010_2,242,1618,B0001,C0190,35,73
U+306E,100249371_00010_2,222,1702,B0001,C0191,66,74
U+5982,100249371_00010_2,206,1787,B0001,C0192,105,58
U+304F,100249371_00010_2,244,1846,B0001,C0193,34,97
U+3059,100249371_00010_2,224,1954,B0001,C0194,65,90
U+3079,100249371_00010_2,214,2015,B0001,C0195,98,76
U+3057,100249371_00010_2,251,2099,B0001,C0196,30,197
U+5929,100249371_00011_1,1542,364,B0001,C0001,75,103
U+9580,100249371_00011_1,1535,513,B0001,C0002,105,106
U+51AC,100249371_00011_1,1548,630,B0001,C0003,73,151
U+751F,100249371_00011_1,1582,805,B0001,C0004,69,79
U+3088,100249371_00011_1,1576,1006,B0001,C0005,23,67
U+304F,100249371_00011_1,1569,1073,B0001,C0006,31,91
U+84B8,100249371_00011_1,1541,1197,B0001,C0007,80,123
U+3057,100249371_00011_1,1572,1328,B0001,C0008,17,90
U+76AE,100249371_00011_1,1536,1433,B0001,C0009,85,120
U+3092,100249371_00011_1,1544,1553,B0001,C0010,62,69
U+3055,100249371_00011_1,1564,1635,B0001,C0011,34,72
U+308A,100249371_00011_1,1561,1707,B0001,C0012,31,65
U+5FC3,100249371_00011_1,1536,1785,B0001,C0013,88,96
U+3092,100249371_00011_1,1542,1881,B0001,C0014,68,76
U+306C,100249371_00011_1,1532,1965,B0001,C0015,93,70
U+304D,100249371_00011_1,1562,2040,B0001,C0016,38,91
U+3055,100249371_00011_1,1561,2144,B0001,C0017,37,59
U+308B,100249371_00011_1,1552,2203,B0001,C0018,48,75
U+4E5F,100249371_00011_1,1542,2297,B0001,C0019,75,60
U+3088,100249371_00011_1,1554,2369,B0001,C0020,37,62
U+304F,100249371_00011_1,1558,2431,B0001,C0021,28,72
U+84B8,100249371_00011_1,1533,2513,B0001,C0022,99,109
U+3055,100249371_00011_1,1560,2623,B0001,C0023,37,44
U+308A,100249371_00011_1,1554,2667,B0001,C0024,40,70
U+305F,100249371_00011_1,1397,457,B0001,C0025,35,67
U+308B,100249371_00011_1,1387,524,B0001,C0026,41,74
U+3068,100249371_00011_1,1395,598,B0001,C0027,30,74
U+304D,100249371_00011_1,1387,672,B0001,C0028,37,129
U+306F,100249371_00011_1,1376,824,B0001,C0029,59,38
U+76AE,100249371_00011_1,1371,891,B0001,C0030,74,98
U+3088,100249371_00011_1,1396,989,B0001,C0031,33,64
U+304F,100249371_00011_1,1391,1053,B0001,C0032,25,77
U+3080,100249371_00011_1,1367,1147,B0001,C0033,94,77
U+3051,100249371_00011_1,1370,1230,B0001,C0034,78,94
U+308B,100249371_00011_1,1384,1324,B0001,C0035,39,87
U+3082,100249371_00011_1,1376,1411,B0001,C0036,37,95
U+306E,100249371_00011_1,1372,1514,B0001,C0037,58,68
U+306A,100249371_00011_1,1374,1588,B0001,C0038,41,75
U+308A,100249371_00011_1,1378,1663,B0001,C0039,42,98
U+3055,100249371_00011_1,1382,1774,B0001,C0040,40,82
U+3066,100249371_00011_1,1366,1856,B0001,C0041,50,76
U+3088,100249371_00011_1,1381,1932,B0001,C0042,34,61
U+304F,100249371_00011_1,1380,1997,B0001,C0043,20,61
U+84B8,100249371_00011_1,1349,2078,B0001,C0044,88,128
U+3055,100249371_00011_1,1373,2206,B0001,C0045,41,73
U+308A,100249371_00011_1,1373,2279,B0001,C0046,37,74
U+305F,100249371_00011_1,1377,2355,B0001,C0047,35,80
U+308B,100249371_00011_1,1367,2435,B0001,C0048,50,68
U+3092,100249371_00011_1,1358,2503,B0001,C0049,67,79
U+5805,100249371_00011_1,1353,2601,B0001,C0050,84,129
U+306B,100249371_00011_1,1180,465,B0001,C0051,86,58
U+308F,100249371_00011_1,1208,570,B0001,C0052,29,80
U+308A,100249371_00011_1,1209,650,B0001,C0053,34,104
U+3066,100249371_00011_1,1195,743,B0001,C0054,53,65
U+4E2D,100249371_00011_1,1180,821,B0001,C0055,81,119
U+306E,100249371_00011_1,1198,954,B0001,C0056,52,54
U+5FC3,100249371_00011_1,1181,1022,B0001,C0057,96,98
U+3092,100249371_00011_1,1190,1120,B0001,C0058,69,85
U+306C,100249371_00011_1,1179,1217,B0001,C0059,87,75
U+304D,100249371_00011_1,1206,1297,B0001,C0060,42,107
U+3055,100249371_00011_1,1203,1417,B0001,C0061,38,68
U+308A,100249371_00011_1,1206,1485,B0001,C0062,34,88
U+662F,100249371_00011_1,1185,1582,B0001,C0063,58,130
U+3092,100249371_00011_1,1185,1721,B0001,C0064,72,69
U+518D,100249371_00011_1,1163,1806,B0001,C0065,112,112
U+3073,100249371_00011_1,1184,1920,B0001,C0066,128,75
U+3088,100249371_00011_1,1209,2002,B0001,C0067,40,59
U+304F,100249371_00011_1,1201,2061,B0001,C0068,29,77
U+6E6F,100249371_00011_1,1182,2138,B0001,C0069,73,112
U+716E,100249371_00011_1,1178,2237,B0001,C0070,78,118
U+3057,100249371_00011_1,1196,2366,B0001,C0071,33,116
U+3066,100249371_00011_1,1186,2483,B0001,C0072,49,52
U+3055,100249371_00011_1,1194,2555,B0001,C0073,40,69
U+3066,100249371_00011_1,1185,2624,B0001,C0074,47,94
U+65E9,100249371_00011_1,1011,463,B0001,C0075,56,102
U+7A32,100249371_00011_1,994,566,B0001,C0076,98,121
U+85C1,100249371_00011_1,1001,687,B0001,C0077,83,162
U+306E,100249371_00011_1,1017,885,B0001,C0078,55,68
U+7070,100249371_00011_1,1005,963,B0001,C0079,81,112
U+6C41,100249371_00011_1,1010,1090,B0001,C0080,81,116
U+4E00,100249371_00011_1,1013,1230,B0001,C0081,66,9
U+5347,100249371_00011_1,1000,1268,B0001,C0082,90,116
U+306E,100249371_00011_1,1018,1407,B0001,C0083,57,67
U+4E2D,100249371_00011_1,1011,1474,B0001,C0084,63,120
U+3078,100249371_00011_1,994,1594,B0001,C0085,98,63
U+67AF,100249371_00011_1,997,1675,B0001,C0086,97,92
U+792C,100249371_00011_1,1009,1774,B0001,C0087,85,118
U+7D30,100249371_00011_1,1001,1920,B0001,C0088,97,91
U+672B,100249371_00011_1,1008,2011,B0001,C0089,78,93
U+58F1,100249371_00011_1,1018,2112,B0001,C0090,53,125
U+4E21,100249371_00011_1,1014,2237,B0001,C0091,76,93
U+5165,100249371_00011_1,988,2350,B0001,C0092,103,68
U+308C,100249371_00011_1,1016,2402,B0001,C0093,54,117
U+3088,100249371_00011_1,1030,2544,B0001,C0094,30,77
U+304F,100249371_00011_1,1026,2621,B0001,C0095,27,86
U+304B,100249371_00011_1,833,458,B0001,C0096,86,67
U+304D,100249371_00011_1,861,531,B0001,C0097,41,105
U+307E,100249371_00011_1,860,638,B0001,C0098,42,102
U+305C,100249371_00011_1,838,740,B0001,C0099,88,98
U+6B64,100249371_00011_1,828,859,B0001,C0100,92,96
U+6C34,100249371_00011_1,812,971,B0001,C0101,110,104
U+306B,100249371_00011_1,867,1077,B0001,C0102,26,81
U+4E09,100249371_00011_1,835,1191,B0001,C0103,81,84
U+65E5,100249371_00011_1,853,1287,B0001,C0104,57,75
U+3072,100249371_00011_1,840,1382,B0001,C0105,88,90
U+305F,100249371_00011_1,855,1481,B0001,C0106,44,63
U+3057,100249371_00011_1,869,1545,B0001,C0107,18,95
U+53D6,100249371_00011_1,833,1642,B0001,C0108,81,113
U+3042,100249371_00011_1,847,1756,B0001,C0109,58,74
U+3052,100249371_00011_1,850,1830,B0001,C0110,74,126
U+6E05,100249371_00011_1,825,1947,B0001,C0111,101,110
U+6C34,100249371_00011_1,825,2062,B0001,C0112,100,104
U+306B,100249371_00011_1,860,2166,B0001,C0113,23,75
U+3066,100249371_00011_1,844,2241,B0001,C0114,49,74
U+3042,100249371_00011_1,841,2340,B0001,C0115,72,77
U+3089,100249371_00011_1,863,2425,B0001,C0116,26,75
U+3072,100249371_00011_1,837,2504,B0001,C0117,76,83
U+6D41,100249371_00011_1,830,2585,B0001,C0118,110,92
U+3057,100249371_00011_1,878,2677,B0001,C0119,12,82
U+306B,100249371_00011_1,696,459,B0001,C0120,24,75
U+3057,100249371_00011_1,692,534,B0001,C0121,26,80
U+3066,100249371_00011_1,676,619,B0001,C0122,46,66
U+5176,100249371_00011_1,683,709,B0001,C0123,44,129
U+4E0A,100249371_00011_1,678,840,B0001,C0124,55,78
U+524D,100249371_00011_1,674,951,B0001,C0125,81,121
U+6CD5,100249371_00011_1,671,1073,B0001,C0126,94,89
U+306E,100249371_00011_1,677,1186,B0001,C0127,64,75
U+304F,100249371_00011_1,693,1373,B0001,C0128,28,84
U+7802,100249371_00011_1,660,1499,B0001,C0129,103,83
U+7CD6,100249371_00011_1,651,1603,B0001,C0130,103,115
U+306B,100249371_00011_1,695,1721,B0001,C0131,18,71
U+3066,100249371_00011_1,676,1792,B0001,C0132,45,72
U+716E,100249371_00011_1,663,1866,B0001,C0133,86,120
U+3064,100249371_00011_1,660,2004,B0001,C0134,84,60
U+3081,100249371_00011_1,667,2064,B0001,C0135,75,82
U+308B,100249371_00011_1,694,2146,B0001,C0136,30,69
U+306A,100249371_00011_1,665,2215,B0001,C0137,67,110
U+308A,100249371_00011_1,685,2325,B0001,C0138,35,107
U+51E1,100249371_00011_1,496,545,B0001,C0139,67,86
U+82E6,100249371_00011_1,487,662,B0001,C0140,70,121
U+5473,100249371_00011_1,475,784,B0001,C0141,102,98
U+306E,100249371_00011_1,502,924,B0001,C0142,63,51
U+3042,100249371_00011_1,502,996,B0001,C0143,67,74
U+308B,100249371_00011_1,514,1070,B0001,C0144,41,72
U+3082,100249371_00011_1,506,1142,B0001,C0145,44,109
U+306E,100249371_00011_1,492,1251,B0001,C0146,59,61
U+309D,100249371_00011_1,521,1312,B0001,C0147,18,42
U+716E,100249371_00011_1,493,1361,B0001,C0148,74,126
U+6CD5,100249371_00011_1,488,1499,B0001,C0149,85,87
U+307F,100249371_00011_1,515,1593,B0001,C0150,26,99
U+306A,100249371_00011_1,496,1692,B0001,C0151,59,83
U+304B,100249371_00011_1,509,1783,B0001,C0152,33,47
U+304F,100249371_00011_1,509,1830,B0001,C0153,27,65
U+306E,100249371_00011_1,499,1908,B0001,C0154,51,63
U+3057,100249371_00011_1,516,2070,B0001,C0155,23,154
U+53F3,100249371_00011_1,317,546,B0001,C0156,70,83
U+67AF,100249371_00011_1,302,661,B0001,C0157,88,91
U+792C,100249371_00011_1,307,752,B0001,C0158,79,132
U+306E,100249371_00011_1,326,915,B0001,C0159,52,57
U+304B,100249371_00011_1,326,991,B0001,C0160,42,70
U+306F,100249371_00011_1,311,1061,B0001,C0161,66,52
U+308A,100249371_00011_1,331,1113,B0001,C0162,35,86
U+306B,100249371_00011_1,310,1214,B0001,C0163,72,58
U+8406,100249371_00011_1,305,1296,B0001,C0164,69,174
U+64A5,100249371_00011_1,290,1471,B0001,C0165,115,105
U+306B,100249371_00011_1,330,1576,B0001,C0166,28,92
U+3066,100249371_00011_1,315,1668,B0001,C0167,56,65
U+3082,100249371_00011_1,322,1733,B0001,C0168,35,84
U+3088,100249371_00011_1,341,1836,B0001,C0169,33,82
U+3057,100249371_00011_1,346,1918,B0001,C0170,13,86
U+3068,100249371_00011_1,328,2015,B0001,C0171,31,78
U+3059,100249371_00011_1,307,2110,B0001,C0172,64,80
U+308B,100249371_00011_1,318,2190,B0001,C0173,43,76
U+4E5F,100249371_00011_1,315,2266,B0001,C0174,75,80
U+677E,100249371_00011_1,126,372,B0001,C0175,88,84
U+306E,100249371_00011_1,132,486,B0001,C0176,66,72
U+307F,100249371_00011_1,118,571,B0001,C0177,85,82
U+3069,100249371_00011_1,157,653,B0001,C0178,74,57
U+308A,100249371_00011_1,149,710,B0001,C0179,40,99
U+4F46,100249371_00011_1,154,995,B0001,C0180,73,71
U+3057,100249371_00011_1,193,1066,B0001,C0181,13,106
U+6625,100249371_00011_1,151,1161,B0001,C0182,39,118
U+306E,100249371_00011_1,152,1304,B0001,C0183,44,56
U+672B,100249371_00011_1,145,1360,B0001,C0184,62,75
U+677E,100249371_00011_1,143,1449,B0001,C0185,58,128
U+306E,100249371_00011_1,151,1603,B0001,C0186,51,36
U+3057,100249371_00011_1,148,1657,B0001,C0187,63,74
U+3093,100249371_00011_1,142,1731,B0001,C0188,83,68
U+306B,100249371_00011_1,166,1792,B0001,C0189,23,72
U+7ACB,100249371_00011_1,145,1880,B0001,C0190,65,85
U+305F,100249371_00011_1,156,1965,B0001,C0191,41,60
U+308B,100249371_00011_1,153,2025,B0001,C0192,39,71
U+7269,100249371_00011_1,137,2096,B0001,C0193,73,68
U+3092,100249371_00011_1,144,2164,B0001,C0194,58,61
U+3068,100249371_00011_1,160,2237,B0001,C0195,35,61
U+308A,100249371_00011_1,157,2298,B0001,C0196,38,76
U+7528,100249371_00011_1,148,2374,B0001,C0197,53,94
U+3086,100249371_00011_1,148,2468,B0001,C0198,54,74
U+3079,100249371_00011_1,131,2516,B0001,C0199,86,63
U+3057,100249371_00011_1,167,2570,B0001,C0200,17,139
U+3088,100249371_00011_2,1618,448,B0001,C0001,33,77
U+304F,100249371_00011_2,1613,525,B0001,C0002,31,87
U+6E6F,100249371_00011_2,1587,641,B0001,C0003,87,134
U+716E,100249371_00011_2,1585,777,B0001,C0004,84,130
U+3057,100249371_00011_2,1612,907,B0001,C0005,26,118
U+3066,100249371_00011_2,1597,1025,B0001,C0006,46,74
U+6E05,100249371_00011_2,1580,1122,B0001,C0007,85,118
U+6C34,100249371_00011_2,1585,1240,B0001,C0008,78,98
U+4E00,100249371_00011_2,1586,1376,B0001,C0009,73,16
U+5347,100249371_00011_2,1588,1406,B0001,C0010,70,132
U+306E,100249371_00011_2,1595,1557,B0001,C0011,50,74
U+4E2D,100249371_00011_2,1586,1631,B0001,C0012,63,112
U+3078,100249371_00011_2,1584,1743,B0001,C0013,75,55
U+77F3,100249371_00011_2,1585,1818,B0001,C0014,70,87
U+6C7A,100249371_00011_2,1577,1932,B0001,C0015,84,87
U+660E,100249371_00011_2,1569,2028,B0001,C0016,92,83
U+7D30,100249371_00011_2,1580,2126,B0001,C0017,83,99
U+672B,100249371_00011_2,1578,2225,B0001,C0018,74,69
U+62FE,100249371_00011_2,1577,2358,B0001,C0019,78,114
U+5301,100249371_00011_2,1598,2511,B0001,C0020,43,155
U+77F3,100249371_00011_2,1421,466,B0001,C0021,70,102
U+7070,100249371_00011_2,1406,569,B0001,C0022,92,141
U+5F10,100249371_00011_2,1416,735,B0001,C0023,83,95
U+5408,100249371_00011_2,1414,854,B0001,C0024,92,115
U+304B,100249371_00011_2,1443,986,B0001,C0025,37,68
U+304D,100249371_00011_2,1433,1029,B0001,C0026,42,112
U+307E,100249371_00011_2,1433,1150,B0001,C0027,43,105
U+305C,100249371_00011_2,1419,1245,B0001,C0028,82,94
U+6B64,100249371_00011_2,1413,1365,B0001,C0029,80,87
U+6C34,100249371_00011_2,1403,1470,B0001,C0030,87,108
U+306B,100249371_00011_2,1440,1578,B0001,C0031,19,78
U+4E8C,100249371_00011_2,1416,1683,B0001,C0032,78,67
U+663C,100249371_00011_2,1411,1780,B0001,C0033,68,138
U+591C,100249371_00011_2,1407,1918,B0001,C0034,85,136
U+3072,100249371_00011_2,1416,2082,B0001,C0035,74,80
U+305F,100249371_00011_2,1434,2162,B0001,C0036,36,79
U+3057,100249371_00011_2,1443,2241,B0001,C0037,16,81
U+304A,100249371_00011_2,1410,2335,B0001,C0038,84,59
U+304D,100249371_00011_2,1435,2394,B0001,C0039,39,98
U+3068,100249371_00011_2,1443,2517,B0001,C0040,31,81
U+308A,100249371_00011_2,1433,2599,B0001,C0041,41,83
U+51FA,100249371_00011_2,1243,469,B0001,C0042,92,75
U+3057,100249371_00011_2,1279,544,B0001,C0043,25,105
U+3066,100249371_00011_2,1277,649,B0001,C0044,17,104
U+6E05,100249371_00011_2,1241,770,B0001,C0045,84,120
U+6C34,100249371_00011_2,1239,908,B0001,C0046,91,82
U+306B,100249371_00011_2,1275,990,B0001,C0047,25,83
U+3066,100249371_00011_2,1258,1073,B0001,C0048,46,66
U+6D41,100249371_00011_2,1237,1173,B0001,C0049,95,103
U+3057,100249371_00011_2,1283,1276,B0001,C0050,17,93
U+3042,100249371_00011_2,1253,1396,B0001,C0051,67,82
U+3089,100249371_00011_2,1256,1478,B0001,C0052,39,85
U+3072,100249371_00011_2,1237,1563,B0001,C0053,86,78
U+306B,100249371_00011_2,1267,1646,B0001,C0054,27,62
U+3057,100249371_00011_2,1270,1708,B0001,C0055,20,81
U+3066,100249371_00011_2,1260,1789,B0001,C0056,44,58
U+5176,100249371_00011_2,1268,1862,B0001,C0057,34,113
U+3046,100249371_00011_2,1262,1975,B0001,C0058,35,113
U+3078,100249371_00011_2,1234,2088,B0001,C0059,87,50
U+524D,100249371_00011_2,1257,2145,B0001,C0060,69,114
U+6CD5,100249371_00011_2,1245,2260,B0001,C0061,75,94
U+306E,100249371_00011_2,1248,2380,B0001,C0062,61,52
U+3054,100249371_00011_2,1248,2445,B0001,C0063,85,78
U+3068,100249371_00011_2,1267,2523,B0001,C0064,30,70
U+304F,100249371_00011_2,1259,2593,B0001,C0065,32,85
U+7802,100249371_00011_2,1059,465,B0001,C0066,108,79
U+7CD6,100249371_00011_2,1059,544,B0001,C0067,96,133
U+306B,100249371_00011_2,1091,680,B0001,C0068,24,72
U+3066,100249371_00011_2,1077,752,B0001,C0069,46,76
U+716E,100249371_00011_2,1065,839,B0001,C0070,84,133
U+3064,100249371_00011_2,1071,1003,B0001,C0071,79,72
U+3081,100249371_00011_2,1074,1075,B0001,C0072,73,72
U+308B,100249371_00011_2,1089,1147,B0001,C0073,43,84
U+306A,100249371_00011_2,1067,1231,B0001,C0074,69,96
U+308A,100249371_00011_2,1087,1327,B0001,C0075,37,101
U+51E1,100249371_00011_2,905,534,B0001,C0076,73,94
U+3057,100249371_00011_2,901,662,B0001,C0077,61,105
U+3076,100249371_00011_2,872,770,B0001,C0078,114,81
U+307F,100249371_00011_2,920,851,B0001,C0079,25,74
U+3042,100249371_00011_2,902,948,B0001,C0080,72,85
U+308B,100249371_00011_2,914,1033,B0001,C0081,41,60
U+3082,100249371_00011_2,914,1119,B0001,C0082,45,106
U+306E,100249371_00011_2,898,1225,B0001,C0083,60,61
U+716E,100249371_00011_2,898,1308,B0001,C0084,75,143
U+6CD5,100249371_00011_2,890,1457,B0001,C0085,85,108
U+307F,100249371_00011_2,925,1584,B0001,C0086,25,86
U+306A,100249371_00011_2,904,1670,B0001,C0087,66,82
U+304B,100249371_00011_2,920,1763,B0001,C0088,34,60
U+304F,100249371_00011_2,910,1823,B0001,C0089,34,72
U+306E,100249371_00011_2,898,1903,B0001,C0090,54,56
U+5982,100249371_00011_2,887,1969,B0001,C0091,93,61
U+304F,100249371_00011_2,919,2030,B0001,C0092,25,76
U+3059,100249371_00011_2,896,2114,B0001,C0093,53,88
U+3079,100249371_00011_2,876,2162,B0001,C0094,106,82
U+3057,100249371_00011_2,918,2244,B0001,C0095,22,167
U+4ECF,100249371_00011_2,703,341,B0001,C0096,114,131
U+624B,100249371_00011_2,725,486,B0001,C0097,52,129
U+67D1,100249371_00011_2,691,615,B0001,C0098,116,131
U+3060,100249371_00011_2,769,866,B0001,C0099,67,92
U+3044,100249371_00011_2,749,959,B0001,C0100,59,34
U+3031,100249371_00011_2,773,1007,B0001,C0101,36,96
U+306E,100249371_00011_2,762,1121,B0001,C0102,42,49
U+82E5,100249371_00011_2,760,1190,B0001,C0103,53,108
U+304D,100249371_00011_2,769,1303,B0001,C0104,33,95
U+3082,100249371_00011_2,771,1419,B0001,C0105,30,76
U+306E,100249371_00011_2,762,1495,B0001,C0106,40,53
U+3092,100249371_00011_2,747,1568,B0001,C0107,68,55
U+8F2A,100249371_00011_2,739,1644,B0001,C0108,87,100
U+5207,100249371_00011_2,738,1744,B0001,C0109,86,66
U+306B,100249371_00011_2,774,1810,B0001,C0110,23,66
U+3057,100249371_00011_2,781,1876,B0001,C0111,11,63
U+3066,100249371_00011_2,758,1939,B0001,C0112,35,59
U+662F,100249371_00011_2,673,871,B0001,C0113,47,101
U+3092,100249371_00011_2,669,976,B0001,C0114,52,64
U+4ECF,100249371_00011_2,656,1069,B0001,C0115,72,67
U+624B,100249371_00011_2,674,1140,B0001,C0116,33,76
U+67D1,100249371_00011_2,649,1215,B0001,C0117,76,83
U+3068,100249371_00011_2,680,1305,B0001,C0118,25,66
U+53F7,100249371_00011_2,668,1381,B0001,C0119,51,95
U+3057,100249371_00011_2,677,1471,B0001,C0120,28,84
U+3066,100249371_00011_2,670,1555,B0001,C0121,39,53
U+6F2C,100249371_00011_2,657,1625,B0001,C0122,65,110
U+308B,100249371_00011_2,688,1735,B0001,C0123,23,78
U+306A,100249371_00011_2,668,1833,B0001,C0124,50,73
U+308A,100249371_00011_2,684,1909,B0001,C0125,21,77
U+3053,100249371_00011_2,708,2016,B0001,C0126,63,87
U+308C,100249371_00011_2,714,2109,B0001,C0127,46,106
U+3092,100249371_00011_2,705,2222,B0001,C0128,78,76
U+3046,100249371_00011_2,729,2322,B0001,C0129,33,133
U+3059,100249371_00011_2,716,2455,B0001,C0130,51,103
U+304F,100249371_00011_2,724,2558,B0001,C0131,30,116
U+8F2A,100249371_00011_2,519,453,B0001,C0132,103,106
U+304E,100249371_00011_2,551,559,B0001,C0133,72,109
U+308A,100249371_00011_2,558,668,B0001,C0134,41,95
U+306B,100249371_00011_2,567,759,B0001,C0135,25,75
U+3057,100249371_00011_2,567,839,B0001,C0136,24,101
U+3066,100249371_00011_2,555,940,B0001,C0137,48,65
U+3088,100249371_00011_2,562,1019,B0001,C0138,38,77
U+304F,100249371_00011_2,563,1096,B0001,C0139,24,71
U+3031,100249371_00011_2,560,1136,B0001,C0140,47,150
U+6E6F,100249371_00011_2,537,1335,B0001,C0141,87,86
U+716E,100249371_00011_2,537,1421,B0001,C0142,79,116
U+3057,100249371_00011_2,574,1557,B0001,C0143,15,105
U+716E,100249371_00011_2,535,1680,B0001,C0144,82,139
U+6CD5,100249371_00011_2,534,1821,B0001,C0145,81,99
U+677E,100249371_00011_2,529,1945,B0001,C0146,91,78
U+306E,100249371_00011_2,551,2038,B0001,C0147,56,61
U+307F,100249371_00011_2,563,2109,B0001,C0148,27,78
U+3069,100249371_00011_2,567,2187,B0001,C0149,65,74
U+308A,100249371_00011_2,561,2261,B0001,C0150,33,76
U+306E,100249371_00011_2,549,2337,B0001,C0151,54,60
U+5982,100249371_00011_2,534,2405,B0001,C0152,82,42
U+304F,100249371_00011_2,563,2447,B0001,C0153,32,50
U+3059,100249371_00011_2,558,2503,B0001,C0154,39,84
U+3079,100249371_00011_2,522,2550,B0001,C0155,95,73
U+3057,100249371_00011_2,533,2495,B0001,C0156,71,187
U+91D1,100249371_00011_2,352,349,B0001,C0157,90,137
U+67D1,100249371_00011_2,342,607,B0001,C0158,98,116
U+5C0F,100249371_00011_2,352,874,B0001,C0159,91,75
U+5200,100249371_00011_2,364,986,B0001,C0160,65,64
U+306B,100249371_00011_2,385,1075,B0001,C0161,25,79
U+3066,100249371_00011_2,370,1154,B0001,C0162,42,83
U+6240,100249371_00011_2,357,1284,B0001,C0163,90,80
U+3005,100249371_00011_2,387,1364,B0001,C0164,31,92
U+3078,100249371_00011_2,354,1483,B0001,C0165,83,42
U+5C11,100249371_00011_2,354,1540,B0001,C0166,78,97
U+3057,100249371_00011_2,393,1639,B0001,C0167,16,115
U+3064,100249371_00011_2,363,1772,B0001,C0168,74,35
U+309D,100249371_00011_2,394,1807,B0001,C0169,27,56
U+5207,100249371_00011_2,332,1902,B0001,C0170,115,97
U+76EE,100249371_00011_2,374,2003,B0001,C0171,52,92
U+3092,100249371_00011_2,364,2099,B0001,C0172,66,80
U+5165,100249371_00011_2,348,2205,B0001,C0173,94,73
U+308C,100249371_00011_2,372,2256,B0001,C0174,48,119
U+3088,100249371_00011_2,376,2391,B0001,C0175,36,82
U+304F,100249371_00011_2,374,2473,B0001,C0176,25,66
U+3031,100249371_00011_2,371,2517,B0001,C0177,54,149
U+6E6F,100249371_00011_2,177,462,B0001,C0178,95,97
U+716E,100249371_00011_2,185,563,B0001,C0179,77,120
U+3057,100249371_00011_2,215,699,B0001,C0180,18,108
U+3066,100249371_00011_2,195,807,B0001,C0181,48,72
U+5176,100249371_00011_2,195,902,B0001,C0182,44,121
U+4E0A,100249371_00011_2,183,1023,B0001,C0183,64,70
U+524D,100249371_00011_2,186,1124,B0001,C0184,80,104
U+6CD5,100249371_00011_2,172,1239,B0001,C0185,87,91
U+306E,100249371_00011_2,186,1334,B0001,C0186,58,60
U+5982,100249371_00011_2,183,1409,B0001,C0187,77,65
U+304F,100249371_00011_2,205,1474,B0001,C0188,29,81
U+7802,100249371_00011_2,175,1594,B0001,C0189,98,71
U+7CD6,100249371_00011_2,175,1675,B0001,C0190,98,112
U+306B,100249371_00011_2,212,1787,B0001,C0191,23,76
U+3066,100249371_00011_2,197,1863,B0001,C0192,40,72
U+716E,100249371_00011_2,193,1938,B0001,C0193,69,118
U+3064,100249371_00011_2,203,2083,B0001,C0194,59,55
U+3081,100249371_00011_2,193,2138,B0001,C0195,74,72
U+308B,100249371_00011_2,210,2210,B0001,C0196,41,66
U+306A,100249371_00011_2,195,2285,B0001,C0197,62,103
U+308A,100249371_00011_2,214,2388,B0001,C0198,34,96
U+8304,100249371_00012_1,1544,365,B0001,C0001,96,123
U+5B50,100249371_00012_1,1561,587,B0001,C0002,64,87
U+3044,100249371_00012_1,1615,820,B0001,C0003,53,32
U+305F,100249371_00012_1,1628,861,B0001,C0004,32,49
U+3064,100249371_00012_1,1614,910,B0001,C0005,56,54
U+3066,100249371_00012_1,1634,965,B0001,C0006,19,87
U+5C0F,100249371_00012_1,1609,1068,B0001,C0007,70,58
U+3055,100249371_00012_1,1630,1126,B0001,C0008,29,61
U+306A,100249371_00012_1,1616,1210,B0001,C0009,52,65
U+308B,100249371_00012_1,1628,1284,B0001,C0010,31,44
U+3082,100249371_00012_1,1628,1345,B0001,C0011,24,62
U+306E,100249371_00012_1,1615,1407,B0001,C0012,47,57
U+3092,100249371_00012_1,1612,1464,B0001,C0013,47,72
U+3068,100249371_00012_1,1538,827,B0001,C0014,36,68
U+308A,100249371_00012_1,1540,895,B0001,C0015,31,84
U+3082,100249371_00012_1,1535,990,B0001,C0016,29,89
U+3061,100249371_00012_1,1535,1079,B0001,C0017,38,80
U+3086,100249371_00012_1,1527,1159,B0001,C0018,52,80
U+3079,100249371_00012_1,1518,1218,B0001,C0019,73,69
U+3057,100249371_00012_1,1539,1287,B0001,C0020,29,242
U+5C0F,100249371_00012_1,1546,1574,B0001,C0021,101,93
U+5200,100249371_00012_1,1569,1667,B0001,C0022,61,73
U+306B,100249371_00012_1,1577,1750,B0001,C0023,28,74
U+3066,100249371_00012_1,1562,1825,B0001,C0024,39,60
U+6240,100249371_00012_1,1543,1919,B0001,C0025,98,117
U+3005,100249371_00012_1,1589,2036,B0001,C0026,25,63
U+3078,100249371_00012_1,1549,2131,B0001,C0027,83,41
U+5207,100249371_00012_1,1542,2187,B0001,C0028,98,89
U+76EE,100249371_00012_1,1566,2276,B0001,C0029,53,106
U+3092,100249371_00012_1,1555,2384,B0001,C0030,76,89
U+5165,100249371_00012_1,1551,2508,B0001,C0031,87,60
U+308C,100249371_00012_1,1574,2560,B0001,C0032,52,129
U+3088,100249371_00012_1,1404,472,B0001,C0033,32,71
U+304F,100249371_00012_1,1403,543,B0001,C0034,24,70
U+3031,100249371_00012_1,1399,581,B0001,C0035,53,164
U+6E6F,100249371_00012_1,1377,778,B0001,C0036,84,96
U+716E,100249371_00012_1,1378,874,B0001,C0037,76,114
U+3057,100249371_00012_1,1405,1000,B0001,C0038,23,98
U+3066,100249371_00012_1,1391,1098,B0001,C0039,40,72
U+5176,100249371_00012_1,1389,1192,B0001,C0040,42,127
U+4E0A,100249371_00012_1,1383,1319,B0001,C0041,62,67
U+524D,100249371_00012_1,1384,1414,B0001,C0042,74,116
U+6CD5,100249371_00012_1,1370,1531,B0001,C0043,89,106
U+306E,100249371_00012_1,1389,1658,B0001,C0044,49,66
U+5982,100249371_00012_1,1366,1726,B0001,C0045,91,62
U+304F,100249371_00012_1,1398,1788,B0001,C0046,25,83
U+7802,100249371_00012_1,1364,1898,B0001,C0047,103,67
U+7CD6,100249371_00012_1,1358,1986,B0001,C0048,101,107
U+306B,100249371_00012_1,1396,2093,B0001,C0049,32,85
U+3066,100249371_00012_1,1382,2180,B0001,C0050,45,63
U+716E,100249371_00012_1,1366,2251,B0001,C0051,95,120
U+8A70,100249371_00012_1,1361,2371,B0001,C0052,104,112
U+308B,100249371_00012_1,1404,2483,B0001,C0053,33,54
U+4E5F,100249371_00012_1,1383,2543,B0001,C0054,66,72
U+51E1,100249371_00012_1,1199,524,B0001,C0055,78,96
U+4E38,100249371_00012_1,1198,656,B0001,C0056,71,103
U+306A,100249371_00012_1,1201,787,B0001,C0057,72,77
U+308B,100249371_00012_1,1215,864,B0001,C0058,43,78
U+3082,100249371_00012_1,1215,942,B0001,C0059,40,112
U+306E,100249371_00012_1,1204,1054,B0001,C0060,58,74
U+6216,100249371_00012_1,1199,1141,B0001,C0061,81,89
U+306F,100249371_00012_1,1206,1252,B0001,C0062,57,36
U+5927,100249371_00012_1,1183,1299,B0001,C0063,88,92
U+306A,100249371_00012_1,1201,1404,B0001,C0064,69,84
U+308B,100249371_00012_1,1221,1488,B0001,C0065,32,67
U+7269,100249371_00012_1,1197,1555,B0001,C0066,77,89
U+90FD,100249371_00012_1,1188,1672,B0001,C0067,100,101
U+3066,100249371_00012_1,1221,1773,B0001,C0068,22,101
U+5C0F,100249371_00012_1,1188,1885,B0001,C0069,90,53
U+5200,100249371_00012_1,1206,1967,B0001,C0070,57,59
U+306B,100249371_00012_1,1218,2045,B0001,C0071,24,64
U+3066,100249371_00012_1,1209,2109,B0001,C0072,41,66
U+5207,100249371_00012_1,1176,2200,B0001,C0073,103,59
U+76EE,100249371_00012_1,1211,2259,B0001,C0074,52,84
U+3092,100249371_00012_1,1195,2360,B0001,C0075,69,63
U+5165,100249371_00012_1,1188,2444,B0001,C0076,90,59
U+716E,100249371_00012_1,1199,2501,B0001,C0077,79,116
U+4E5F,100249371_00012_1,1214,2617,B0001,C0078,75,76
U+84EE,100249371_00012_1,1009,364,B0001,C0079,85,147
U+6839,100249371_00012_1,1001,597,B0001,C0080,109,100
U+3046,100249371_00012_1,1033,813,B0001,C0081,32,99
U+3059,100249371_00012_1,1029,912,B0001,C0082,42,76
U+304F,100249371_00012_1,1036,988,B0001,C0083,22,66
U+8F2A,100249371_00012_1,999,1079,B0001,C0084,99,105
U+304E,100249371_00012_1,1031,1185,B0001,C0085,82,85
U+308A,100249371_00012_1,1027,1270,B0001,C0086,46,113
U+3042,100249371_00012_1,1021,1385,B0001,C0087,72,84
U+308B,100249371_00012_1,1032,1469,B0001,C0088,38,84
U+3072,100249371_00012_1,1019,1553,B0001,C0089,72,75
U+306F,100249371_00012_1,1022,1655,B0001,C0090,59,38
U+306F,100249371_00012_1,1033,1704,B0001,C0091,41,93
U+3059,100249371_00012_1,1022,1797,B0001,C0092,55,88
U+304B,100249371_00012_1,1030,1885,B0001,C0093,30,57
U+3072,100249371_00012_1,1019,1944,B0001,C0094,71,65
U+306B,100249371_00012_1,1041,2027,B0001,C0095,36,68
U+304D,100249371_00012_1,1024,2106,B0001,C0096,47,107
U+308B,100249371_00012_1,1031,2213,B0001,C0097,37,69
U+306A,100249371_00012_1,1020,2304,B0001,C0098,61,78
U+308A,100249371_00012_1,1030,2382,B0001,C0099,42,93
U+7AF9,100249371_00012_1,830,373,B0001,C0100,105,126
U+306E,100249371_00012_1,858,522,B0001,C0101,52,50
U+5B50,100249371_00012_1,852,621,B0001,C0102,66,78
U+8F2A,100249371_00012_1,829,822,B0001,C0103,93,110
U+304E,100249371_00012_1,858,977,B0001,C0104,71,108
U+308A,100249371_00012_1,858,1085,B0001,C0105,36,98
U+9EC4,100249371_00012_1,685,376,B0001,C0106,66,142
U+74DC,100249371_00012_1,680,605,B0001,C0107,87,91
U+81F3,100249371_00012_1,681,818,B0001,C0108,78,113
U+3066,100249371_00012_1,696,932,B0001,C0109,27,121
U+308F,100249371_00012_1,666,1078,B0001,C0110,87,79
U+304B,100249371_00012_1,702,1157,B0001,C0111,32,70
U+304D,100249371_00012_1,694,1227,B0001,C0112,34,108
U+3082,100249371_00012_1,692,1355,B0001,C0113,42,102
U+306E,100249371_00012_1,676,1457,B0001,C0114,64,69
U+3092,100249371_00012_1,672,1552,B0001,C0115,69,68
U+8F2A,100249371_00012_1,663,1652,B0001,C0116,90,99
U+304E,100249371_00012_1,689,1751,B0001,C0117,76,108
U+308A,100249371_00012_1,692,1859,B0001,C0118,43,103
U+306B,100249371_00012_1,699,1969,B0001,C0119,37,61
U+304D,100249371_00012_1,691,2034,B0001,C0120,48,107
U+308B,100249371_00012_1,696,2141,B0001,C0121,42,84
U+306A,100249371_00012_1,684,2225,B0001,C0122,49,94
U+308A,100249371_00012_1,704,2319,B0001,C0123,35,109
U+671D,100249371_00012_1,492,376,B0001,C0124,92,116
U+74DC,100249371_00012_1,499,597,B0001,C0125,97,107
U+76AE,100249371_00012_1,502,811,B0001,C0126,72,130
U+3092,100249371_00012_1,509,941,B0001,C0127,53,78
U+3080,100249371_00012_1,500,1043,B0001,C0128,79,71
U+304D,100249371_00012_1,521,1117,B0001,C0129,35,100
U+53BB,100249371_00012_1,502,1241,B0001,C0130,53,96
U+308A,100249371_00012_1,511,1337,B0001,C0131,40,92
U+89D2,100249371_00012_1,497,1442,B0001,C0132,76,128
U+306B,100249371_00012_1,491,1598,B0001,C0133,74,50
U+3075,100249371_00012_1,485,1685,B0001,C0134,85,82
U+3068,100249371_00012_1,528,1767,B0001,C0135,24,80
U+304F,100249371_00012_1,522,1847,B0001,C0136,27,78
U+304D,100249371_00012_1,510,1950,B0001,C0137,51,107
U+308B,100249371_00012_1,522,2057,B0001,C0138,34,89
U+306A,100249371_00012_1,513,2148,B0001,C0139,53,96
U+308A,100249371_00012_1,526,2244,B0001,C0140,37,102
U+51AC,100249371_00012_1,327,384,B0001,C0141,71,143
U+74DC,100249371_00012_1,320,599,B0001,C0142,100,101
U+76AE,100249371_00012_1,322,820,B0001,C0143,72,111
U+3092,100249371_00012_1,329,931,B0001,C0144,61,91
U+3080,100249371_00012_1,324,1040,B0001,C0145,85,80
U+304D,100249371_00012_1,344,1125,B0001,C0146,32,93
U+53BB,100249371_00012_1,327,1235,B0001,C0147,46,78
U+308A,100249371_00012_1,342,1313,B0001,C0148,39,90
U+307B,100249371_00012_1,319,1448,B0001,C0149,84,73
U+305D,100249371_00012_1,339,1538,B0001,C0150,42,86
U+304F,100249371_00012_1,350,1624,B0001,C0151,31,75
U+89D2,100249371_00012_1,336,1721,B0001,C0152,64,132
U+306B,100249371_00012_1,354,1861,B0001,C0153,27,60
U+304D,100249371_00012_1,340,1936,B0001,C0154,48,112
U+308B,100249371_00012_1,346,2048,B0001,C0155,48,78
U+306A,100249371_00012_1,345,2126,B0001,C0156,37,101
U+308A,100249371_00012_1,348,2227,B0001,C0157,38,119
U+897F,100249371_00012_1,142,399,B0001,C0158,81,89
U+74DC,100249371_00012_1,145,615,B0001,C0159,91,93
U+76AE,100249371_00012_1,148,806,B0001,C0160,73,120
U+3092,100249371_00012_1,154,926,B0001,C0161,62,80
U+3080,100249371_00012_1,157,1042,B0001,C0162,72,75
U+304D,100249371_00012_1,179,1117,B0001,C0163,29,92
U+3055,100249371_00012_1,151,1237,B0001,C0164,52,75
U+308A,100249371_00012_1,179,1312,B0001,C0165,27,78
U+307B,100249371_00012_1,155,1424,B0001,C0166,74,84
U+305D,100249371_00012_1,171,1510,B0001,C0167,35,100
U+304F,100249371_00012_1,175,1610,B0001,C0168,27,86
U+89D2,100249371_00012_1,164,1706,B0001,C0169,56,155
U+306B,100249371_00012_1,153,1861,B0001,C0170,71,48
U+304D,100249371_00012_1,182,1949,B0001,C0171,34,110
U+308B,100249371_00012_1,178,2060,B0001,C0172,41,92
U+306A,100249371_00012_1,173,2152,B0001,C0173,56,94
U+308A,100249371_00012_1,195,2246,B0001,C0174,35,103
U+725B,100249371_00012_2,1628,358,B0001,C0001,62,149
U+623F,100249371_00012_2,1612,584,B0001,C0002,73,143
U+76AE,100249371_00012_2,1622,810,B0001,C0003,65,117
U+3092,100249371_00012_2,1630,927,B0001,C0004,51,85
U+3080,100249371_00012_2,1620,1048,B0001,C0005,73,87
U+304D,100249371_00012_2,1639,1135,B0001,C0006,28,109
U+53BB,100249371_00012_2,1626,1264,B0001,C0007,56,91
U+308A,100249371_00012_2,1640,1358,B0001,C0008,27,85
U+3046,100249371_00012_2,1640,1467,B0001,C0009,30,97
U+3059,100249371_00012_2,1625,1564,B0001,C0010,46,79
U+304F,100249371_00012_2,1639,1643,B0001,C0011,22,63
U+306F,100249371_00012_2,1632,1736,B0001,C0012,39,88
U+3059,100249371_00012_2,1624,1824,B0001,C0013,51,100
U+306B,100249371_00012_2,1624,1924,B0001,C0014,59,60
U+304D,100249371_00012_2,1639,2014,B0001,C0015,36,97
U+308B,100249371_00012_2,1636,2111,B0001,C0016,38,83
U+306A,100249371_00012_2,1626,2194,B0001,C0017,57,96
U+308A,100249371_00012_2,1640,2290,B0001,C0018,32,100
U+4EBA,100249371_00012_2,1453,361,B0001,C0019,76,115
U+53C2,100249371_00012_2,1439,569,B0001,C0020,96,147
U+3046,100249371_00012_2,1470,798,B0001,C0021,33,103
U+3059,100249371_00012_2,1451,901,B0001,C0022,59,92
U+304F,100249371_00012_2,1471,993,B0001,C0023,28,77
U+305F,100249371_00012_2,1471,1092,B0001,C0024,37,89
U+3093,100249371_00012_2,1445,1181,B0001,C0025,97,80
U+3056,100249371_00012_2,1474,1269,B0001,C0026,74,67
U+304F,100249371_00012_2,1468,1336,B0001,C0027,32,94
U+306B,100249371_00012_2,1471,1438,B0001,C0028,34,78
U+5207,100249371_00012_2,1434,1546,B0001,C0029,97,83
U+308B,100249371_00012_2,1472,1629,B0001,C0030,37,78
U+306A,100249371_00012_2,1462,1707,B0001,C0031,58,91
U+308A,100249371_00012_2,1473,1798,B0001,C0032,38,93
U+3086,100249371_00012_2,1284,354,B0001,C0033,68,92
U+308A,100249371_00012_2,1295,446,B0001,C0034,32,96
U+6839,100249371_00012_2,1266,587,B0001,C0035,99,105
U+571F,100249371_00012_2,1275,797,B0001,C0036,77,95
U+3092,100249371_00012_2,1279,892,B0001,C0037,80,88
U+3088,100249371_00012_2,1301,1003,B0001,C0038,37,64
U+304F,100249371_00012_2,1300,1067,B0001,C0039,30,72
U+53BB,100249371_00012_2,1285,1171,B0001,C0040,50,85
U+308A,100249371_00012_2,1299,1256,B0001,C0041,36,91
U+9ED2,100249371_00012_2,1276,1369,B0001,C0042,81,116
U+304D,100249371_00012_2,1296,1485,B0001,C0043,41,129
U+306F,100249371_00012_2,1287,1637,B0001,C0044,47,92
U+3060,100249371_00012_2,1287,1729,B0001,C0045,73,97
U+3092,100249371_00012_2,1274,1826,B0001,C0046,68,90
U+3055,100249371_00012_2,1291,1943,B0001,C0047,44,77
U+308B,100249371_00012_2,1287,2019,B0001,C0048,44,72
U+3079,100249371_00012_2,1263,2086,B0001,C0049,102,66
U+3057,100249371_00012_2,1297,2152,B0001,C0050,21,189
U+305D,100249371_00012_2,1116,357,B0001,C0051,54,92
U+3089,100249371_00012_2,1116,449,B0001,C0052,37,124
U+8C46,100249371_00012_2,1105,581,B0001,C0053,65,106
U+81F3,100249371_00012_2,1101,807,B0001,C0054,90,117
U+3066,100249371_00012_2,1123,924,B0001,C0055,25,117
U+5927,100249371_00012_2,1091,1069,B0001,C0056,84,101
U+7C92,100249371_00012_2,1085,1189,B0001,C0057,91,119
U+3092,100249371_00012_2,1106,1308,B0001,C0058,63,101
U+3091,100249371_00012_2,1090,1432,B0001,C0059,84,101
U+3089,100249371_00012_2,1134,1533,B0001,C0060,23,87
U+3076,100249371_00012_2,1080,1620,B0001,C0061,104,87
U+3079,100249371_00012_2,1102,1703,B0001,C0062,92,112
U+3057,100249371_00012_2,1127,1815,B0001,C0063,21,123
U+517C,100249371_00012_2,1094,1958,B0001,C0064,76,118
U+3066,100249371_00012_2,1099,2076,B0001,C0065,56,76
U+6C34,100249371_00012_2,1091,2175,B0001,C0066,86,92
U+306B,100249371_00012_2,1115,2267,B0001,C0067,34,65
U+3072,100249371_00012_2,1081,2337,B0001,C0068,82,86
U+305F,100249371_00012_2,1098,2423,B0001,C0069,48,56
U+3057,100249371_00012_2,1114,2479,B0001,C0070,19,87
U+7F6E,100249371_00012_2,1090,2566,B0001,C0071,64,106
U+9EA6,100249371_00012_2,937,350,B0001,C0072,59,136
U+9580,100249371_00012_2,915,522,B0001,C0073,89,52
U+51AC,100249371_00012_2,924,583,B0001,C0074,76,107
U+5176,100249371_00012_2,939,809,B0001,C0075,46,139
U+307E,100249371_00012_2,944,948,B0001,C0076,34,116
U+309D,100249371_00012_2,952,1064,B0001,C0077,22,55
U+3088,100249371_00012_2,945,1156,B0001,C0078,37,67
U+304F,100249371_00012_2,942,1223,B0001,C0079,32,104
U+6D17,100249371_00012_2,918,1361,B0001,C0080,79,126
U+3075,100249371_00012_2,902,1487,B0001,C0081,90,83
U+3046,100249371_00012_2,764,365,B0001,C0082,38,108
U+3069,100249371_00012_2,766,581,B0001,C0083,62,95
U+8317,100249371_00012_2,566,346,B0001,C0084,90,131
U+8377,100249371_00012_2,568,482,B0001,C0085,89,94
U+30CE,100249371_00012_2,587,571,B0001,C0086,34,32
U+5B50,100249371_00012_2,580,606,B0001,C0087,61,74
U+53F3,100249371_00012_2,375,602,B0001,C0088,103,111
U+5341,100249371_00012_2,389,733,B0001,C0089,81,94
U+4E09,100249371_00012_2,396,842,B0001,C0090,59,83
U+7A2E,100249371_00012_2,374,925,B0001,C0091,93,119
U+4F55,100249371_00012_2,379,1071,B0001,C0092,93,98
U+308C,100249371_00012_2,399,1158,B0001,C0093,56,109
U+3082,100249371_00012_2,397,1268,B0001,C0094,42,86
U+3088,100249371_00012_2,418,1372,B0001,C0095,29,76
U+304F,100249371_00012_2,412,1448,B0001,C0096,27,66
U+3031,100249371_00012_2,411,1490,B0001,C0097,42,136
U+6E6F,100249371_00012_2,390,1647,B0001,C0098,85,98
U+716E,100249371_00012_2,386,1745,B0001,C0099,80,114
U+3057,100249371_00012_2,420,1878,B0001,C0100,14,95
U+3066,100249371_00012_2,410,1972,B0001,C0101,23,115
U+524D,100249371_00012_2,399,2106,B0001,C0102,80,117
U+6CD5,100249371_00012_2,393,2225,B0001,C0103,70,95
U+306E,100249371_00012_2,401,2320,B0001,C0104,55,79
U+3054,100249371_00012_2,389,2423,B0001,C0105,113,82
U+3068,100249371_00012_2,420,2505,B0001,C0106,28,83
U+304F,100249371_00012_2,408,2588,B0001,C0107,35,104
U+7802,100249371_00012_2,201,632,B0001,C0108,113,100
U+7CD6,100249371_00012_2,201,746,B0001,C0109,95,137
U+306B,100249371_00012_2,236,887,B0001,C0110,26,84
U+3066,100249371_00012_2,220,971,B0001,C0111,42,77
U+716E,100249371_00012_2,215,1057,B0001,C0112,66,170
U+3064,100249371_00012_2,217,1244,B0001,C0113,71,84
U+3081,100249371_00012_2,217,1328,B0001,C0114,79,68
U+308B,100249371_00012_2,239,1396,B0001,C0115,44,75
U+306A,100249371_00012_2,222,1498,B0001,C0116,65,97
U+308A,100249371_00012_2,239,1595,B0001,C0117,45,111
U+8C46,100249371_00013_1,1534,361,B0001,C0001,76,111
U+8150,100249371_00013_1,1519,496,B0001,C0002,88,136
U+539A,100249371_00013_1,1527,758,B0001,C0003,76,153
U+3055,100249371_00013_1,1550,916,B0001,C0004,35,78
U+4E09,100249371_00013_1,1534,1028,B0001,C0005,64,80
U+56DB,100249371_00013_1,1520,1144,B0001,C0006,81,58
U+5206,100249371_00013_1,1545,1202,B0001,C0007,55,107
U+304F,100249371_00013_1,1543,1327,B0001,C0008,46,74
U+3089,100249371_00013_1,1542,1401,B0001,C0009,32,101
U+3090,100249371_00013_1,1524,1502,B0001,C0010,80,88
U+306B,100249371_00013_1,1524,1589,B0001,C0011,81,62
U+5207,100249371_00013_1,1508,1685,B0001,C0012,115,74
U+308A,100249371_00013_1,1558,1759,B0001,C0013,36,75
U+58F1,100249371_00013_1,1540,1865,B0001,C0014,53,142
U+3064,100249371_00013_1,1536,2007,B0001,C0015,53,53
U+3031,100249371_00013_1,1549,2077,B0001,C0016,38,132
U+7D19,100249371_00013_1,1516,2221,B0001,C0017,100,115
U+306B,100249371_00013_1,1553,2341,B0001,C0018,30,68
U+3064,100249371_00013_1,1533,2436,B0001,C0019,71,46
U+309D,100249371_00013_1,1573,2482,B0001,C0020,10,33
U+307F,100249371_00013_1,1552,2536,B0001,C0021,26,88
U+3066,100249371_00013_1,1535,2625,B0001,C0022,53,73
U+6728,100249371_00013_1,1355,465,B0001,C0023,89,101
U+7070,100249371_00013_1,1356,568,B0001,C0024,79,116
U+306E,100249371_00013_1,1370,712,B0001,C0025,56,80
U+4E2D,100249371_00013_1,1361,792,B0001,C0026,66,126
U+3078,100249371_00013_1,1363,918,B0001,C0027,66,53
U+534A,100249371_00013_1,1370,985,B0001,C0028,51,116
U+6642,100249371_00013_1,1339,1117,B0001,C0029,101,108
U+3070,100249371_00013_1,1365,1235,B0001,C0030,67,76
U+304B,100249371_00013_1,1385,1311,B0001,C0031,23,60
U+308A,100249371_00013_1,1379,1371,B0001,C0032,32,79
U+57CB,100249371_00013_1,1342,1471,B0001,C0033,96,88
U+307F,100249371_00013_1,1363,1583,B0001,C0034,37,91
U+304A,100249371_00013_1,1350,1674,B0001,C0035,88,82
U+304D,100249371_00013_1,1372,1756,B0001,C0036,37,104
U+53D6,100249371_00013_1,1352,1884,B0001,C0037,66,115
U+51FA,100249371_00013_1,1351,2004,B0001,C0038,83,79
U+3057,100249371_00013_1,1385,2083,B0001,C0039,16,124
U+3088,100249371_00013_1,1374,2229,B0001,C0040,39,104
U+308D,100249371_00013_1,1355,2333,B0001,C0041,70,93
U+3057,100249371_00013_1,1382,2416,B0001,C0042,20,149
U+304D,100249371_00013_1,1372,2575,B0001,C0043,43,122
U+4F4D,100249371_00013_1,1168,471,B0001,C0044,99,103
U+306B,100249371_00013_1,1205,574,B0001,C0045,39,82
U+304D,100249371_00013_1,1191,658,B0001,C0046,47,114
U+308A,100249371_00013_1,1194,772,B0001,C0047,40,90
U+524D,100249371_00013_1,1163,879,B0001,C0048,100,117
U+6CD5,100249371_00013_1,1175,996,B0001,C0049,81,113
U+306E,100249371_00013_1,1195,1126,B0001,C0050,45,64
U+304F,100249371_00013_1,1200,1281,B0001,C0051,29,81
U+7802,100249371_00013_1,1165,1413,B0001,C0052,93,89
U+7CD6,100249371_00013_1,1162,1502,B0001,C0053,93,133
U+306B,100249371_00013_1,1194,1635,B0001,C0054,27,79
U+3066,100249371_00013_1,1187,1714,B0001,C0055,37,77
U+716E,100249371_00013_1,1182,1803,B0001,C0056,65,126
U+3064,100249371_00013_1,1178,1929,B0001,C0057,71,78
U+3081,100249371_00013_1,1179,2007,B0001,C0058,73,76
U+308B,100249371_00013_1,1201,2083,B0001,C0059,34,64
U+306A,100249371_00013_1,1183,2175,B0001,C0060,63,96
U+308A,100249371_00013_1,1200,2271,B0001,C0061,34,96
U+690E,100249371_00013_1,985,348,B0001,C0062,106,120
U+8338,100249371_00013_1,1012,502,B0001,C0063,64,155
U+968F,100249371_00013_1,986,767,B0001,C0064,106,102
U+610F,100249371_00013_1,1013,870,B0001,C0065,59,138
U+306B,100249371_00013_1,1027,1027,B0001,C0066,23,74
U+307B,100249371_00013_1,1005,1125,B0001,C0067,74,74
U+305D,100249371_00013_1,1019,1208,B0001,C0068,38,82
U+304F,100249371_00013_1,1022,1290,B0001,C0069,31,69
U+5207,100249371_00013_1,972,1394,B0001,C0070,108,77
U+308A,100249371_00013_1,1019,1471,B0001,C0071,35,83
U+6C34,100249371_00013_1,984,1570,B0001,C0072,91,106
U+306B,100249371_00013_1,1017,1676,B0001,C0073,33,78
U+3066,100249371_00013_1,1001,1754,B0001,C0074,45,69
U+3042,100249371_00013_1,995,1850,B0001,C0075,73,84
U+3089,100249371_00013_1,1018,1940,B0001,C0076,25,87
U+3072,100249371_00013_1,996,2027,B0001,C0077,75,81
U+3088,100249371_00013_1,1017,2130,B0001,C0078,45,78
U+304F,100249371_00013_1,1021,2208,B0001,C0079,22,76
U+3057,100249371_00013_1,990,2294,B0001,C0080,85,107
U+307B,100249371_00013_1,995,2407,B0001,C0081,71,81
U+308A,100249371_00013_1,1015,2488,B0001,C0082,33,93
U+524D,100249371_00013_1,978,2581,B0001,C0083,94,121
U+6CD5,100249371_00013_1,822,473,B0001,C0084,89,89
U+306E,100249371_00013_1,842,562,B0001,C0085,46,65
U+304F,100249371_00013_1,846,729,B0001,C0086,29,78
U+7802,100249371_00013_1,817,848,B0001,C0087,105,77
U+7CD6,100249371_00013_1,817,925,B0001,C0088,91,126
U+306B,100249371_00013_1,852,1069,B0001,C0089,28,72
U+3066,100249371_00013_1,844,1141,B0001,C0090,37,64
U+716E,100249371_00013_1,828,1221,B0001,C0091,75,113
U+3064,100249371_00013_1,827,1370,B0001,C0092,75,60
U+3081,100249371_00013_1,835,1441,B0001,C0093,66,89
U+308B,100249371_00013_1,835,1530,B0001,C0094,52,87
U+306A,100249371_00013_1,833,1617,B0001,C0095,60,89
U+308A,100249371_00013_1,849,1706,B0001,C0096,33,100
U+690E,100249371_00013_1,650,604,B0001,C0097,102,105
U+8338,100249371_00013_1,662,725,B0001,C0098,66,158
U+3068,100249371_00013_1,685,874,B0001,C0099,30,74
U+8C46,100249371_00013_1,664,973,B0001,C0100,59,116
U+8150,100249371_00013_1,653,1095,B0001,C0101,75,142
U+3068,100249371_00013_1,683,1252,B0001,C0102,27,66
U+306E,100249371_00013_1,667,1318,B0001,C0103,54,68
U+4E8C,100249371_00013_1,660,1425,B0001,C0104,61,63
U+54C1,100249371_00013_1,654,1513,B0001,C0105,77,92
U+306F,100249371_00013_1,657,1605,B0001,C0106,58,58
U+6E6F,100249371_00013_1,645,1674,B0001,C0107,99,108
U+716E,100249371_00013_1,644,1784,B0001,C0108,95,121
U+3059,100249371_00013_1,659,1933,B0001,C0109,60,78
U+308B,100249371_00013_1,668,2011,B0001,C0110,42,67
U+306B,100249371_00013_1,646,2078,B0001,C0111,82,78
U+53CA,100249371_00013_1,642,2183,B0001,C0112,91,104
U+306F,100249371_00013_1,665,2287,B0001,C0113,42,88
U+305A,100249371_00013_1,654,2375,B0001,C0114,89,97
U+53F3,100249371_00013_1,478,610,B0001,C0115,83,84
U+4E4B,100249371_00013_1,510,694,B0001,C0116,21,84
U+5916,100249371_00013_1,480,778,B0001,C0117,82,93
U+4E00,100249371_00013_1,484,911,B0001,C0118,65,14
U+5207,100249371_00013_1,463,957,B0001,C0119,99,55
U+306E,100249371_00013_1,493,1036,B0001,C0120,49,60
U+3082,100249371_00013_1,498,1099,B0001,C0121,40,88
U+306E,100249371_00013_1,486,1187,B0001,C0122,53,63
U+6E6F,100249371_00013_1,477,1283,B0001,C0123,86,97
U+716E,100249371_00013_1,481,1380,B0001,C0124,77,114
U+305B,100249371_00013_1,486,1513,B0001,C0125,61,82
U+3056,100249371_00013_1,500,1600,B0001,C0126,75,81
U+308B,100249371_00013_1,497,1681,B0001,C0127,45,72
U+3082,100249371_00013_1,495,1753,B0001,C0128,40,120
U+306E,100249371_00013_1,486,1873,B0001,C0129,53,57
U+306A,100249371_00013_1,487,1960,B0001,C0130,58,88
U+3057,100249371_00013_1,509,2048,B0001,C0131,20,108
U+3068,100249371_00013_1,502,2156,B0001,C0132,26,80
U+3057,100249371_00013_1,478,2243,B0001,C0133,75,85
U+308B,100249371_00013_1,496,2328,B0001,C0134,49,70
U+3079,100249371_00013_1,477,2398,B0001,C0135,88,51
U+3057,100249371_00013_1,505,2454,B0001,C0136,19,146
U+9F0E,100249371_00013_2,1604,389,B0001,C0001,77,141
U+5DE6,100249371_00013_2,1594,535,B0001,C0002,83,102
U+79D8,100249371_00013_2,1583,680,B0001,C0003,110,93
U+9332,100249371_00013_2,1590,803,B0001,C0004,104,108
U+9644,100249371_00013_2,1592,934,B0001,C0005,95,114
U+9332,100249371_00013_2,1586,1073,B0001,C0006,96,119
U+56FD,100249371_00013_2,1434,1645,B0001,C0007,83,117
U+83EF,100249371_00013_2,1410,1790,B0001,C0008,108,144
U+5C71,100249371_00013_2,1423,1993,B0001,C0009,97,60
U+4EBA,100249371_00013_2,1402,2122,B0001,C0010,119,105
U+8FF0,100249371_00013_2,1408,2290,B0001,C0011,111,107
U+25CB,100249371_00013_2,1262,646,B0001,C0012,64,67
U+7149,100249371_00013_2,1226,736,B0001,C0013,112,148
U+7F8A,100249371_00013_2,1252,913,B0001,C0014,78,135
U+7FB9,100249371_00013_2,1241,1070,B0001,C0015,107,183
U+306E,100249371_00013_2,1268,1280,B0001,C0016,70,76
U+65B9,100249371_00013_2,1268,1356,B0001,C0017,59,131
U+767D,100249371_00013_2,1072,535,B0001,C0018,74,89
U+5C0F,100249371_00013_2,1068,689,B0001,C0019,88,73
U+8C46,100249371_00013_2,1077,851,B0001,C0020,82,110
U+58F1,100249371_00013_2,1089,1280,B0001,C0021,53,129
U+5408,100249371_00013_2,1060,1455,B0001,C0022,98,104
U+3053,100249371_00013_2,1095,1639,B0001,C0023,42,65
U+3057,100249371_00013_2,1096,1704,B0001,C0024,28,127
U+3042,100249371_00013_2,1084,1831,B0001,C0025,58,67
U+3093,100249371_00013_2,1070,1898,B0001,C0026,86,73
U+306B,100249371_00013_2,1105,1976,B0001,C0027,24,33
U+88FD,100249371_00013_2,1068,2025,B0001,C0028,83,117
U+3057,100249371_00013_2,1099,2142,B0001,C0029,24,107
U+7F6E,100249371_00013_2,1076,2249,B0001,C0030,71,109
U+96EA,100249371_00013_2,908,541,B0001,C0031,85,117
U+767D,100249371_00013_2,910,697,B0001,C0032,69,91
U+7802,100249371_00013_2,893,856,B0001,C0033,103,98
U+7CD6,100249371_00013_2,895,968,B0001,C0034,99,141
U+516B,100249371_00013_2,900,1285,B0001,C0035,95,75
U+62FE,100249371_00013_2,885,1411,B0001,C0036,108,99
U+5301,100249371_00013_2,918,1548,B0001,C0037,45,125
U+6C37,100249371_00013_2,736,543,B0001,C0038,94,91
U+7802,100249371_00013_2,729,718,B0001,C0039,104,85
U+7CD6,100249371_00013_2,721,830,B0001,C0040,101,124
U+5F10,100249371_00013_2,733,1277,B0001,C0041,92,99
U+62FE,100249371_00013_2,718,1410,B0001,C0042,99,105
U+5301,100249371_00013_2,742,1550,B0001,C0043,49,128
U+767D,100249371_00013_2,556,543,B0001,C0044,83,92
U+304B,100249371_00013_2,591,670,B0001,C0045,35,60
U+3093,100249371_00013_2,575,730,B0001,C0046,83,72
U+3066,100249371_00013_2,579,843,B0001,C0047,58,67
U+3093,100249371_00013_2,576,910,B0001,C0048,71,101
U+56DB,100249371_00013_2,557,1298,B0001,C0049,94,57
U+5BF8,100249371_00013_2,567,1356,B0001,C0050,66,89
U+4E94,100249371_00013_2,558,1472,B0001,C0051,73,70
U+5206,100249371_00013_2,572,1543,B0001,C0052,55,126
U+662F,100249371_00013_2,608,1712,B0001,C0053,46,129
U+306F,100249371_00013_2,604,1843,B0001,C0054,60,43
U+5225,100249371_00013_2,592,1900,B0001,C0055,71,114
U+5668,100249371_00013_2,597,2014,B0001,C0056,82,105
U+306B,100249371_00013_2,617,2123,B0001,C0057,21,65
U+3066,100249371_00013_2,605,2188,B0001,C0058,36,67
U+6C34,100249371_00013_2,584,2279,B0001,C0059,81,71
U+716E,100249371_00013_2,582,2350,B0001,C0060,75,114
U+3057,100249371_00013_2,516,1718,B0001,C0061,27,125
U+3066,100249371_00013_2,506,1843,B0001,C0062,42,61
U+304A,100249371_00013_2,498,1941,B0001,C0063,69,58
U+304F,100249371_00013_2,526,2012,B0001,C0064,29,68
U+306A,100249371_00013_2,517,2094,B0001,C0065,39,76
U+308A,100249371_00013_2,518,2170,B0001,C0066,39,102
U+6C34,100249371_00013_2,378,549,B0001,C0067,101,111
U+58F1,100249371_00013_2,391,1294,B0001,C0068,50,121
U+5408,100249371_00013_2,364,1455,B0001,C0069,104,106
U+53F3,100249371_00013_2,191,457,B0001,C0070,100,106
U+4E94,100249371_00013_2,202,595,B0001,C0071,84,71
U+5473,100249371_00013_2,190,688,B0001,C0072,97,106
U+5408,100249371_00013_2,194,819,B0001,C0073,88,122
U+305B,100249371_00013_2,197,941,B0001,C0074,64,81
U+3066,100249371_00013_2,206,1022,B0001,C0075,52,72
U+6587,100249371_00013_2,196,1118,B0001,C0076,81,111
U+6B66,100249371_00013_2,199,1229,B0001,C0077,88,131
U+706B,100249371_00013_2,198,1366,B0001,C0078,76,126
U+306B,100249371_00013_2,225,1492,B0001,C0079,22,79
U+3066,100249371_00013_2,204,1582,B0001,C0080,53,64
U+3086,100249371_00013_2,202,1660,B0001,C0081,62,69
U+308B,100249371_00013_2,214,1729,B0001,C0082,39,61
U+3031,100249371_00013_2,230,1773,B0001,C0083,44,129
U+3068,100249371_00013_2,221,1903,B0001,C0084,27,79
U+306B,100249371_00013_2,222,2016,B0001,C0085,28,62
U+308B,100249371_00013_2,214,2078,B0001,C0086,43,65
U+306A,100249371_00013_2,210,2168,B0001,C0087,62,108
U+308A,100249371_00013_2,223,2276,B0001,C0088,40,97
U+5927,100249371_00014_1,1510,471,B0001,C0001,93,88
U+62B5,100249371_00014_1,1499,571,B0001,C0002,105,92
U+9577,100249371_00014_1,1527,686,B0001,C0003,60,95
U+65E5,100249371_00014_1,1538,802,B0001,C0004,55,69
U+306A,100249371_00014_1,1533,896,B0001,C0005,67,81
U+308C,100249371_00014_1,1532,977,B0001,C0006,51,127
U+3070,100249371_00014_1,1530,1104,B0001,C0007,79,66
U+4E00,100249371_00014_1,1522,1206,B0001,C0008,74,16
U+6642,100249371_00014_1,1513,1255,B0001,C0009,96,127
U+534A,100249371_00014_1,1535,1382,B0001,C0010,50,112
U+77ED,100249371_00014_1,1506,1525,B0001,C0011,104,105
U+65E5,100249371_00014_1,1541,1645,B0001,C0012,54,71
U+306A,100249371_00014_1,1535,1728,B0001,C0013,63,88
U+308C,100249371_00014_1,1530,1816,B0001,C0014,46,114
U+3070,100249371_00014_1,1530,1914,B0001,C0015,77,69
U+4E8C,100249371_00014_1,1523,2002,B0001,C0016,71,62
U+6642,100249371_00014_1,1511,2094,B0001,C0017,85,88
U+534A,100249371_00014_1,1523,2194,B0001,C0018,63,117
U+3070,100249371_00014_1,1527,2323,B0001,C0019,59,85
U+304B,100249371_00014_1,1542,2408,B0001,C0020,27,56
U+308A,100249371_00014_1,1536,2464,B0001,C0021,37,69
U+716E,100249371_00014_1,1516,2519,B0001,C0022,89,141
U+4E5F,100249371_00014_1,1533,2666,B0001,C0023,80,55
U+934B,100249371_00014_1,1338,478,B0001,C0024,94,100
U+306E,100249371_00014_1,1354,595,B0001,C0025,52,66
U+5185,100249371_00014_1,1350,676,B0001,C0026,69,92
U+306B,100249371_00014_1,1371,778,B0001,C0027,23,71
U+3066,100249371_00014_1,1357,849,B0001,C0028,45,81
U+7AF9,100249371_00014_1,1334,964,B0001,C0029,106,111
U+306E,100249371_00014_1,1357,1073,B0001,C0030,50,50
U+7BB8,100249371_00014_1,1339,1123,B0001,C0031,85,148
U+306B,100249371_00014_1,1371,1273,B0001,C0032,31,76
U+3066,100249371_00014_1,1358,1349,B0001,C0033,44,66
U+6587,100249371_00014_1,1342,1430,B0001,C0034,73,90
U+5B57,100249371_00014_1,1346,1520,B0001,C0035,67,126
U+3092,100249371_00014_1,1344,1661,B0001,C0036,73,83
U+66F8,100249371_00014_1,1343,1744,B0001,C0037,67,71
U+304D,100249371_00014_1,1361,1836,B0001,C0038,39,88
U+8A66,100249371_00014_1,1328,1944,B0001,C0039,115,105
U+308B,100249371_00014_1,1360,2050,B0001,C0040,41,68
U+306B,100249371_00014_1,1338,2120,B0001,C0041,73,72
U+5176,100249371_00014_1,1360,2215,B0001,C0042,39,112
U+6587,100249371_00014_1,1336,2346,B0001,C0043,80,98
U+5B57,100249371_00014_1,1344,2450,B0001,C0044,55,117
U+304D,100249371_00014_1,1354,2577,B0001,C0045,55,100
U+3078,100249371_00014_1,1343,2678,B0001,C0046,74,44
U+3056,100249371_00014_1,1194,473,B0001,C0047,69,79
U+308B,100249371_00014_1,1185,552,B0001,C0048,42,72
U+3084,100249371_00014_1,1170,624,B0001,C0049,73,79
U+3046,100249371_00014_1,1192,710,B0001,C0050,31,101
U+306B,100249371_00014_1,1168,811,B0001,C0051,74,70
U+306A,100249371_00014_1,1170,909,B0001,C0052,70,80
U+308A,100249371_00014_1,1192,991,B0001,C0053,34,83
U+305F,100249371_00014_1,1178,1077,B0001,C0054,40,83
U+308B,100249371_00014_1,1180,1160,B0001,C0055,44,75
U+3068,100249371_00014_1,1195,1250,B0001,C0056,28,75
U+304D,100249371_00014_1,1179,1315,B0001,C0057,44,131
U+3092,100249371_00014_1,1165,1462,B0001,C0058,77,78
U+5EA6,100249371_00014_1,1161,1540,B0001,C0059,90,136
U+3068,100249371_00014_1,1194,1678,B0001,C0060,26,70
U+3057,100249371_00014_1,1192,1748,B0001,C0061,22,86
U+3066,100249371_00014_1,1174,1834,B0001,C0062,44,64
U+706B,100249371_00014_1,1163,1915,B0001,C0063,76,117
U+3092,100249371_00014_1,1169,2039,B0001,C0064,68,81
U+5FB9,100249371_00014_1,1149,2140,B0001,C0065,100,98
U+3057,100249371_00014_1,1197,2248,B0001,C0066,16,112
U+3046,100249371_00014_1,1184,2372,B0001,C0067,28,84
U+308B,100249371_00014_1,1191,2456,B0001,C0068,23,78
U+3057,100249371_00014_1,1190,2534,B0001,C0069,22,171
U+5857,100249371_00014_1,988,469,B0001,C0070,82,146
U+306E,100249371_00014_1,996,637,B0001,C0071,54,70
U+7BB1,100249371_00014_1,984,714,B0001,C0072,85,159
U+306B,100249371_00014_1,987,873,B0001,C0073,82,69
U+306A,100249371_00014_1,998,974,B0001,C0074,69,86
U+304C,100249371_00014_1,1019,1060,B0001,C0075,62,72
U+3057,100249371_00014_1,1018,1132,B0001,C0076,19,101
U+8FBC,100249371_00014_1,979,1245,B0001,C0077,81,94
U+306A,100249371_00014_1,1000,1340,B0001,C0078,44,80
U+308A,100249371_00014_1,1006,1421,B0001,C0079,37,85
U+5176,100249371_00014_1,1002,1527,B0001,C0080,41,114
U+307E,100249371_00014_1,1006,1641,B0001,C0081,37,119
U+309D,100249371_00014_1,1014,1768,B0001,C0082,16,49
U+51B7,100249371_00014_1,975,1832,B0001,C0083,96,91
U+3057,100249371_00014_1,1022,1923,B0001,C0084,17,116
U+7F6E,100249371_00014_1,991,2033,B0001,C0085,66,120
U+304D,100249371_00014_1,1004,2167,B0001,C0086,36,91
U+4E00,100249371_00014_1,989,2293,B0001,C0087,65,28
U+591C,100249371_00014_1,979,2322,B0001,C0088,93,149
U+3092,100249371_00014_1,998,2471,B0001,C0089,64,72
U+7D4C,100249371_00014_1,983,2580,B0001,C0090,87,131
U+3066,100249371_00014_1,836,468,B0001,C0091,36,119
U+5341,100249371_00014_1,830,607,B0001,C0092,54,79
U+5206,100249371_00014_1,843,696,B0001,C0093,63,118
U+306B,100249371_00014_1,827,818,B0001,C0094,67,64
U+3057,100249371_00014_1,816,905,B0001,C0095,82,94
U+307E,100249371_00014_1,839,999,B0001,C0096,35,107
U+308B,100249371_00014_1,835,1106,B0001,C0097,39,59
U+4E5F,100249371_00014_1,826,1181,B0001,C0098,50,59
U+662F,100249371_00014_1,825,1265,B0001,C0099,52,124
U+3092,100249371_00014_1,813,1389,B0001,C0100,82,80
U+6975,100249371_00014_1,799,1489,B0001,C0101,105,90
U+4E0A,100249371_00014_1,824,1588,B0001,C0102,65,81
U+3005,100249371_00014_1,841,1698,B0001,C0103,26,66
U+306E,100249371_00014_1,827,1785,B0001,C0104,57,69
U+7149,100249371_00014_1,794,1867,B0001,C0105,109,92
U+7F8A,100249371_00014_1,826,1976,B0001,C0106,53,125
U+7FB9,100249371_00014_1,806,2117,B0001,C0107,84,152
U+3068,100249371_00014_1,830,2267,B0001,C0108,41,86
U+79F0,100249371_00014_1,795,2353,B0001,C0109,113,115
U+3059,100249371_00014_1,819,2468,B0001,C0110,55,90
U+308B,100249371_00014_1,825,2562,B0001,C0111,46,76
U+4E5F,100249371_00014_1,815,2638,B0001,C0112,94,77
U+53C8,100249371_00014_1,631,472,B0001,C0113,102,89
U+4E0B,100249371_00014_1,655,582,B0001,C0114,58,93
U+54C1,100249371_00014_1,640,675,B0001,C0115,91,68
U+306E,100249371_00014_1,656,764,B0001,C0116,55,58
U+7F8A,100249371_00014_1,650,844,B0001,C0117,59,112
U+7FB9,100249371_00014_1,639,966,B0001,C0118,80,155
U+306F,100249371_00014_1,653,1146,B0001,C0119,61,41
U+6C37,100249371_00014_1,640,1206,B0001,C0120,87,88
U+7802,100249371_00014_1,635,1339,B0001,C0121,101,95
U+7CD6,100249371_00014_1,634,1435,B0001,C0122,96,142
U+3092,100249371_00014_1,646,1596,B0001,C0123,72,79
U+7528,100249371_00014_1,652,1677,B0001,C0124,60,120
U+3072,100249371_00014_1,643,1797,B0001,C0125,70,78
U+305A,100249371_00014_1,659,1875,B0001,C0126,82,122
U+53C8,100249371_00014_1,645,2000,B0001,C0127,69,90
U+3055,100249371_00014_1,667,2104,B0001,C0128,35,61
U+3068,100249371_00014_1,672,2181,B0001,C0129,35,79
U+3046,100249371_00014_1,652,2260,B0001,C0130,45,96
U+3092,100249371_00014_1,644,2357,B0001,C0131,72,63
U+3082,100249371_00014_1,667,2423,B0001,C0132,35,68
U+6E1B,100249371_00014_1,626,2491,B0001,C0133,122,97
U+3078,100249371_00014_1,627,2599,B0001,C0134,106,44
U+3057,100249371_00014_1,686,2613,B0001,C0135,16,109
U+25CB,100249371_00014_1,480,652,B0001,C0136,52,56
U+6727,100249371_00014_1,448,760,B0001,C0137,104,107
U+7F8A,100249371_00014_1,464,932,B0001,C0138,67,122
U+7FB9,100249371_00014_1,442,1074,B0001,C0139,93,157
U+306E,100249371_00014_1,469,1279,B0001,C0140,57,59
U+65B9,100249371_00014_1,469,1338,B0001,C0141,56,136
U+767D,100249371_00014_1,288,472,B0001,C0142,76,100
U+5927,100249371_00014_1,286,589,B0001,C0143,79,83
U+89D2,100249371_00014_1,291,672,B0001,C0144,69,115
U+8C46,100249371_00014_1,291,789,B0001,C0145,80,114
U+3092,100249371_00014_1,291,926,B0001,C0146,76,80
U+3088,100249371_00014_1,314,1017,B0001,C0147,30,71
U+304F,100249371_00014_1,313,1088,B0001,C0148,26,70
U+716E,100249371_00014_1,274,1166,B0001,C0149,90,120
U+3066,100249371_00014_1,299,1304,B0001,C0150,49,66
U+5473,100249371_00014_1,272,1370,B0001,C0151,106,98
U+564C,100249371_00014_1,272,1472,B0001,C0152,101,95
U+3053,100249371_00014_1,308,1570,B0001,C0153,47,57
U+3057,100249371_00014_1,324,1640,B0001,C0154,11,96
U+3092,100249371_00014_1,288,1738,B0001,C0155,74,74
U+6C34,100249371_00014_1,307,1826,B0001,C0156,62,115
U+306B,100249371_00014_1,295,1943,B0001,C0157,78,49
U+3064,100249371_00014_1,290,2010,B0001,C0158,87,69
U+3051,100249371_00014_1,302,2080,B0001,C0159,68,70
U+89D2,100249371_00014_1,300,2169,B0001,C0160,74,125
U+8C46,100249371_00014_1,313,2294,B0001,C0161,64,105
U+3092,100249371_00014_1,308,2415,B0001,C0162,71,55
U+3059,100249371_00014_1,307,2474,B0001,C0163,62,85
U+308C,100249371_00014_1,285,2560,B0001,C0164,97,75
U+3070,100249371_00014_1,307,2620,B0001,C0165,105,76
U+8089,100249371_00014_1,136,475,B0001,C0166,70,110
U+306F,100249371_00014_1,137,607,B0001,C0167,55,44
U+4E0B,100249371_00014_1,143,681,B0001,C0168,56,80
U+3078,100249371_00014_1,132,763,B0001,C0169,79,49
U+843D,100249371_00014_1,136,822,B0001,C0170,73,120
U+3061,100249371_00014_1,148,950,B0001,C0171,44,80
U+76AE,100249371_00014_1,135,1033,B0001,C0172,72,109
U+306F,100249371_00014_1,143,1143,B0001,C0173,56,49
U+4E0A,100249371_00014_1,137,1195,B0001,C0174,63,99
U+306B,100249371_00014_1,128,1294,B0001,C0175,79,71
U+3068,100249371_00014_1,149,1381,B0001,C0176,50,63
U+307E,100249371_00014_1,153,1444,B0001,C0177,32,102
U+308B,100249371_00014_1,150,1546,B0001,C0178,40,74
U+306A,100249371_00014_1,147,1623,B0001,C0179,55,90
U+308A,100249371_00014_1,152,1713,B0001,C0180,39,81
U+53F3,100249371_00014_1,137,1799,B0001,C0181,82,86
U+306E,100249371_00014_1,152,1899,B0001,C0182,51,66
U+8089,100249371_00014_1,143,1961,B0001,C0183,81,103
U+3092,100249371_00014_1,139,2069,B0001,C0184,77,88
U+3044,100249371_00014_1,144,2167,B0001,C0185,72,35
U+3055,100249371_00014_1,160,2222,B0001,C0186,37,79
U+305B,100249371_00014_1,146,2307,B0001,C0187,64,74
U+305D,100249371_00014_1,154,2400,B0001,C0188,48,114
U+306E,100249371_00014_1,152,2514,B0001,C0189,50,52
U+4E0A,100249371_00014_1,144,2599,B0001,C0190,73,105
U+6F84,100249371_00014_2,1580,451,B0001,C0001,93,104
U+3092,100249371_00014_2,1593,555,B0001,C0002,69,95
U+3055,100249371_00014_2,1614,667,B0001,C0003,40,68
U+308A,100249371_00014_2,1617,735,B0001,C0004,36,86
U+5E03,100249371_00014_2,1586,830,B0001,C0005,76,121
U+888B,100249371_00014_2,1584,951,B0001,C0006,93,122
U+306B,100249371_00014_2,1590,1073,B0001,C0007,69,81
U+5165,100249371_00014_2,1576,1170,B0001,C0008,89,74
U+308C,100249371_00014_2,1601,1228,B0001,C0009,50,108
U+6C34,100249371_00014_2,1600,1353,B0001,C0010,63,124
U+6C17,100249371_00014_2,1600,1477,B0001,C0011,69,135
U+3092,100249371_00014_2,1595,1613,B0001,C0012,74,74
U+7D5E,100249371_00014_2,1589,1716,B0001,C0013,97,111
U+308A,100249371_00014_2,1617,1827,B0001,C0014,42,111
U+3055,100249371_00014_2,1619,1959,B0001,C0015,38,61
U+308A,100249371_00014_2,1617,2020,B0001,C0016,39,94
U+307B,100249371_00014_2,1603,2138,B0001,C0017,71,105
U+308D,100249371_00014_2,1604,2243,B0001,C0018,59,80
U+3031,100249371_00014_2,1614,2329,B0001,C0019,54,140
U+3068,100249371_00014_2,1622,2477,B0001,C0020,27,90
U+306A,100249371_00014_2,1603,2578,B0001,C0021,60,80
U+308B,100249371_00014_2,1610,2658,B0001,C0022,41,61
U+662F,100249371_00014_2,1480,456,B0001,C0023,42,109
U+3092,100249371_00014_2,1475,565,B0001,C0024,49,71
U+3053,100249371_00014_2,1488,659,B0001,C0025,38,51
U+3057,100249371_00014_2,1493,719,B0001,C0026,16,95
U+7C89,100249371_00014_2,1459,818,B0001,C0027,87,80
U+3068,100249371_00014_2,1494,903,B0001,C0028,26,66
U+3044,100249371_00014_2,1482,969,B0001,C0029,37,37
U+3075,100249371_00014_2,1464,1006,B0001,C0030,65,59
U+3055,100249371_00014_2,1486,1066,B0001,C0031,30,50
U+3068,100249371_00014_2,1481,1122,B0001,C0032,33,43
U+3046,100249371_00014_2,1486,1171,B0001,C0033,24,54
U+3092,100249371_00014_2,1472,1228,B0001,C0034,54,50
U+304F,100249371_00014_2,1404,460,B0001,C0035,31,60
U+306F,100249371_00014_2,1401,523,B0001,C0036,25,82
U+3078,100249371_00014_2,1382,608,B0001,C0037,62,33
U+3066,100249371_00014_2,1407,651,B0001,C0038,17,77
U+3042,100249371_00014_2,1395,754,B0001,C0039,49,61
U+3093,100249371_00014_2,1397,819,B0001,C0040,44,68
U+3068,100249371_00014_2,1411,909,B0001,C0041,22,59
U+3044,100249371_00014_2,1393,970,B0001,C0042,42,46
U+3075,100249371_00014_2,1375,1016,B0001,C0043,65,56
U+6B64,100249371_00014_2,1417,1309,B0001,C0044,86,94
U+4E0A,100249371_00014_2,1431,1403,B0001,C0045,58,92
U+3078,100249371_00014_2,1417,1496,B0001,C0046,96,65
U+5F15,100249371_00014_2,1412,1577,B0001,C0047,95,114
U+98EF,100249371_00014_2,1408,1694,B0001,C0048,100,120
U+3092,100249371_00014_2,1423,1830,B0001,C0049,80,72
U+4E09,100249371_00014_2,1437,1925,B0001,C0050,56,61
U+5206,100249371_00014_2,1425,1990,B0001,C0051,77,103
U+3070,100249371_00014_2,1436,2095,B0001,C0052,92,57
U+304B,100249371_00014_2,1457,2152,B0001,C0053,23,49
U+308A,100249371_00014_2,1446,2203,B0001,C0054,35,64
U+4EA4,100249371_00014_2,1423,2278,B0001,C0055,86,120
U+305B,100249371_00014_2,1438,2398,B0001,C0056,52,76
U+5408,100249371_00014_2,1430,2491,B0001,C0057,74,124
U+305B,100249371_00014_2,1442,2620,B0001,C0058,48,94
U+7802,100249371_00014_2,1232,458,B0001,C0059,103,75
U+7CD6,100249371_00014_2,1231,533,B0001,C0060,87,121
U+591A,100249371_00014_2,1235,644,B0001,C0061,66,130
U+304F,100249371_00014_2,1262,768,B0001,C0062,27,69
U+304F,100249371_00014_2,1249,849,B0001,C0063,48,74
U+306F,100249371_00014_2,1247,923,B0001,C0064,61,63
U+3078,100249371_00014_2,1226,986,B0001,C0065,98,53
U+3068,100249371_00014_2,1253,1044,B0001,C0066,54,78
U+308D,100249371_00014_2,1238,1122,B0001,C0067,77,85
U+308A,100249371_00014_2,1266,1208,B0001,C0068,34,70
U+3068,100249371_00014_2,1271,1282,B0001,C0069,34,84
U+307E,100249371_00014_2,1259,1370,B0001,C0070,50,114
U+305C,100249371_00014_2,1251,1486,B0001,C0071,85,92
U+3066,100249371_00014_2,1266,1585,B0001,C0072,28,117
U+84B8,100249371_00014_2,1254,1727,B0001,C0073,76,143
U+7BED,100249371_00014_2,1255,1885,B0001,C0074,96,143
U+306B,100249371_00014_2,1279,2028,B0001,C0075,29,70
U+5E03,100249371_00014_2,1247,2119,B0001,C0076,91,125
U+3092,100249371_00014_2,1256,2244,B0001,C0077,70,73
U+3057,100249371_00014_2,1283,2323,B0001,C0078,22,87
U+304D,100249371_00014_2,1272,2410,B0001,C0079,38,97
U+3088,100249371_00014_2,1281,2525,B0001,C0080,33,70
U+304F,100249371_00014_2,1281,2595,B0001,C0081,32,96
U+84B8,100249371_00014_2,1070,447,B0001,C0082,69,128
U+3057,100249371_00014_2,1101,586,B0001,C0083,12,96
U+51B7,100249371_00014_2,1053,687,B0001,C0084,92,101
U+3057,100249371_00014_2,1100,788,B0001,C0085,14,89
U+3044,100249371_00014_2,1072,889,B0001,C0086,67,55
U+304B,100249371_00014_2,1099,945,B0001,C0087,25,57
U+3084,100249371_00014_2,1073,1002,B0001,C0088,75,60
U+3046,100249371_00014_2,1087,1062,B0001,C0089,33,88
U+306B,100249371_00014_2,1046,1150,B0001,C0090,103,76
U+3082,100249371_00014_2,1073,1226,B0001,C0091,56,77
U+5207,100249371_00014_2,1047,1327,B0001,C0092,114,77
U+308A,100249371_00014_2,1094,1404,B0001,C0093,37,86
U+7528,100249371_00014_2,1086,1511,B0001,C0094,57,105
U+3086,100249371_00014_2,1075,1616,B0001,C0095,65,73
U+308B,100249371_00014_2,1092,1689,B0001,C0096,34,65
U+306A,100249371_00014_2,1076,1766,B0001,C0097,69,100
U+308A,100249371_00014_2,1095,1866,B0001,C0098,41,89
U+25CB,100249371_00014_2,912,536,B0001,C0099,48,54
U+9921,100249371_00014_2,894,663,B0001,C0100,85,133
U+306E,100249371_00014_2,910,852,B0001,C0101,55,78
U+65B9,100249371_00014_2,911,936,B0001,C0102,53,129
U+8D64,100249371_00014_2,713,539,B0001,C0103,88,113
U+5C0F,100249371_00014_2,713,710,B0001,C0104,82,55
U+8C46,100249371_00014_2,722,835,B0001,C0105,78,111
U+4E00,100249371_00014_2,725,1388,B0001,C0106,81,20
U+5408,100249371_00014_2,714,1494,B0001,C0107,94,119
U+3053,100249371_00014_2,747,1673,B0001,C0108,29,59
U+3057,100249371_00014_2,748,1732,B0001,C0109,25,81
U+3042,100249371_00014_2,731,1816,B0001,C0110,57,75
U+3093,100249371_00014_2,719,1891,B0001,C0111,76,57
U+306B,100249371_00014_2,747,1948,B0001,C0112,23,64
U+3057,100249371_00014_2,742,2012,B0001,C0113,26,70
U+3066,100249371_00014_2,730,2082,B0001,C0114,46,52
U+7F6E,100249371_00014_2,726,2141,B0001,C0115,71,100
U+767D,100249371_00014_2,544,548,B0001,C0116,80,93
U+7802,100249371_00014_2,542,706,B0001,C0117,97,93
U+7CD6,100249371_00014_2,542,822,B0001,C0118,104,129
U+516B,100249371_00014_2,543,1387,B0001,C0119,100,62
U+62FE,100249371_00014_2,535,1486,B0001,C0120,98,114
U+5301,100249371_00014_2,567,1642,B0001,C0121,50,118
U+6C34,100249371_00014_2,360,548,B0001,C0122,96,107
U+4E00,100249371_00014_2,371,1393,B0001,C0123,80,19
U+5408,100249371_00014_2,367,1486,B0001,C0124,76,126
U+91D1,100249371_00014_2,187,537,B0001,C0125,98,130
U+7CF8,100249371_00014_2,176,698,B0001,C0126,96,123
U+98F4,100249371_00014_2,165,850,B0001,C0127,115,105
U+5C11,100249371_00014_2,192,1373,B0001,C0128,70,133
U+662F,100249371_00014_2,250,1589,B0001,C0129,49,103
U+306F,100249371_00014_2,247,1711,B0001,C0130,59,33
U+5E7E,100249371_00014_2,244,1741,B0001,C0131,67,102
U+65E5,100249371_00014_2,256,1847,B0001,C0132,45,62
U+3078,100249371_00014_2,241,1909,B0001,C0133,73,108
U+3066,100249371_00014_2,258,2017,B0001,C0134,39,55
U+3082,100249371_00014_2,248,2072,B0001,C0135,47,75
U+3042,100249371_00014_2,247,2163,B0001,C0136,60,65
U+3093,100249371_00014_2,239,2228,B0001,C0137,72,51
U+306E,100249371_00014_2,250,2276,B0001,C0138,49,52
U+304B,100249371_00014_2,263,2338,B0001,C0139,25,48
U+306F,100249371_00014_2,253,2387,B0001,C0140,45,33
U+3089,100249371_00014_2,263,2420,B0001,C0141,31,67
U+3056,100249371_00014_2,260,2476,B0001,C0142,54,69
U+308B,100249371_00014_2,254,2545,B0001,C0143,35,52
U+7269,100249371_00014_2,247,2606,B0001,C0144,55,68
U+4E5F,100249371_00014_2,244,2674,B0001,C0145,62,53
U+6B64,100249371_00014_2,163,1589,B0001,C0146,59,75
U+4ED5,100249371_00014_2,158,1670,B0001,C0147,64,89
U+3084,100249371_00014_2,160,1759,B0001,C0148,60,49
U+3046,100249371_00014_2,173,1822,B0001,C0149,29,96
U+5965,100249371_00014_2,159,1930,B0001,C0150,63,142
U+306B,100249371_00014_2,176,2076,B0001,C0151,30,58
U+3042,100249371_00014_2,165,2150,B0001,C0152,57,63
U+308A,100249371_00014_2,185,2216,B0001,C0153,28,80
U+53F3,100249371_00015_1,1522,461,B0001,C0001,89,82
U+56DB,100249371_00015_1,1524,581,B0001,C0002,90,50
U+54C1,100249371_00015_1,1524,663,B0001,C0003,88,75
U+5FAE,100249371_00015_1,1511,783,B0001,C0004,109,87
U+706B,100249371_00015_1,1523,893,B0001,C0005,78,89
U+306B,100249371_00015_1,1553,991,B0001,C0006,23,64
U+3066,100249371_00015_1,1539,1055,B0001,C0007,50,67
U+8AA0,100249371_00015_1,1513,1152,B0001,C0008,117,113
U+306B,100249371_00015_1,1550,1267,B0001,C0009,37,71
U+3086,100249371_00015_1,1531,1364,B0001,C0010,68,58
U+308B,100249371_00015_1,1539,1423,B0001,C0011,39,65
U+3031,100249371_00015_1,1554,1473,B0001,C0012,52,133
U+3068,100249371_00015_1,1546,1623,B0001,C0013,27,94
U+305F,100249371_00015_1,1542,1717,B0001,C0014,36,80
U+304D,100249371_00015_1,1534,1797,B0001,C0015,49,121
U+7B86,100249371_00015_1,1529,1944,B0001,C0016,77,130
U+306B,100249371_00015_1,1547,2083,B0001,C0017,29,72
U+3066,100249371_00015_1,1529,2155,B0001,C0018,55,79
U+3059,100249371_00015_1,1528,2254,B0001,C0019,57,87
U+304F,100249371_00015_1,1536,2341,B0001,C0020,38,64
U+3072,100249371_00015_1,1515,2406,B0001,C0021,79,82
U+4E0A,100249371_00015_1,1530,2492,B0001,C0022,52,72
U+308B,100249371_00015_1,1535,2564,B0001,C0023,41,71
U+306B,100249371_00015_1,1511,2639,B0001,C0024,77,73
U+3070,100249371_00015_1,1380,465,B0001,C0025,70,77
U+305F,100249371_00015_1,1383,552,B0001,C0026,35,76
U+3031,100249371_00015_1,1390,615,B0001,C0027,47,120
U+3068,100249371_00015_1,1383,754,B0001,C0028,37,77
U+3057,100249371_00015_1,1384,831,B0001,C0029,31,80
U+3066,100249371_00015_1,1372,913,B0001,C0030,56,72
U+843D,100249371_00015_1,1357,1003,B0001,C0031,88,140
U+308B,100249371_00015_1,1371,1143,B0001,C0032,46,61
U+304F,100249371_00015_1,1366,1223,B0001,C0033,44,66
U+3089,100249371_00015_1,1358,1289,B0001,C0034,36,89
U+3090,100249371_00015_1,1347,1378,B0001,C0035,69,63
U+306B,100249371_00015_1,1371,1466,B0001,C0036,23,40
U+306A,100249371_00015_1,1345,1526,B0001,C0037,71,95
U+308B,100249371_00015_1,1366,1621,B0001,C0038,42,61
U+307E,100249371_00015_1,1359,1682,B0001,C0039,38,98
U+3067,100249371_00015_1,1353,1780,B0001,C0040,96,84
U+716E,100249371_00015_1,1342,1874,B0001,C0041,75,148
U+3064,100249371_00015_1,1350,2041,B0001,C0042,65,54
U+3081,100249371_00015_1,1348,2099,B0001,C0043,70,71
U+308B,100249371_00015_1,1369,2170,B0001,C0044,43,69
U+306A,100249371_00015_1,1356,2255,B0001,C0045,65,89
U+308A,100249371_00015_1,1375,2344,B0001,C0046,41,104
U+25CB,100249371_00015_1,1186,544,B0001,C0047,57,56
U+53C8,100249371_00015_1,1168,664,B0001,C0048,82,90
U+65B9,100249371_00015_1,1185,800,B0001,C0049,55,122
U+8D64,100249371_00015_1,983,441,B0001,C0050,102,97
U+5C0F,100249371_00015_1,994,559,B0001,C0051,79,56
U+8C46,100249371_00015_1,1002,631,B0001,C0052,68,104
U+3092,100249371_00015_1,1001,768,B0001,C0053,76,62
U+3088,100249371_00015_1,1020,848,B0001,C0054,38,70
U+304F,100249371_00015_1,1022,918,B0001,C0055,26,72
U+716E,100249371_00015_1,997,1003,B0001,C0056,86,136
U+3066,100249371_00015_1,1030,1141,B0001,C0057,23,110
U+64C2,100249371_00015_1,986,1271,B0001,C0058,95,109
U+76C6,100249371_00015_1,1005,1387,B0001,C0059,68,138
U+306B,100249371_00015_1,1021,1525,B0001,C0060,28,82
U+3066,100249371_00015_1,1004,1607,B0001,C0061,54,75
U+3088,100249371_00015_1,1021,1692,B0001,C0062,39,72
U+304F,100249371_00015_1,1020,1764,B0001,C0063,25,85
U+3059,100249371_00015_1,997,1855,B0001,C0064,67,75
U+308A,100249371_00015_1,1016,1930,B0001,C0065,34,80
U+968F,100249371_00015_1,991,2025,B0001,C0066,84,107
U+5206,100249371_00015_1,1010,2143,B0001,C0067,56,107
U+7D30,100249371_00015_1,988,2278,B0001,C0068,90,102
U+304B,100249371_00015_1,1019,2377,B0001,C0069,28,53
U+306A,100249371_00015_1,1004,2455,B0001,C0070,58,85
U+308B,100249371_00015_1,1016,2540,B0001,C0071,37,69
U+8FC4,100249371_00015_1,1003,2605,B0001,C0072,49,99
U+3059,100249371_00015_1,829,449,B0001,C0073,66,79
U+308A,100249371_00015_1,841,528,B0001,C0074,33,64
U+3066,100249371_00015_1,841,593,B0001,C0075,21,84
U+7BE9,100249371_00015_1,823,706,B0001,C0076,84,144
U+306B,100249371_00015_1,848,850,B0001,C0077,22,72
U+3066,100249371_00015_1,835,923,B0001,C0078,42,61
U+6F09,100249371_00015_1,813,1019,B0001,C0079,106,102
U+3057,100249371_00015_1,850,1123,B0001,C0080,20,134
U+6DEA,100249371_00015_1,810,1285,B0001,C0081,103,121
U+3055,100249371_00015_1,839,1406,B0001,C0082,34,77
U+305B,100249371_00015_1,825,1483,B0001,C0083,59,87
U+304A,100249371_00015_1,810,1588,B0001,C0084,85,64
U+304D,100249371_00015_1,839,1652,B0001,C0085,38,106
U+751F,100249371_00015_1,825,1786,B0001,C0086,54,105
U+6728,100249371_00015_1,809,1891,B0001,C0087,96,107
U+7DBF,100249371_00015_1,805,1998,B0001,C0088,100,105
U+304B,100249371_00015_1,840,2114,B0001,C0089,33,51
U+5E03,100249371_00015_1,808,2174,B0001,C0090,84,127
U+304B,100249371_00015_1,837,2307,B0001,C0091,36,66
U+306B,100249371_00015_1,811,2373,B0001,C0092,79,54
U+5C11,100249371_00015_1,818,2450,B0001,C0093,76,92
U+3057,100249371_00015_1,835,2537,B0001,C0094,25,89
U+3065,100249371_00015_1,813,2598,B0001,C0095,97,85
U+309D,100249371_00015_1,848,2685,B0001,C0096,20,39
U+5165,100249371_00015_1,642,461,B0001,C0097,99,61
U+308C,100249371_00015_1,670,515,B0001,C0098,45,119
U+304B,100249371_00015_1,679,654,B0001,C0099,28,58
U+305F,100249371_00015_1,670,715,B0001,C0100,38,69
U+304F,100249371_00015_1,680,784,B0001,C0101,23,84
U+7D5E,100249371_00015_1,644,898,B0001,C0102,94,149
U+308B,100249371_00015_1,683,1047,B0001,C0103,29,77
U+306A,100249371_00015_1,663,1151,B0001,C0104,55,90
U+308A,100249371_00015_1,676,1241,B0001,C0105,35,97
U+6B64,100249371_00015_1,470,619,B0001,C0106,83,75
U+3057,100249371_00015_1,472,735,B0001,C0107,66,100
U+307C,100249371_00015_1,466,835,B0001,C0108,112,84
U+308A,100249371_00015_1,486,919,B0001,C0109,40,98
U+7C89,100249371_00015_1,458,1018,B0001,C0110,106,116
U+767E,100249371_00015_1,471,1410,B0001,C0111,77,104
U+76EE,100249371_00015_1,479,1587,B0001,C0112,66,115
U+767D,100249371_00015_1,291,631,B0001,C0113,77,95
U+7802,100249371_00015_1,287,841,B0001,C0114,93,98
U+7CD6,100249371_00015_1,283,990,B0001,C0115,94,146
U+767E,100249371_00015_1,283,1410,B0001,C0116,81,96
U+76EE,100249371_00015_1,301,1587,B0001,C0117,62,99
U+6C34,100249371_00015_1,130,635,B0001,C0118,79,116
U+4E94,100249371_00015_1,129,1402,B0001,C0119,70,74
U+62FE,100249371_00015_1,119,1505,B0001,C0120,88,91
U+5301,100249371_00015_1,145,1609,B0001,C0121,45,119
U+662F,100249371_00015_2,1606,564,B0001,C0001,53,142
U+306F,100249371_00015_2,1598,706,B0001,C0002,65,52
U+4F55,100249371_00015_2,1590,787,B0001,C0003,86,91
U+307B,100249371_00015_2,1599,878,B0001,C0004,79,83
U+3069,100249371_00015_2,1638,943,B0001,C0005,60,83
U+306B,100249371_00015_2,1622,1035,B0001,C0006,26,58
U+3066,100249371_00015_2,1606,1093,B0001,C0007,57,71
U+3082,100249371_00015_2,1605,1164,B0001,C0008,51,84
U+53F3,100249371_00015_2,1598,1271,B0001,C0009,77,86
U+306E,100249371_00015_2,1603,1379,B0001,C0010,65,61
U+5272,100249371_00015_2,1588,1449,B0001,C0011,91,126
U+5408,100249371_00015_2,1593,1575,B0001,C0012,85,119
U+3092,100249371_00015_2,1597,1710,B0001,C0013,84,59
U+3082,100249371_00015_2,1621,1787,B0001,C0014,40,93
U+3064,100249371_00015_2,1597,1880,B0001,C0015,66,68
U+3066,100249371_00015_2,1621,1948,B0001,C0016,26,96
U+7528,100249371_00015_2,1611,2065,B0001,C0017,52,110
U+3086,100249371_00015_2,1603,2175,B0001,C0018,64,77
U+308B,100249371_00015_2,1618,2254,B0001,C0019,39,70
U+4E5F,100249371_00015_2,1603,2324,B0001,C0020,67,73
U+53F3,100249371_00015_2,1418,458,B0001,C0021,89,98
U+7802,100249371_00015_2,1406,605,B0001,C0022,107,81
U+7CD6,100249371_00015_2,1407,689,B0001,C0023,105,126
U+57A2,100249371_00015_2,1404,845,B0001,C0024,112,91
U+306E,100249371_00015_2,1430,969,B0001,C0025,61,63
U+53BB,100249371_00015_2,1431,1043,B0001,C0026,57,93
U+308A,100249371_00015_2,1446,1136,B0001,C0027,39,90
U+3084,100249371_00015_2,1412,1226,B0001,C0028,95,69
U+3046,100249371_00015_2,1448,1295,B0001,C0029,35,93
U+306F,100249371_00015_2,1433,1388,B0001,C0030,64,45
U+3088,100249371_00015_2,1447,1449,B0001,C0031,35,91
U+304D,100249371_00015_2,1445,1540,B0001,C0032,42,116
U+5C71,100249371_00015_2,1417,1684,B0001,C0033,100,72
U+306E,100249371_00015_2,1432,1776,B0001,C0034,72,54
U+3044,100249371_00015_2,1425,1862,B0001,C0035,75,40
U+3082,100249371_00015_2,1435,1902,B0001,C0036,48,84
U+306E,100249371_00015_2,1433,2000,B0001,C0037,58,70
U+76AE,100249371_00015_2,1431,2070,B0001,C0038,78,108
U+3092,100249371_00015_2,1431,2187,B0001,C0039,74,73
U+3055,100249371_00015_2,1455,2278,B0001,C0040,29,63
U+308A,100249371_00015_2,1448,2341,B0001,C0041,36,73
U+3066,100249371_00015_2,1432,2414,B0001,C0042,55,63
U+5C11,100249371_00015_2,1426,2484,B0001,C0043,75,79
U+3057,100249371_00015_2,1458,2574,B0001,C0044,20,125
U+3070,100249371_00015_2,1263,472,B0001,C0045,90,89
U+304B,100249371_00015_2,1275,561,B0001,C0046,36,54
U+308A,100249371_00015_2,1256,615,B0001,C0047,57,101
U+7802,100249371_00015_2,1243,716,B0001,C0048,97,96
U+7CD6,100249371_00015_2,1243,812,B0001,C0049,94,124
U+3078,100249371_00015_2,1248,960,B0001,C0050,88,40
U+304A,100249371_00015_2,1248,1012,B0001,C0051,80,63
U+308D,100249371_00015_2,1259,1078,B0001,C0052,60,80
U+3057,100249371_00015_2,1281,1156,B0001,C0053,14,74
U+5165,100249371_00015_2,1230,1232,B0001,C0054,107,66
U+308C,100249371_00015_2,1266,1278,B0001,C0055,48,104
U+3088,100249371_00015_2,1279,1387,B0001,C0056,31,63
U+304F,100249371_00015_2,1276,1450,B0001,C0057,28,80
U+304B,100249371_00015_2,1229,1533,B0001,C0058,98,62
U+304D,100249371_00015_2,1277,1595,B0001,C0059,32,101
U+307E,100249371_00015_2,1274,1703,B0001,C0060,40,91
U+305C,100249371_00015_2,1247,1765,B0001,C0061,94,106
U+6C34,100249371_00015_2,1263,1891,B0001,C0062,63,129
U+3092,100249371_00015_2,1266,2020,B0001,C0063,64,84
U+5165,100249371_00015_2,1242,2123,B0001,C0064,93,81
U+305B,100249371_00015_2,1267,2208,B0001,C0065,56,54
U+3093,100249371_00015_2,1259,2262,B0001,C0066,72,74
U+3058,100249371_00015_2,1286,2336,B0001,C0067,48,100
U+306B,100249371_00015_2,1282,2447,B0001,C0068,25,82
U+3078,100249371_00015_2,1233,2529,B0001,C0069,94,62
U+7ACB,100249371_00015_2,1258,2591,B0001,C0070,74,109
U+305F,100249371_00015_2,1096,471,B0001,C0071,46,82
U+308B,100249371_00015_2,1095,553,B0001,C0072,40,80
U+3068,100249371_00015_2,1107,633,B0001,C0073,26,73
U+304D,100249371_00015_2,1096,706,B0001,C0074,37,117
U+66AB,100249371_00015_2,1061,851,B0001,C0075,106,114
U+3057,100249371_00015_2,1103,975,B0001,C0076,20,103
U+4F11,100249371_00015_2,1062,1079,B0001,C0077,104,103
U+307E,100249371_00015_2,1093,1183,B0001,C0078,46,102
U+305B,100249371_00015_2,1078,1285,B0001,C0079,78,76
U+308C,100249371_00015_2,1087,1361,B0001,C0080,53,117
U+3070,100249371_00015_2,1085,1469,B0001,C0081,108,61
U+7802,100249371_00015_2,1063,1567,B0001,C0082,107,88
U+7CD6,100249371_00015_2,1066,1655,B0001,C0083,99,122
U+306E,100249371_00015_2,1087,1797,B0001,C0084,58,71
U+3042,100249371_00015_2,1081,1868,B0001,C0085,73,103
U+304B,100249371_00015_2,1098,1971,B0001,C0086,36,53
U+6B8B,100249371_00015_2,1058,2045,B0001,C0087,121,107
U+3089,100249371_00015_2,1120,2152,B0001,C0088,20,64
U+305A,100249371_00015_2,1089,2214,B0001,C0089,82,120
U+304B,100249371_00015_2,1070,2336,B0001,C0090,98,54
U+305F,100249371_00015_2,1105,2390,B0001,C0091,41,59
U+307E,100249371_00015_2,1100,2449,B0001,C0092,45,97
U+308A,100249371_00015_2,1100,2546,B0001,C0093,31,64
U+3066,100249371_00015_2,1083,2610,B0001,C0094,60,87
U+4E0A,100249371_00015_2,915,463,B0001,C0095,58,103
U+306B,100249371_00015_2,901,566,B0001,C0096,81,66
U+6D6E,100249371_00015_2,899,670,B0001,C0097,81,88
U+306A,100249371_00015_2,919,764,B0001,C0098,52,74
U+308A,100249371_00015_2,927,838,B0001,C0099,40,82
U+5176,100249371_00015_2,914,920,B0001,C0100,49,126
U+3068,100249371_00015_2,927,1046,B0001,C0101,30,84
U+304D,100249371_00015_2,915,1130,B0001,C0102,59,116
U+7DB2,100249371_00015_2,893,1271,B0001,C0103,93,97
U+6753,100249371_00015_2,882,1391,B0001,C0104,100,100
U+5B50,100249371_00015_2,914,1515,B0001,C0105,56,76
U+306B,100249371_00015_2,926,1606,B0001,C0106,27,63
U+3066,100249371_00015_2,911,1669,B0001,C0107,52,72
U+3059,100249371_00015_2,917,1756,B0001,C0108,48,92
U+304F,100249371_00015_2,916,1848,B0001,C0109,45,59
U+3072,100249371_00015_2,902,1907,B0001,C0110,80,90
U+53BB,100249371_00015_2,914,2006,B0001,C0111,61,85
U+308C,100249371_00015_2,918,2091,B0001,C0112,49,108
U+3070,100249371_00015_2,914,2198,B0001,C0113,99,64
U+901F,100249371_00015_2,895,2285,B0001,C0114,88,112
U+304B,100249371_00015_2,927,2412,B0001,C0115,41,72
U+306B,100249371_00015_2,903,2475,B0001,C0116,79,50
U+306A,100249371_00015_2,912,2541,B0001,C0117,51,69
U+308B,100249371_00015_2,917,2610,B0001,C0118,51,84
U+306A,100249371_00015_2,738,461,B0001,C0119,57,95
U+308A,100249371_00015_2,750,556,B0001,C0120,41,81
U+5E03,100249371_00015_2,724,656,B0001,C0121,80,116
U+306B,100249371_00015_2,748,772,B0001,C0122,25,70
U+3066,100249371_00015_2,735,842,B0001,C0123,47,67
U+6F09,100249371_00015_2,714,931,B0001,C0124,104,96
U+3057,100249371_00015_2,759,1034,B0001,C0125,15,101
U+53F3,100249371_00015_2,731,1137,B0001,C0126,77,93
U+306E,100249371_00015_2,728,1248,B0001,C0127,78,89
U+3055,100249371_00015_2,750,1337,B0001,C0128,38,73
U+3068,100249371_00015_2,756,1420,B0001,C0129,27,72
U+3046,100249371_00015_2,748,1492,B0001,C0130,42,111
U+3092,100249371_00015_2,726,1610,B0001,C0131,81,72
U+714E,100249371_00015_2,727,1700,B0001,C0132,90,112
U+3058,100249371_00015_2,767,1812,B0001,C0133,68,82
U+3064,100249371_00015_2,743,1897,B0001,C0134,59,48
U+3081,100249371_00015_2,739,1946,B0001,C0135,64,67
U+5869,100249371_00015_2,719,2035,B0001,C0136,94,109
U+3092,100249371_00015_2,737,2144,B0001,C0137,80,72
U+5408,100249371_00015_2,734,2233,B0001,C0138,77,137
U+305B,100249371_00015_2,739,2371,B0001,C0139,66,79
U+53F3,100249371_00015_2,738,2475,B0001,C0140,68,80
U+306E,100249371_00015_2,741,2602,B0001,C0141,62,80
U+3057,100249371_00015_2,553,465,B0001,C0142,73,103
U+307C,100249371_00015_2,554,568,B0001,C0143,105,83
U+308A,100249371_00015_2,573,651,B0001,C0144,41,80
U+7C89,100249371_00015_2,547,750,B0001,C0145,106,102
U+3092,100249371_00015_2,568,854,B0001,C0146,59,87
U+5165,100249371_00015_2,547,964,B0001,C0147,89,58
U+308C,100249371_00015_2,571,1008,B0001,C0148,58,115
U+53C8,100249371_00015_2,555,1147,B0001,C0149,84,79
U+3088,100249371_00015_2,578,1233,B0001,C0150,33,84
U+304D,100249371_00015_2,573,1317,B0001,C0151,37,106
U+5805,100249371_00015_2,559,1449,B0001,C0152,84,124
U+3055,100249371_00015_2,570,1573,B0001,C0153,48,76
U+306B,100249371_00015_2,551,1649,B0001,C0154,90,85
U+7149,100249371_00015_2,535,1756,B0001,C0155,110,116
U+308A,100249371_00015_2,584,1872,B0001,C0156,34,87
U+3064,100249371_00015_2,563,1959,B0001,C0157,67,68
U+3081,100249371_00015_2,549,2027,B0001,C0158,81,68
U+3066,100249371_00015_2,578,2095,B0001,C0159,26,99
U+9262,100249371_00015_2,545,2216,B0001,C0160,114,121
U+306B,100249371_00015_2,571,2350,B0001,C0161,31,71
U+3044,100249371_00015_2,553,2421,B0001,C0162,69,44
U+308C,100249371_00015_2,566,2457,B0001,C0163,54,97
U+8CAF,100249371_00015_2,538,2574,B0001,C0164,96,109
U+3078,100249371_00015_2,368,472,B0001,C0165,96,56
U+7F6E,100249371_00015_2,377,528,B0001,C0166,69,137
U+306A,100249371_00015_2,383,673,B0001,C0167,57,100
U+308A,100249371_00015_2,399,773,B0001,C0168,34,92
U+3053,100249371_00015_2,383,865,B0001,C0169,57,94
U+308C,100249371_00015_2,376,959,B0001,C0170,63,113
U+9921,100249371_00015_2,367,1099,B0001,C0171,104,103
U+306E,100249371_00015_2,382,1224,B0001,C0172,67,61
U+6975,100249371_00015_2,355,1311,B0001,C0173,101,99
U+4E0A,100249371_00015_2,382,1410,B0001,C0174,66,86
U+3005,100249371_00015_2,398,1496,B0001,C0175,32,79
U+306E,100249371_00015_2,378,1591,B0001,C0176,70,68
U+3053,100249371_00015_2,381,1671,B0001,C0177,62,93
U+3057,100249371_00015_2,415,1764,B0001,C0178,26,83
U+3089,100249371_00015_2,404,1847,B0001,C0179,24,71
U+3078,100249371_00015_2,362,1918,B0001,C0180,102,75
U+306A,100249371_00015_2,387,1982,B0001,C0181,57,93
U+308A,100249371_00015_2,407,2075,B0001,C0182,38,108
U+25CB,100249371_00015_2,198,645,B0001,C0183,62,54
U+30AB,100249371_00015_2,198,764,B0001,C0184,61,69
U+30B9,100249371_00015_2,195,859,B0001,C0185,68,50
U+30C6,100249371_00015_2,195,928,B0001,C0186,66,82
U+30A4,100249371_00015_2,200,1035,B0001,C0187,47,83
U+30E9,100249371_00015_2,199,1140,B0001,C0188,47,91
U+306E,100249371_00015_2,194,1259,B0001,C0189,63,85
U+65B9,100249371_00015_2,196,1344,B0001,C0190,60,114
U+9D8F,100249371_00016_1,1545,563,B0001,C0001,98,128
U+5375,100249371_00016_1,1544,729,B0001,C0002,98,169
U+58F1,100249371_00016_1,1559,1416,B0001,C0003,60,139
U+3064,100249371_00016_1,1551,1673,B0001,C0004,63,89
U+7802,100249371_00016_1,1367,582,B0001,C0005,100,108
U+7CD6,100249371_00016_1,1362,754,B0001,C0006,106,125
U+62FE,100249371_00016_1,1364,1418,B0001,C0007,112,98
U+5301,100249371_00016_1,1384,1655,B0001,C0008,57,120
U+6E29,100249371_00016_1,1190,594,B0001,C0009,108,90
U+98E9,100249371_00016_1,1186,704,B0001,C0010,107,93
U+7C89,100249371_00016_1,1193,823,B0001,C0011,104,106
U+62FE,100249371_00016_1,1181,1414,B0001,C0012,107,109
U+5301,100249371_00016_1,1212,1659,B0001,C0013,46,123
U+53F3,100249371_00016_1,1000,459,B0001,C0014,97,119
U+4E09,100249371_00016_1,1032,605,B0001,C0015,44,99
U+54C1,100249371_00016_1,1016,704,B0001,C0016,81,98
U+9262,100249371_00016_1,1009,843,B0001,C0017,95,128
U+306B,100249371_00016_1,1041,971,B0001,C0018,25,67
U+3066,100249371_00016_1,1022,1038,B0001,C0019,60,82
U+3088,100249371_00016_1,1039,1120,B0001,C0020,34,62
U+304F,100249371_00016_1,1042,1182,B0001,C0021,32,75
U+3031,100249371_00016_1,1041,1227,B0001,C0022,52,147
U+3059,100249371_00016_1,1027,1394,B0001,C0023,73,88
U+308A,100249371_00016_1,1047,1482,B0001,C0024,36,65
U+307E,100249371_00016_1,1034,1547,B0001,C0025,54,107
U+305C,100249371_00016_1,1025,1628,B0001,C0026,102,116
U+304A,100249371_00016_1,1014,1744,B0001,C0027,92,73
U+304D,100249371_00016_1,1036,1817,B0001,C0028,40,103
U+934B,100249371_00016_1,1006,1949,B0001,C0029,113,105
U+306E,100249371_00016_1,1028,2057,B0001,C0030,59,63
U+3046,100249371_00016_1,1042,2120,B0001,C0031,29,74
U+3061,100249371_00016_1,1036,2194,B0001,C0032,54,85
U+306B,100249371_00016_1,1018,2279,B0001,C0033,77,55
U+539A,100249371_00016_1,1018,2355,B0001,C0034,69,145
U+7D19,100249371_00016_1,1007,2510,B0001,C0035,100,110
U+3092,100249371_00016_1,1013,2630,B0001,C0036,81,64
U+3057,100249371_00016_1,883,451,B0001,C0037,16,110
U+304D,100249371_00016_1,866,561,B0001,C0038,32,126
U+5176,100249371_00016_1,856,714,B0001,C0039,50,120
U+4E2D,100249371_00016_1,846,834,B0001,C0040,62,128
U+3078,100249371_00016_1,830,962,B0001,C0041,105,61
U+3069,100249371_00016_1,864,1016,B0001,C0042,57,82
U+308D,100249371_00016_1,851,1098,B0001,C0043,66,102
U+308A,100249371_00016_1,861,1200,B0001,C0044,41,95
U+3068,100249371_00016_1,861,1295,B0001,C0045,33,96
U+6D41,100249371_00016_1,834,1411,B0001,C0046,107,102
U+3057,100249371_00016_1,875,1536,B0001,C0047,23,116
U+3053,100249371_00016_1,861,1655,B0001,C0048,52,80
U+307F,100249371_00016_1,870,1735,B0001,C0049,34,82
U+84CB,100249371_00016_1,853,1848,B0001,C0050,85,154
U+3092,100249371_00016_1,853,2005,B0001,C0051,85,76
U+3057,100249371_00016_1,879,2096,B0001,C0052,25,99
U+3066,100249371_00016_1,859,2195,B0001,C0053,62,83
U+84CB,100249371_00016_1,845,2295,B0001,C0054,87,127
U+306E,100249371_00016_1,859,2432,B0001,C0055,72,63
U+4E0A,100249371_00016_1,863,2510,B0001,C0056,64,97
U+306B,100249371_00016_1,877,2607,B0001,C0057,37,89
U+306F,100249371_00016_1,675,463,B0001,C0058,63,33
U+81F3,100249371_00016_1,666,537,B0001,C0059,84,112
U+3066,100249371_00016_1,681,651,B0001,C0060,29,122
U+5F37,100249371_00016_1,658,791,B0001,C0061,83,117
U+304D,100249371_00016_1,683,908,B0001,C0062,33,111
U+706B,100249371_00016_1,663,1032,B0001,C0063,83,97
U+3092,100249371_00016_1,669,1131,B0001,C0064,71,80
U+306E,100249371_00016_1,683,1232,B0001,C0065,50,68
U+305B,100249371_00016_1,675,1320,B0001,C0066,59,63
U+7F6E,100249371_00016_1,671,1410,B0001,C0067,69,103
U+4E0B,100249371_00016_1,669,1545,B0001,C0068,66,95
U+306E,100249371_00016_1,674,1658,B0001,C0069,56,56
U+706B,100249371_00016_1,661,1714,B0001,C0070,85,103
U+306F,100249371_00016_1,666,1832,B0001,C0071,74,35
U+3044,100249371_00016_1,664,1900,B0001,C0072,71,34
U+305F,100249371_00016_1,686,1936,B0001,C0073,37,57
U+3064,100249371_00016_1,669,1993,B0001,C0074,70,78
U+3066,100249371_00016_1,687,2071,B0001,C0075,26,99
U+3088,100249371_00016_1,685,2189,B0001,C0076,38,88
U+308F,100249371_00016_1,682,2277,B0001,C0077,37,70
U+304F,100249371_00016_1,682,2347,B0001,C0078,39,73
U+3057,100249371_00016_1,697,2454,B0001,C0079,21,131
U+3066,100249371_00016_1,687,2585,B0001,C0080,33,112
U+713C,100249371_00016_1,478,452,B0001,C0081,101,134
U+306A,100249371_00016_1,510,588,B0001,C0082,57,107
U+308A,100249371_00016_1,509,695,B0001,C0083,46,93
U+4E0B,100249371_00016_1,501,799,B0001,C0084,62,82
U+706B,100249371_00016_1,487,899,B0001,C0085,83,102
U+306F,100249371_00016_1,501,1018,B0001,C0086,58,39
U+3042,100249371_00016_1,500,1083,B0001,C0087,72,87
U+308C,100249371_00016_1,506,1162,B0001,C0088,42,111
U+3069,100249371_00016_1,519,1281,B0001,C0089,57,67
U+3082,100249371_00016_1,501,1351,B0001,C0090,42,79
U+7121,100249371_00016_1,497,1451,B0001,C0091,75,119
U+304D,100249371_00016_1,509,1570,B0001,C0092,37,108
U+304C,100249371_00016_1,511,1678,B0001,C0093,67,70
U+3054,100249371_00016_1,510,1768,B0001,C0094,81,74
U+3068,100249371_00016_1,525,1839,B0001,C0095,22,81
U+304F,100249371_00016_1,516,1920,B0001,C0096,41,95
U+306C,100249371_00016_1,495,2021,B0001,C0097,89,65
U+308B,100249371_00016_1,512,2086,B0001,C0098,52,90
U+304D,100249371_00016_1,499,2176,B0001,C0099,73,85
U+706B,100249371_00016_1,502,2268,B0001,C0100,73,95
U+306B,100249371_00016_1,530,2363,B0001,C0101,23,80
U+3066,100249371_00016_1,518,2443,B0001,C0102,49,87
U+713C,100249371_00016_1,494,2557,B0001,C0103,91,142
U+3079,100249371_00016_1,325,459,B0001,C0104,96,118
U+3057,100249371_00016_1,353,577,B0001,C0105,25,139
U+713C,100249371_00016_1,313,759,B0001,C0106,106,152
U+304B,100249371_00016_1,322,940,B0001,C0107,89,55
U+3052,100249371_00016_1,350,1001,B0001,C0108,77,61
U+3093,100249371_00016_1,331,1062,B0001,C0109,76,93
U+3092,100249371_00016_1,332,1176,B0001,C0110,74,75
U+898B,100249371_00016_1,332,1268,B0001,C0111,68,119
U+308B,100249371_00016_1,345,1389,B0001,C0112,46,77
U+306B,100249371_00016_1,340,1466,B0001,C0113,33,93
U+306F,100249371_00016_1,325,1559,B0001,C0114,63,43
U+85C1,100249371_00016_1,327,1616,B0001,C0115,73,179
U+3059,100249371_00016_1,336,1814,B0001,C0116,47,80
U+3079,100249371_00016_1,312,1894,B0001,C0117,113,76
U+3092,100249371_00016_1,327,1971,B0001,C0118,74,84
U+4E00,100249371_00016_1,318,2087,B0001,C0119,80,15
U+7B4B,100249371_00016_1,325,2130,B0001,C0120,81,123
U+934B,100249371_00016_1,316,2280,B0001,C0121,102,91
U+306E,100249371_00016_1,344,2385,B0001,C0122,58,62
U+4E2D,100249371_00016_1,328,2461,B0001,C0123,79,162
U+3078,100249371_00016_1,328,2623,B0001,C0124,98,79
U+901A,100249371_00016_1,164,471,B0001,C0125,62,133
U+3057,100249371_00016_1,185,604,B0001,C0126,16,78
U+8A66,100249371_00016_1,141,687,B0001,C0127,102,95
U+3080,100249371_00016_1,152,783,B0001,C0128,76,92
U+3079,100249371_00016_1,141,881,B0001,C0129,117,51
U+3057,100249371_00016_1,174,932,B0001,C0130,26,135
U+706B,100249371_00016_1,157,1067,B0001,C0131,87,107
U+3088,100249371_00016_1,177,1164,B0001,C0132,36,65
U+304F,100249371_00016_1,175,1229,B0001,C0133,30,77
U+5EFB,100249371_00016_1,143,1320,B0001,C0134,83,84
U+308A,100249371_00016_1,168,1404,B0001,C0135,42,97
U+305F,100249371_00016_1,173,1497,B0001,C0136,36,73
U+308B,100249371_00016_1,162,1562,B0001,C0137,42,88
U+6642,100249371_00016_1,141,1651,B0001,C0138,95,85
U+306F,100249371_00016_1,156,1738,B0001,C0139,62,55
U+3059,100249371_00016_1,154,1819,B0001,C0140,58,78
U+3079,100249371_00016_1,143,1897,B0001,C0141,104,71
U+306F,100249371_00016_1,179,1970,B0001,C0142,27,80
U+306D,100249371_00016_1,141,2075,B0001,C0143,101,108
U+3070,100249371_00016_1,159,2184,B0001,C0144,94,60
U+308A,100249371_00016_1,172,2244,B0001,C0145,40,104
U+3064,100249371_00016_1,149,2379,B0001,C0146,78,77
U+304B,100249371_00016_1,185,2456,B0001,C0147,30,119
U+305A,100249371_00016_1,175,2579,B0001,C0148,58,126
U+706B,100249371_00016_2,1586,439,B0001,C0001,87,89
U+3044,100249371_00016_2,1591,549,B0001,C0002,73,35
U+307E,100249371_00016_2,1616,584,B0001,C0003,38,104
U+3060,100249371_00016_2,1603,688,B0001,C0004,89,75
U+4E0D,100249371_00016_2,1597,780,B0001,C0005,74,104
U+8DB3,100249371_00016_2,1599,884,B0001,C0006,71,114
U+306A,100249371_00016_2,1608,1001,B0001,C0007,62,95
U+308C,100249371_00016_2,1616,1096,B0001,C0008,49,119
U+3070,100249371_00016_2,1612,1215,B0001,C0009,92,64
U+854A,100249371_00016_2,1604,1299,B0001,C0010,65,164
U+306B,100249371_00016_2,1601,1463,B0001,C0011,69,68
U+306D,100249371_00016_2,1592,1549,B0001,C0012,90,105
U+3070,100249371_00016_2,1610,1654,B0001,C0013,90,55
U+308A,100249371_00016_2,1622,1709,B0001,C0014,36,85
U+4ED8,100249371_00016_2,1609,1803,B0001,C0015,55,88
U+3068,100249371_00016_2,1628,1902,B0001,C0016,29,87
U+3057,100249371_00016_2,1600,1997,B0001,C0017,75,88
U+308B,100249371_00016_2,1622,2085,B0001,C0018,45,67
U+3079,100249371_00016_2,1596,2142,B0001,C0019,102,52
U+3057,100249371_00016_2,1639,2190,B0001,C0020,16,152
U+25CB,100249371_00016_2,1440,456,B0001,C0021,44,44
U+30AB,100249371_00016_2,1428,521,B0001,C0022,66,65
U+30B9,100249371_00016_2,1422,606,B0001,C0023,71,46
U+30C6,100249371_00016_2,1432,669,B0001,C0024,55,69
U+30A4,100249371_00016_2,1435,745,B0001,C0025,39,69
U+30E9,100249371_00016_2,1436,823,B0001,C0026,42,70
U+934B,100249371_00016_2,1422,914,B0001,C0027,89,86
U+3068,100249371_00016_2,1439,1018,B0001,C0028,40,90
U+79F0,100249371_00016_2,1423,1108,B0001,C0029,91,87
U+3059,100249371_00016_2,1445,1215,B0001,C0030,53,76
U+308B,100249371_00016_2,1458,1291,B0001,C0031,32,65
U+3082,100249371_00016_2,1457,1367,B0001,C0032,36,80
U+306E,100249371_00016_2,1449,1447,B0001,C0033,48,62
U+3042,100249371_00016_2,1437,1515,B0001,C0034,68,82
U+308A,100249371_00016_2,1457,1597,B0001,C0035,37,73
U+8D64,100249371_00016_2,1423,1682,B0001,C0036,91,97
U+9285,100249371_00016_2,1427,1801,B0001,C0037,92,86
U+306B,100249371_00016_2,1465,1882,B0001,C0038,17,74
U+3066,100249371_00016_2,1442,1956,B0001,C0039,52,77
U+89D2,100249371_00016_2,1446,2043,B0001,C0040,64,111
U+306B,100249371_00016_2,1440,2157,B0001,C0041,71,55
U+3064,100249371_00016_2,1438,2238,B0001,C0042,72,44
U+304F,100249371_00016_2,1459,2282,B0001,C0043,37,42
U+308A,100249371_00016_2,1465,2324,B0001,C0044,29,83
U+305F,100249371_00016_2,1456,2416,B0001,C0045,37,59
U+308B,100249371_00016_2,1455,2485,B0001,C0046,36,61
U+3082,100249371_00016_2,1455,2549,B0001,C0047,44,96
U+306E,100249371_00016_2,1446,2652,B0001,C0048,58,67
U+306A,100249371_00016_2,1258,541,B0001,C0049,54,88
U+308A,100249371_00016_2,1273,629,B0001,C0050,32,87
U+5927,100249371_00016_2,1250,730,B0001,C0051,80,87
U+5C0F,100249371_00016_2,1249,816,B0001,C0052,82,54
U+3044,100249371_00016_2,1262,905,B0001,C0053,49,37
U+308D,100249371_00016_2,1259,942,B0001,C0054,57,89
U+3031,100249371_00016_2,1270,1031,B0001,C0055,37,109
U+3042,100249371_00016_2,1259,1161,B0001,C0056,68,70
U+308B,100249371_00016_2,1276,1231,B0001,C0057,38,67
U+4E5F,100249371_00016_2,1255,1298,B0001,C0058,79,57
U+82E5,100249371_00016_2,1266,1367,B0001,C0059,57,135
U+6B64,100249371_00016_2,1250,1505,B0001,C0060,76,66
U+934B,100249371_00016_2,1252,1589,B0001,C0061,95,93
U+306A,100249371_00016_2,1279,1695,B0001,C0062,61,75
U+304D,100249371_00016_2,1288,1770,B0001,C0063,32,99
U+3068,100249371_00016_2,1286,1877,B0001,C0064,40,60
U+304D,100249371_00016_2,1269,1937,B0001,C0065,80,86
U+306F,100249371_00016_2,1275,2031,B0001,C0066,61,39
U+4E00,100249371_00016_2,1280,2082,B0001,C0067,57,9
U+901A,100249371_00016_2,1287,2122,B0001,C0068,59,98
U+308A,100249371_00016_2,1290,2220,B0001,C0069,33,78
U+306E,100249371_00016_2,1269,2310,B0001,C0070,66,57
U+8D64,100249371_00016_2,1260,2370,B0001,C0071,92,89
U+304C,100249371_00016_2,1289,2462,B0001,C0072,72,42
U+306D,100249371_00016_2,1277,2508,B0001,C0073,60,64
U+306E,100249371_00016_2,1259,2617,B0001,C0074,76,97
U+3046,100249371_00016_2,1086,535,B0001,C0075,32,92
U+3059,100249371_00016_2,1065,627,B0001,C0076,78,84
U+306A,100249371_00016_2,1073,727,B0001,C0077,72,67
U+3079,100249371_00016_2,1068,794,B0001,C0078,107,60
U+306B,100249371_00016_2,1102,855,B0001,C0079,23,76
U+3066,100249371_00016_2,1080,931,B0001,C0080,51,71
U+884C,100249371_00016_2,1055,1031,B0001,C0081,84,96
U+706F,100249371_00016_2,1064,1127,B0001,C0082,88,83
U+306E,100249371_00016_2,1087,1223,B0001,C0083,48,51
U+706B,100249371_00016_2,1082,1298,B0001,C0084,62,81
U+3056,100249371_00016_2,1102,1379,B0001,C0085,67,75
U+3089,100249371_00016_2,1092,1454,B0001,C0086,31,96
U+3092,100249371_00016_2,1080,1551,B0001,C0087,85,68
U+8986,100249371_00016_2,1075,1637,B0001,C0088,78,135
U+306B,100249371_00016_2,1073,1772,B0001,C0089,69,64
U+7528,100249371_00016_2,1086,1851,B0001,C0090,60,93
U+3072,100249371_00016_2,1078,1944,B0001,C0091,76,78
U+3066,100249371_00016_2,1084,2025,B0001,C0092,59,49
U+3082,100249371_00016_2,1095,2074,B0001,C0093,45,74
U+3088,100249371_00016_2,1101,2161,B0001,C0094,35,71
U+3057,100249371_00016_2,1105,2232,B0001,C0095,21,123
U+25CB,100249371_00016_2,900,638,B0001,C0096,59,57
U+4E2D,100249371_00016_2,872,723,B0001,C0097,99,110
U+83EF,100249371_00016_2,889,859,B0001,C0098,90,131
U+9945,100249371_00016_2,887,1008,B0001,C0099,101,126
U+982D,100249371_00016_2,897,1143,B0001,C0100,87,106
U+9D8F,100249371_00016_2,707,527,B0001,C0101,106,125
U+5375,100249371_00016_2,709,688,B0001,C0102,104,91
U+5927,100249371_00016_2,747,828,B0001,C0103,76,85
U+4E00,100249371_00016_2,726,1393,B0001,C0104,77,13
U+3064,100249371_00016_2,733,1465,B0001,C0105,59,83
U+96EA,100249371_00016_2,537,549,B0001,C0106,100,103
U+767D,100249371_00016_2,550,680,B0001,C0107,67,79
U+7802,100249371_00016_2,536,816,B0001,C0108,95,79
U+7CD6,100249371_00016_2,539,917,B0001,C0109,101,120
U+62FE,100249371_00016_2,543,1375,B0001,C0110,102,105
U+5301,100249371_00016_2,574,1567,B0001,C0111,55,119
U+3046,100249371_00016_2,386,533,B0001,C0112,31,108
U+3069,100249371_00016_2,384,627,B0001,C0113,89,91
U+3093,100249371_00016_2,368,718,B0001,C0114,75,93
U+306E,100249371_00016_2,377,830,B0001,C0115,54,53
U+7C89,100249371_00016_2,367,919,B0001,C0116,93,109
U+62FE,100249371_00016_2,370,1378,B0001,C0117,89,101
U+5301,100249371_00016_2,397,1549,B0001,C0118,45,137
U+53F3,100249371_00016_2,187,455,B0001,C0119,77,101
U+4E09,100249371_00016_2,187,584,B0001,C0120,72,64
U+54C1,100249371_00016_2,189,667,B0001,C0121,78,71
U+30AB,100249371_00016_2,189,755,B0001,C0122,56,60
U+30B9,100249371_00016_2,181,836,B0001,C0123,81,60
U+30C6,100249371_00016_2,195,912,B0001,C0124,59,88
U+30A4,100249371_00016_2,197,1008,B0001,C0125,41,74
U+30E9,100249371_00016_2,194,1098,B0001,C0126,57,82
U+306E,100249371_00016_2,206,1195,B0001,C0127,50,65
U+65B9,100249371_00016_2,196,1260,B0001,C0128,60,118
U+306E,100249371_00016_2,187,1382,B0001,C0129,99,79
U+901A,100249371_00016_2,203,1482,B0001,C0130,82,108
U+308A,100249371_00016_2,218,1590,B0001,C0131,41,95
U+80FD,100249371_00016_2,192,1690,B0001,C0132,94,117
U+3005,100249371_00016_2,239,1807,B0001,C0133,20,67
U+3059,100249371_00016_2,210,1888,B0001,C0134,60,77
U+308A,100249371_00016_2,218,1965,B0001,C0135,43,75
U+4EA4,100249371_00016_2,187,2042,B0001,C0136,103,138
U+305C,100249371_00016_2,208,2185,B0001,C0137,108,69
U+305F,100249371_00016_2,215,2266,B0001,C0138,43,76
U+308B,100249371_00016_2,215,2342,B0001,C0139,37,90
U+51E6,100249371_00016_2,203,2434,B0001,C0140,77,163
U+3078,100249371_00016_2,198,2608,B0001,C0141,90,91
U+6C34,100249371_00017_1,1558,463,B0001,C0001,94,108
U+3092,100249371_00017_1,1574,571,B0001,C0002,75,87
U+5165,100249371_00017_1,1553,675,B0001,C0003,99,77
U+308C,100249371_00017_1,1580,740,B0001,C0004,43,115
U+3086,100249371_00017_1,1574,875,B0001,C0005,67,60
U+308B,100249371_00017_1,1587,935,B0001,C0006,43,77
U+304F,100249371_00017_1,1591,1027,B0001,C0007,33,82
U+3069,100249371_00017_1,1576,1126,B0001,C0008,101,69
U+308D,100249371_00017_1,1575,1195,B0001,C0009,66,91
U+308A,100249371_00017_1,1592,1286,B0001,C0010,44,95
U+3068,100249371_00017_1,1583,1397,B0001,C0011,35,82
U+306A,100249371_00017_1,1569,1479,B0001,C0012,66,82
U+308B,100249371_00017_1,1582,1561,B0001,C0013,50,91
U+3084,100249371_00017_1,1557,1653,B0001,C0014,93,79
U+3046,100249371_00017_1,1586,1732,B0001,C0015,35,90
U+306B,100249371_00017_1,1562,1822,B0001,C0016,78,57
U+7149,100249371_00017_1,1553,1902,B0001,C0017,104,108
U+307E,100249371_00017_1,1586,2014,B0001,C0018,43,97
U+305C,100249371_00017_1,1564,2074,B0001,C0019,103,131
U+8D64,100249371_00017_1,1555,2215,B0001,C0020,96,95
U+304C,100249371_00017_1,1596,2323,B0001,C0021,81,58
U+306D,100249371_00017_1,1578,2381,B0001,C0022,67,73
U+306E,100249371_00017_1,1570,2484,B0001,C0023,70,57
U+76BF,100249371_00017_1,1552,2577,B0001,C0024,110,59
U+306E,100249371_00017_1,1572,2655,B0001,C0025,71,70
U+4E0A,100249371_00017_1,1398,461,B0001,C0026,68,100
U+3078,100249371_00017_1,1389,578,B0001,C0027,89,37
U+306A,100249371_00017_1,1399,624,B0001,C0028,70,91
U+304C,100249371_00017_1,1425,715,B0001,C0029,71,71
U+3057,100249371_00017_1,1428,772,B0001,C0030,17,66
U+713C,100249371_00017_1,1389,827,B0001,C0031,97,111
U+306B,100249371_00017_1,1427,946,B0001,C0032,19,53
U+3057,100249371_00017_1,1417,999,B0001,C0033,28,72
U+3066,100249371_00017_1,1405,1071,B0001,C0034,50,64
U+9921,100249371_00017_1,1388,1142,B0001,C0035,97,108
U+3092,100249371_00017_1,1400,1250,B0001,C0036,85,77
U+3064,100249371_00017_1,1388,1347,B0001,C0037,84,52
U+309D,100249371_00017_1,1419,1399,B0001,C0038,40,54
U+3080,100249371_00017_1,1395,1453,B0001,C0039,90,84
U+306A,100249371_00017_1,1415,1538,B0001,C0040,41,83
U+308A,100249371_00017_1,1404,1621,B0001,C0041,42,77
U+3042,100249371_00017_1,1385,1713,B0001,C0042,75,81
U+3093,100249371_00017_1,1385,1794,B0001,C0043,76,65
U+306E,100249371_00017_1,1392,1868,B0001,C0044,59,73
U+4ED5,100249371_00017_1,1370,1941,B0001,C0045,94,94
U+3084,100249371_00017_1,1377,2035,B0001,C0046,86,82
U+3046,100249371_00017_1,1404,2117,B0001,C0047,32,85
U+524D,100249371_00017_1,1391,2209,B0001,C0048,82,89
U+306B,100249371_00017_1,1407,2298,B0001,C0049,29,72
U+3057,100249371_00017_1,1365,2374,B0001,C0050,102,91
U+308B,100249371_00017_1,1409,2465,B0001,C0051,34,51
U+3059,100249371_00017_1,1389,2516,B0001,C0052,66,98
U+25CB,100249371_00017_1,1223,651,B0001,C0053,52,52
U+85AF,100249371_00017_1,1193,743,B0001,C0054,101,137
U+8577,100249371_00017_1,1203,895,B0001,C0055,86,126
U+9945,100249371_00017_1,1203,1050,B0001,C0056,95,129
U+982D,100249371_00017_1,1200,1200,B0001,C0057,94,100
U+5B87,100249371_00017_1,1036,553,B0001,C0058,64,119
U+9640,100249371_00017_1,1031,679,B0001,C0059,82,102
U+5C71,100249371_00017_1,1029,790,B0001,C0060,84,73
U+306E,100249371_00017_1,1044,879,B0001,C0061,55,50
U+828B,100249371_00017_1,1034,940,B0001,C0062,70,136
U+767E,100249371_00017_1,1020,1413,B0001,C0063,87,86
U+76EE,100249371_00017_1,1031,1599,B0001,C0064,63,94
U+7CB3,100249371_00017_1,849,583,B0001,C0065,101,123
U+7C73,100249371_00017_1,866,723,B0001,C0066,72,101
U+306E,100249371_00017_1,872,858,B0001,C0067,57,70
U+7C89,100249371_00017_1,853,936,B0001,C0068,110,105
U+4E8C,100249371_00017_1,854,1407,B0001,C0069,82,67
U+5408,100249371_00017_1,841,1569,B0001,C0070,96,112
U+767D,100249371_00017_1,698,572,B0001,C0071,65,98
U+7802,100249371_00017_1,685,737,B0001,C0072,97,76
U+7CD6,100249371_00017_1,686,881,B0001,C0073,88,113
U+767E,100249371_00017_1,675,1426,B0001,C0074,95,81
U+76EE,100249371_00017_1,697,1580,B0001,C0075,58,88
U+53F3,100249371_00017_1,510,466,B0001,C0076,77,82
U+4E09,100249371_00017_1,516,572,B0001,C0077,55,63
U+5473,100249371_00017_1,499,656,B0001,C0078,102,87
U+3059,100249371_00017_1,512,770,B0001,C0079,68,70
U+308A,100249371_00017_1,531,840,B0001,C0080,32,64
U+3070,100249371_00017_1,531,906,B0001,C0081,72,85
U+3061,100249371_00017_1,526,991,B0001,C0082,45,88
U+306B,100249371_00017_1,537,1079,B0001,C0083,23,65
U+3066,100249371_00017_1,518,1144,B0001,C0084,57,69
U+3088,100249371_00017_1,533,1225,B0001,C0085,28,77
U+304F,100249371_00017_1,529,1302,B0001,C0086,32,68
U+3031,100249371_00017_1,523,1340,B0001,C0087,52,143
U+3059,100249371_00017_1,512,1494,B0001,C0088,58,73
U+308A,100249371_00017_1,524,1567,B0001,C0089,42,85
U+624B,100249371_00017_1,521,1644,B0001,C0090,50,112
U+3092,100249371_00017_1,508,1765,B0001,C0091,80,66
U+306C,100249371_00017_1,502,1850,B0001,C0092,78,66
U+3089,100249371_00017_1,546,1916,B0001,C0093,17,60
U+3057,100249371_00017_1,536,1981,B0001,C0094,18,93
U+4E38,100249371_00017_1,505,2079,B0001,C0095,83,102
U+3081,100249371_00017_1,507,2197,B0001,C0096,69,57
U+9921,100249371_00017_1,499,2280,B0001,C0097,89,110
U+3092,100249371_00017_1,518,2390,B0001,C0098,67,88
U+5305,100249371_00017_1,509,2507,B0001,C0099,72,101
U+307F,100249371_00017_1,529,2635,B0001,C0100,34,90
U+5E03,100249371_00017_1,323,467,B0001,C0101,88,120
U+3092,100249371_00017_1,337,589,B0001,C0102,73,68
U+6C34,100249371_00017_1,332,666,B0001,C0103,77,95
U+306B,100249371_00017_1,358,761,B0001,C0104,28,74
U+3057,100249371_00017_1,324,844,B0001,C0105,84,100
U+3081,100249371_00017_1,333,944,B0001,C0106,76,56
U+3057,100249371_00017_1,362,1000,B0001,C0107,21,85
U+84B8,100249371_00017_1,334,1085,B0001,C0108,79,150
U+7BED,100249371_00017_1,324,1236,B0001,C0109,102,142
U+306B,100249371_00017_1,341,1378,B0001,C0110,66,59
U+3057,100249371_00017_1,331,1453,B0001,C0111,73,81
U+304D,100249371_00017_1,349,1534,B0001,C0112,50,106
U+305D,100249371_00017_1,338,1656,B0001,C0113,53,70
U+308C,100249371_00017_1,324,1726,B0001,C0114,59,114
U+3078,100249371_00017_1,324,1840,B0001,C0115,81,52
U+4E26,100249371_00017_1,326,1903,B0001,C0116,64,111
U+3079,100249371_00017_1,313,2014,B0001,C0117,134,64
U+3080,100249371_00017_1,326,2092,B0001,C0118,71,81
U+305B,100249371_00017_1,322,2173,B0001,C0119,68,95
U+306F,100249371_00017_1,328,2268,B0001,C0120,66,46
U+3075,100249371_00017_1,312,2338,B0001,C0121,79,71
U+3046,100249371_00017_1,348,2409,B0001,C0122,30,80
U+308F,100249371_00017_1,348,2489,B0001,C0123,27,69
U+308A,100249371_00017_1,348,2558,B0001,C0124,39,70
U+3068,100249371_00017_1,348,2628,B0001,C0125,35,82
U+6D6E,100249371_00017_1,157,473,B0001,C0126,70,105
U+4E0A,100249371_00017_1,166,598,B0001,C0127,42,66
U+308B,100249371_00017_1,172,664,B0001,C0128,39,71
U+306A,100249371_00017_1,163,754,B0001,C0129,59,82
U+308A,100249371_00017_1,170,836,B0001,C0130,42,97
U+306D,100249371_00017_1,151,933,B0001,C0131,88,103
U+3070,100249371_00017_1,169,1036,B0001,C0132,67,75
U+308A,100249371_00017_1,175,1111,B0001,C0133,37,95
U+3055,100249371_00017_1,182,1206,B0001,C0134,29,75
U+308B,100249371_00017_1,173,1281,B0001,C0135,33,79
U+6642,100249371_00017_1,152,1360,B0001,C0136,78,93
U+3092,100249371_00017_1,163,1453,B0001,C0137,70,75
U+307F,100249371_00017_1,177,1537,B0001,C0138,26,76
U+3066,100249371_00017_1,160,1613,B0001,C0139,64,77
U+3042,100249371_00017_1,155,1697,B0001,C0140,66,84
U+3052,100249371_00017_1,158,1781,B0001,C0141,100,84
U+308B,100249371_00017_1,172,1865,B0001,C0142,34,58
U+4E5F,100249371_00017_1,159,1923,B0001,C0143,66,54
U+9921,100249371_00017_1,148,1996,B0001,C0144,82,122
U+3092,100249371_00017_1,164,2118,B0001,C0145,75,85
U+3064,100249371_00017_1,162,2232,B0001,C0146,68,51
U+309D,100249371_00017_1,182,2283,B0001,C0147,33,44
U+3080,100249371_00017_1,156,2327,B0001,C0148,78,83
U+3068,100249371_00017_1,189,2421,B0001,C0149,26,69
U+304D,100249371_00017_1,170,2490,B0001,C0150,55,101
U+968F,100249371_00017_1,158,2619,B0001,C0151,78,89
U+5206,100249371_00017_2,1620,444,B0001,C0001,48,100
U+624B,100249371_00017_2,1614,559,B0001,C0002,47,110
U+304C,100249371_00017_2,1623,679,B0001,C0003,62,65
U+308B,100249371_00017_2,1603,744,B0001,C0004,59,86
U+304F,100249371_00017_2,1623,830,B0001,C0005,22,65
U+5F62,100249371_00017_2,1586,920,B0001,C0006,93,88
U+3088,100249371_00017_2,1631,1008,B0001,C0007,32,57
U+304D,100249371_00017_2,1622,1065,B0001,C0008,34,90
U+3084,100249371_00017_2,1599,1168,B0001,C0009,73,50
U+3046,100249371_00017_2,1630,1218,B0001,C0010,21,81
U+5305,100249371_00017_2,1609,1310,B0001,C0011,54,97
U+3080,100249371_00017_2,1603,1431,B0001,C0012,69,66
U+3079,100249371_00017_2,1586,1497,B0001,C0013,105,50
U+3057,100249371_00017_2,1634,1549,B0001,C0014,14,111
U+9921,100249371_00017_2,1595,1693,B0001,C0015,91,100
U+306F,100249371_00017_2,1609,1793,B0001,C0016,56,52
U+524D,100249371_00017_2,1612,1867,B0001,C0017,77,95
U+306B,100249371_00017_2,1631,1962,B0001,C0018,27,75
U+51FA,100249371_00017_2,1611,2056,B0001,C0019,73,74
U+3059,100249371_00017_2,1617,2130,B0001,C0020,50,89
U+25CB,100249371_00017_2,1434,628,B0001,C0021,53,51
U+845B,100249371_00017_2,1425,719,B0001,C0022,71,157
U+9945,100249371_00017_2,1403,916,B0001,C0023,107,134
U+982D,100249371_00017_2,1407,1101,B0001,C0024,100,90
U+306E,100249371_00017_2,1432,1227,B0001,C0025,63,49
U+6CD5,100249371_00017_2,1416,1323,B0001,C0026,86,94
U+4E0A,100249371_00017_2,1243,438,B0001,C0027,72,71
U+3055,100249371_00017_2,1259,534,B0001,C0028,41,69
U+3089,100249371_00017_2,1257,603,B0001,C0029,33,77
U+3057,100249371_00017_2,1252,680,B0001,C0030,27,90
U+845B,100249371_00017_2,1249,770,B0001,C0031,67,140
U+306E,100249371_00017_2,1259,924,B0001,C0032,57,75
U+7C89,100249371_00017_2,1243,999,B0001,C0033,94,115
U+3092,100249371_00017_2,1253,1114,B0001,C0034,77,75
U+845B,100249371_00017_2,1264,1204,B0001,C0035,64,134
U+9905,100249371_00017_2,1238,1364,B0001,C0036,108,112
U+306E,100249371_00017_2,1266,1499,B0001,C0037,55,70
U+304F,100249371_00017_2,1288,1658,B0001,C0038,26,73
U+5C11,100249371_00017_2,1260,1742,B0001,C0039,83,86
U+3057,100249371_00017_2,1296,1829,B0001,C0040,17,79
U+304B,100249371_00017_2,1252,1909,B0001,C0041,88,59
U+305F,100249371_00017_2,1286,1968,B0001,C0042,29,55
U+304F,100249371_00017_2,1290,2023,B0001,C0043,21,60
U+306D,100249371_00017_2,1254,2093,B0001,C0044,86,110
U+308A,100249371_00017_2,1293,2203,B0001,C0045,25,57
U+3066,100249371_00017_2,1274,2260,B0001,C0046,49,71
U+7BB8,100249371_00017_2,1261,2335,B0001,C0047,67,132
U+306B,100249371_00017_2,1292,2467,B0001,C0048,19,67
U+3066,100249371_00017_2,1275,2534,B0001,C0049,51,73
U+80FD,100249371_00017_2,1264,2626,B0001,C0050,79,93
U+307B,100249371_00017_2,1062,456,B0001,C0051,92,75
U+3069,100249371_00017_2,1098,531,B0001,C0052,62,74
U+306B,100249371_00017_2,1059,605,B0001,C0053,83,66
U+5207,100249371_00017_2,1047,691,B0001,C0054,106,62
U+308A,100249371_00017_2,1079,772,B0001,C0055,45,92
U+53C8,100249371_00017_2,1050,886,B0001,C0056,101,79
U+845B,100249371_00017_2,1080,965,B0001,C0057,64,134
U+306E,100249371_00017_2,1082,1112,B0001,C0058,51,64
U+7C89,100249371_00017_2,1064,1182,B0001,C0059,95,102
U+306E,100249371_00017_2,1072,1312,B0001,C0060,68,72
U+7D30,100249371_00017_2,1069,1406,B0001,C0061,89,95
U+304B,100249371_00017_2,1100,1510,B0001,C0062,29,47
U+306A,100249371_00017_2,1081,1587,B0001,C0063,63,83
U+308B,100249371_00017_2,1093,1672,B0001,C0064,41,86
U+3092,100249371_00017_2,1086,1758,B0001,C0065,75,80
U+3068,100249371_00017_2,1085,1858,B0001,C0066,51,77
U+308A,100249371_00017_2,1094,1935,B0001,C0067,41,85
U+7C89,100249371_00017_2,1078,2020,B0001,C0068,107,101
U+306B,100249371_00017_2,1112,2121,B0001,C0069,23,68
U+3057,100249371_00017_2,1104,2189,B0001,C0070,30,81
U+3066,100249371_00017_2,1090,2271,B0001,C0071,51,61
U+53F3,100249371_00017_2,1081,2351,B0001,C0072,76,89
U+306E,100249371_00017_2,1097,2455,B0001,C0073,49,58
U+845B,100249371_00017_2,1095,2516,B0001,C0074,53,119
U+9905,100249371_00017_2,1070,2635,B0001,C0075,103,94
U+3092,100249371_00017_2,898,461,B0001,C0076,62,61
U+5E73,100249371_00017_2,890,557,B0001,C0077,83,108
U+305F,100249371_00017_2,911,665,B0001,C0078,36,57
U+304F,100249371_00017_2,912,722,B0001,C0079,28,69
U+3057,100249371_00017_2,921,806,B0001,C0080,15,94
U+8D64,100249371_00017_2,878,915,B0001,C0081,101,91
U+5C0F,100249371_00017_2,895,1036,B0001,C0082,78,50
U+8C46,100249371_00017_2,904,1109,B0001,C0083,59,93
U+306E,100249371_00017_2,910,1224,B0001,C0084,54,53
U+3088,100249371_00017_2,919,1295,B0001,C0085,34,60
U+304F,100249371_00017_2,914,1355,B0001,C0086,32,78
U+716E,100249371_00017_2,896,1447,B0001,C0087,87,124
U+305F,100249371_00017_2,926,1571,B0001,C0088,39,74
U+308B,100249371_00017_2,924,1645,B0001,C0089,40,62
U+4E38,100249371_00017_2,901,1727,B0001,C0090,78,94
U+3064,100249371_00017_2,917,1840,B0001,C0091,52,34
U+3076,100249371_00017_2,898,1874,B0001,C0092,102,81
U+306B,100249371_00017_2,930,1961,B0001,C0093,26,57
U+7802,100249371_00017_2,892,2059,B0001,C0094,111,83
U+7CD6,100249371_00017_2,897,2148,B0001,C0095,90,117
U+3092,100249371_00017_2,912,2265,B0001,C0096,76,103
U+307E,100249371_00017_2,927,2377,B0001,C0097,45,120
U+3076,100249371_00017_2,895,2497,B0001,C0098,111,74
U+3057,100249371_00017_2,940,2556,B0001,C0099,20,177
U+662F,100249371_00017_2,719,457,B0001,C0100,52,122
U+3092,100249371_00017_2,724,589,B0001,C0101,68,81
U+5305,100249371_00017_2,731,688,B0001,C0102,60,104
U+307F,100249371_00017_2,740,816,B0001,C0103,28,70
U+5F62,100249371_00017_2,702,922,B0001,C0104,89,102
U+3092,100249371_00017_2,723,1029,B0001,C0105,64,79
U+9945,100249371_00017_2,701,1126,B0001,C0106,103,132
U+982D,100249371_00017_2,714,1258,B0001,C0107,90,110
U+306E,100249371_00017_2,734,1382,B0001,C0108,54,68
U+304F,100249371_00017_2,744,1558,B0001,C0109,32,83
U+306A,100249371_00017_2,732,1641,B0001,C0110,63,74
U+3057,100249371_00017_2,755,1715,B0001,C0111,21,87
U+84B8,100249371_00017_2,737,1818,B0001,C0112,69,185
U+7BED,100249371_00017_2,727,2003,B0001,C0113,82,105
U+306B,100249371_00017_2,759,2108,B0001,C0114,18,71
U+3066,100249371_00017_2,742,2179,B0001,C0115,51,66
U+84B8,100249371_00017_2,721,2253,B0001,C0116,79,132
U+3057,100249371_00017_2,774,2385,B0001,C0117,24,84
U+51FA,100249371_00017_2,731,2473,B0001,C0118,85,58
U+3059,100249371_00017_2,741,2531,B0001,C0119,54,92
U+4E5F,100249371_00017_2,732,2623,B0001,C0120,75,48
U+25CB,100249371_00017_2,553,625,B0001,C0121,61,57
U+6D32,100249371_00017_2,521,764,B0001,C0122,111,113
U+6D5C,100249371_00017_2,533,939,B0001,C0123,94,130
U+7CD5,100249371_00017_2,534,1152,B0001,C0124,104,113
U+8C46,100249371_00017_2,363,540,B0001,C0125,65,106
U+306E,100249371_00017_2,367,718,B0001,C0126,59,64
U+7C89,100249371_00017_2,350,854,B0001,C0127,103,100
U+4E00,100249371_00017_2,366,1397,B0001,C0128,79,14
U+5347,100249371_00017_2,367,1534,B0001,C0129,87,150
U+6C41,100249371_00017_2,178,546,B0001,C0130,88,185
U+98F4,100249371_00017_2,178,860,B0001,C0131,97,95
U+767E,100249371_00017_2,183,1391,B0001,C0132,88,99
U+76EE,100249371_00017_2,204,1559,B0001,C0133,68,114
U+767D,100249371_00018_1,1550,549,B0001,C0001,67,92
U+7802,100249371_00018_1,1542,707,B0001,C0002,90,75
U+7CD6,100249371_00018_1,1536,835,B0001,C0003,101,128
U+767E,100249371_00018_1,1549,1399,B0001,C0004,74,91
U+4E94,100249371_00018_1,1546,1514,B0001,C0005,84,61
U+5341,100249371_00018_1,1544,1587,B0001,C0006,69,72
U+76EE,100249371_00018_1,1551,1672,B0001,C0007,72,95
U+9752,100249371_00018_1,1396,553,B0001,C0008,49,149
U+7C89,100249371_00018_1,1366,856,B0001,C0009,96,132
U+898B,100249371_00018_1,1381,1408,B0001,C0010,59,121
U+6597,100249371_00018_1,1374,1533,B0001,C0011,68,175
U+53F3,100249371_00018_1,1184,459,B0001,C0012,63,108
U+306F,100249371_00018_1,1179,567,B0001,C0013,73,56
U+5148,100249371_00018_1,1185,655,B0001,C0014,74,123
U+3057,100249371_00018_1,1167,821,B0001,C0015,99,95
U+308B,100249371_00018_1,1199,916,B0001,C0016,52,90
U+98F4,100249371_00018_1,1171,1013,B0001,C0017,91,105
U+3092,100249371_00018_1,1185,1144,B0001,C0018,82,80
U+9285,100249371_00018_1,1171,1266,B0001,C0019,99,110
U+934B,100249371_00018_1,1176,1376,B0001,C0020,98,125
U+306B,100249371_00018_1,1216,1517,B0001,C0021,21,61
U+3066,100249371_00018_1,1204,1578,B0001,C0022,38,61
U+3088,100249371_00018_1,1215,1666,B0001,C0023,26,58
U+304F,100249371_00018_1,1211,1724,B0001,C0024,25,64
U+716E,100249371_00018_1,1188,1801,B0001,C0025,77,128
U+3066,100249371_00018_1,1204,1929,B0001,C0026,51,69
U+3088,100249371_00018_1,1211,2007,B0001,C0027,35,55
U+304F,100249371_00018_1,1218,2062,B0001,C0028,23,74
U+3068,100249371_00018_1,1203,2150,B0001,C0029,49,66
U+3051,100249371_00018_1,1200,2216,B0001,C0030,67,101
U+305F,100249371_00018_1,1215,2317,B0001,C0031,33,66
U+308B,100249371_00018_1,1203,2383,B0001,C0032,40,69
U+3068,100249371_00018_1,1205,2477,B0001,C0033,30,81
U+304D,100249371_00018_1,1187,2558,B0001,C0034,80,78
U+5176,100249371_00018_1,1206,2638,B0001,C0035,40,100
U+307E,100249371_00018_1,1030,463,B0001,C0036,39,91
U+309D,100249371_00018_1,1043,554,B0001,C0037,18,63
U+8C46,100249371_00018_1,1020,650,B0001,C0038,61,116
U+306E,100249371_00018_1,1023,778,B0001,C0039,52,65
U+7C89,100249371_00018_1,1006,843,B0001,C0040,99,118
U+3092,100249371_00018_1,1011,983,B0001,C0041,72,76
U+5165,100249371_00018_1,991,1075,B0001,C0042,91,55
U+308C,100249371_00018_1,1013,1118,B0001,C0043,52,116
U+3088,100249371_00018_1,1033,1247,B0001,C0044,34,61
U+304F,100249371_00018_1,1035,1308,B0001,C0045,21,74
U+304B,100249371_00018_1,995,1402,B0001,C0046,95,54
U+304D,100249371_00018_1,1026,1456,B0001,C0047,53,107
U+307E,100249371_00018_1,1022,1563,B0001,C0048,44,79
U+305C,100249371_00018_1,1009,1640,B0001,C0049,110,86
U+5176,100249371_00018_1,1025,1740,B0001,C0050,42,110
U+3046,100249371_00018_1,1027,1862,B0001,C0051,33,78
U+3078,100249371_00018_1,994,1940,B0001,C0052,99,31
U+309D,100249371_00018_1,1045,1971,B0001,C0053,35,60
U+7802,100249371_00018_1,999,2045,B0001,C0054,97,85
U+7CD6,100249371_00018_1,990,2130,B0001,C0055,103,128
U+3092,100249371_00018_1,1014,2264,B0001,C0056,77,71
U+5165,100249371_00018_1,994,2361,B0001,C0057,103,69
U+3088,100249371_00018_1,1048,2427,B0001,C0058,22,65
U+304F,100249371_00018_1,1043,2492,B0001,C0059,23,79
U+304B,100249371_00018_1,1048,2582,B0001,C0060,31,64
U+304D,100249371_00018_1,1037,2628,B0001,C0061,49,101
U+307E,100249371_00018_1,852,468,B0001,C0062,43,100
U+305C,100249371_00018_1,837,568,B0001,C0063,111,82
U+53C8,100249371_00018_1,822,672,B0001,C0064,102,84
U+9752,100249371_00018_1,856,756,B0001,C0065,51,151
U+7C89,100249371_00018_1,838,907,B0001,C0066,101,116
U+3092,100249371_00018_1,842,1024,B0001,C0067,81,76
U+898B,100249371_00018_1,837,1123,B0001,C0068,76,95
U+306F,100249371_00018_1,848,1228,B0001,C0069,47,81
U+304B,100249371_00018_1,862,1309,B0001,C0070,32,64
U+3089,100249371_00018_1,862,1373,B0001,C0071,21,82
U+3072,100249371_00018_1,840,1458,B0001,C0072,73,70
U+306B,100249371_00018_1,870,1542,B0001,C0073,28,54
U+5165,100249371_00018_1,822,1610,B0001,C0074,104,83
U+308C,100249371_00018_1,854,1671,B0001,C0075,49,111
U+3088,100249371_00018_1,869,1803,B0001,C0076,26,61
U+304F,100249371_00018_1,863,1864,B0001,C0077,29,72
U+3031,100249371_00018_1,863,1901,B0001,C0078,48,138
U+304B,100249371_00018_1,856,2044,B0001,C0079,41,69
U+304D,100249371_00018_1,841,2113,B0001,C0080,76,78
U+307E,100249371_00018_1,864,2191,B0001,C0081,37,90
U+305C,100249371_00018_1,846,2267,B0001,C0082,92,104
U+5341,100249371_00018_1,847,2391,B0001,C0083,67,74
U+5206,100249371_00018_1,865,2483,B0001,C0084,58,111
U+306B,100249371_00018_1,874,2651,B0001,C0085,24,70
U+7149,100249371_00018_1,656,474,B0001,C0086,97,86
U+308A,100249371_00018_1,695,562,B0001,C0087,48,85
U+5408,100249371_00018_1,686,654,B0001,C0088,56,113
U+3057,100249371_00018_1,705,782,B0001,C0089,14,90
U+7D30,100249371_00018_1,668,896,B0001,C0090,92,81
U+9577,100249371_00018_1,680,996,B0001,C0091,64,87
U+304F,100249371_00018_1,699,1095,B0001,C0092,26,68
U+68D2,100249371_00018_1,660,1198,B0001,C0093,97,98
U+306E,100249371_00018_1,683,1323,B0001,C0094,56,50
U+304F,100249371_00018_1,694,1491,B0001,C0095,34,85
U+306B,100249371_00018_1,673,1581,B0001,C0096,73,57
U+7149,100249371_00018_1,658,1683,B0001,C0097,97,87
U+308A,100249371_00018_1,697,1770,B0001,C0098,44,75
U+4E0A,100249371_00018_1,683,1845,B0001,C0099,59,62
U+4E09,100249371_00018_1,686,1936,B0001,C0100,53,80
U+672C,100249371_00018_1,680,2026,B0001,C0101,69,131
U+306E,100249371_00018_1,683,2178,B0001,C0102,55,63
U+7AF9,100249371_00018_1,668,2247,B0001,C0103,91,116
U+3092,100249371_00018_1,684,2363,B0001,C0104,76,83
U+3082,100249371_00018_1,701,2472,B0001,C0105,30,84
U+3064,100249371_00018_1,684,2560,B0001,C0106,60,75
U+3066,100249371_00018_1,689,2635,B0001,C0107,57,96
U+306F,100249371_00018_1,497,478,B0001,C0108,48,78
U+3055,100249371_00018_1,508,583,B0001,C0109,35,77
U+307F,100249371_00018_1,506,669,B0001,C0110,30,76
U+6D32,100249371_00018_1,484,798,B0001,C0111,95,94
U+6D5C,100249371_00018_1,484,911,B0001,C0112,82,95
U+306E,100249371_00018_1,495,1039,B0001,C0113,66,58
U+304B,100249371_00018_1,484,1126,B0001,C0114,79,44
U+305F,100249371_00018_1,515,1181,B0001,C0115,28,68
U+3061,100249371_00018_1,506,1250,B0001,C0116,49,107
U+306B,100249371_00018_1,489,1357,B0001,C0117,71,66
U+4ED5,100249371_00018_1,481,1436,B0001,C0118,86,93
U+4E0A,100249371_00018_1,494,1536,B0001,C0119,62,62
U+308B,100249371_00018_1,506,1598,B0001,C0120,47,77
U+306A,100249371_00018_1,506,1696,B0001,C0121,48,84
U+308A,100249371_00018_1,512,1783,B0001,C0122,34,93
U+25CB,100249371_00018_1,317,666,B0001,C0123,47,47
U+6C42,100249371_00018_1,292,779,B0001,C0124,95,106
U+80A5,100249371_00018_1,291,955,B0001,C0125,99,84
U+7CD5,100249371_00018_1,289,1117,B0001,C0126,104,135
U+7CEF,100249371_00018_1,126,568,B0001,C0127,94,98
U+306E,100249371_00018_1,142,742,B0001,C0128,57,58
U+7C89,100249371_00018_1,129,895,B0001,C0129,94,107
U+5BD2,100249371_00018_1,161,1066,B0001,C0130,47,121
U+3055,100249371_00018_1,168,1196,B0001,C0131,28,49
U+3089,100249371_00018_1,176,1245,B0001,C0132,18,53
U+3057,100249371_00018_1,159,1269,B0001,C0133,68,87
U+4E00,100249371_00018_1,133,1429,B0001,C0134,74,18
U+5408,100249371_00018_1,132,1570,B0001,C0135,75,121
U+6C34,100249371_00018_1,152,1758,B0001,C0136,79,93
U+306B,100249371_00018_1,182,1851,B0001,C0137,19,67
U+3066,100249371_00018_1,165,1918,B0001,C0138,48,64
U+3053,100249371_00018_1,171,1999,B0001,C0139,42,69
U+306D,100249371_00018_1,151,2068,B0001,C0140,79,68
U+3080,100249371_00018_1,154,2151,B0001,C0141,70,76
U+3057,100249371_00018_1,184,2227,B0001,C0142,23,58
U+7F6E,100249371_00018_1,159,2287,B0001,C0143,63,110
U+767D,100249371_00019_1,1537,658,B0001,C0001,74,86
U+7802,100249371_00019_1,1519,792,B0001,C0002,100,83
U+7CD6,100249371_00019_1,1516,909,B0001,C0003,104,136
U+516D,100249371_00019_1,1531,1403,B0001,C0004,84,101
U+5341,100249371_00019_1,1519,1516,B0001,C0005,101,77
U+76EE,100249371_00019_1,1542,1605,B0001,C0006,63,88
U+5225,100249371_00019_1,1572,1745,B0001,C0007,72,101
U+306B,100249371_00019_1,1593,1847,B0001,C0008,22,57
U+716E,100249371_00019_1,1574,1904,B0001,C0009,65,102
U+3066,100249371_00019_1,1572,2015,B0001,C0010,52,47
U+871C,100249371_00019_1,1560,2080,B0001,C0011,76,113
U+306B,100249371_00019_1,1566,2193,B0001,C0012,63,51
U+306A,100249371_00019_1,1571,2258,B0001,C0013,53,63
U+3057,100249371_00019_1,1587,2321,B0001,C0014,22,70
U+7F6E,100249371_00019_1,1570,2391,B0001,C0015,57,92
U+4E5F,100249371_00019_1,1573,2483,B0001,C0016,53,53
U+6C34,100249371_00019_1,1350,654,B0001,C0017,100,94
U+4E00,100249371_00019_1,1343,1430,B0001,C0018,85,19
U+5408,100249371_00019_1,1335,1499,B0001,C0019,109,109
U+4E94,100249371_00019_1,1354,1631,B0001,C0020,78,66
U+52FA,100249371_00019_1,1347,1711,B0001,C0021,68,111
U+6C41,100249371_00019_1,1171,651,B0001,C0022,91,147
U+98F4,100249371_00019_1,1153,935,B0001,C0023,110,111
U+5C11,100249371_00019_1,1183,1424,B0001,C0024,75,111
U+3057,100249371_00019_1,1208,1557,B0001,C0025,21,156
U+53F3,100249371_00019_1,999,474,B0001,C0026,80,92
U+56DB,100249371_00019_1,998,602,B0001,C0027,80,55
U+5473,100249371_00019_1,982,682,B0001,C0028,107,91
U+6587,100249371_00019_1,998,804,B0001,C0029,88,103
U+706B,100249371_00019_1,1012,907,B0001,C0030,63,104
U+306B,100249371_00019_1,1034,1026,B0001,C0031,24,64
U+3066,100249371_00019_1,1016,1102,B0001,C0032,57,69
U+3086,100249371_00019_1,1010,1183,B0001,C0033,77,80
U+308B,100249371_00019_1,1021,1263,B0001,C0034,45,58
U+3031,100249371_00019_1,1035,1323,B0001,C0035,55,146
U+3068,100249371_00019_1,1029,1479,B0001,C0036,32,79
U+716E,100249371_00019_1,1000,1556,B0001,C0037,92,132
U+308B,100249371_00019_1,1029,1688,B0001,C0038,46,80
U+306A,100249371_00019_1,1014,1768,B0001,C0039,61,106
U+308A,100249371_00019_1,1021,1874,B0001,C0040,38,84
U+9577,100249371_00019_1,1005,1991,B0001,C0041,69,115
U+65E5,100249371_00019_1,1012,2115,B0001,C0042,56,71
U+306A,100249371_00019_1,1007,2202,B0001,C0043,67,65
U+308C,100249371_00019_1,1010,2267,B0001,C0044,53,131
U+3070,100249371_00019_1,999,2389,B0001,C0045,115,76
U+4E00,100249371_00019_1,1001,2487,B0001,C0046,72,17
U+6642,100249371_00019_1,989,2530,B0001,C0047,102,95
U+534A,100249371_00019_1,1008,2622,B0001,C0048,66,121
U+307B,100249371_00019_1,823,493,B0001,C0049,85,68
U+3068,100249371_00019_1,861,553,B0001,C0050,16,85
U+77ED,100249371_00019_1,815,668,B0001,C0051,98,89
U+65E5,100249371_00019_1,840,778,B0001,C0052,55,65
U+306A,100249371_00019_1,835,872,B0001,C0053,65,93
U+308C,100249371_00019_1,823,965,B0001,C0054,87,81
U+3070,100249371_00019_1,841,1042,B0001,C0055,108,65
U+4E8C,100249371_00019_1,832,1146,B0001,C0056,78,58
U+6642,100249371_00019_1,821,1238,B0001,C0057,88,92
U+534A,100249371_00019_1,839,1330,B0001,C0058,52,109
U+307B,100249371_00019_1,829,1458,B0001,C0059,79,68
U+3069,100249371_00019_1,863,1522,B0001,C0060,70,75
U+624B,100249371_00019_1,842,1603,B0001,C0061,48,128
U+3092,100249371_00019_1,826,1748,B0001,C0062,86,62
U+6B62,100249371_00019_1,812,1833,B0001,C0063,95,69
U+3081,100249371_00019_1,839,1902,B0001,C0064,59,69
U+305A,100249371_00019_1,837,1968,B0001,C0065,97,98
U+64B9,100249371_00019_1,810,2093,B0001,C0066,95,122
U+305B,100249371_00019_1,832,2215,B0001,C0067,64,79
U+716E,100249371_00019_1,832,2308,B0001,C0068,80,127
U+308B,100249371_00019_1,857,2437,B0001,C0069,42,74
U+4E5F,100249371_00019_1,839,2511,B0001,C0070,67,75
U+53F3,100249371_00019_1,663,478,B0001,C0071,78,94
U+3088,100249371_00019_1,692,605,B0001,C0072,31,63
U+304F,100249371_00019_1,683,668,B0001,C0073,35,93
U+716E,100249371_00019_1,660,766,B0001,C0074,78,109
U+305F,100249371_00019_1,686,875,B0001,C0075,40,72
U+308B,100249371_00019_1,688,947,B0001,C0076,31,75
U+3082,100249371_00019_1,684,1031,B0001,C0077,42,87
U+306E,100249371_00019_1,667,1118,B0001,C0078,67,81
U+3092,100249371_00019_1,670,1199,B0001,C0079,75,83
U+5225,100249371_00019_1,663,1295,B0001,C0080,85,115
U+306E,100249371_00019_1,682,1404,B0001,C0081,45,65
U+5668,100249371_00019_1,663,1471,B0001,C0082,77,100
U+306B,100249371_00019_1,659,1581,B0001,C0083,73,62
U+5927,100249371_00019_1,655,1674,B0001,C0084,80,96
U+6975,100249371_00019_1,648,1770,B0001,C0085,98,106
U+4E0A,100249371_00019_1,674,1878,B0001,C0086,57,84
U+3005,100249371_00019_1,688,1962,B0001,C0087,21,81
U+306E,100249371_00019_1,669,2062,B0001,C0088,64,55
U+3068,100249371_00019_1,677,2128,B0001,C0089,50,70
U+308A,100249371_00019_1,682,2198,B0001,C0090,39,72
U+7C89,100249371_00019_1,650,2270,B0001,C0091,111,107
U+3092,100249371_00019_1,670,2389,B0001,C0092,70,63
U+3057,100249371_00019_1,651,2463,B0001,C0093,105,82
U+304D,100249371_00019_1,682,2545,B0001,C0094,46,94
U+7F6E,100249371_00019_1,662,2639,B0001,C0095,84,99
U+5176,100249371_00019_1,491,484,B0001,C0096,44,127
U+4E0A,100249371_00019_1,476,611,B0001,C0097,62,86
U+3078,100249371_00019_1,505,697,B0001,C0098,26,45
U+3068,100249371_00019_1,488,754,B0001,C0099,48,74
U+308D,100249371_00019_1,473,828,B0001,C0100,81,82
U+308A,100249371_00019_1,504,910,B0001,C0101,38,52
U+3068,100249371_00019_1,506,962,B0001,C0102,28,72
U+6D41,100249371_00019_1,477,1041,B0001,C0103,92,81
U+3057,100249371_00019_1,524,1124,B0001,C0104,16,69
U+8FBC,100249371_00019_1,467,1196,B0001,C0105,95,91
U+306A,100249371_00019_1,486,1302,B0001,C0106,68,76
U+308A,100249371_00019_1,512,1378,B0001,C0107,31,74
U+4E00,100249371_00019_1,486,1469,B0001,C0108,76,17
U+591C,100249371_00019_1,480,1506,B0001,C0109,85,127
U+3092,100249371_00019_1,487,1644,B0001,C0110,79,78
U+7D4C,100249371_00019_1,473,1726,B0001,C0111,102,109
U+308C,100249371_00019_1,499,1827,B0001,C0112,49,101
U+3070,100249371_00019_1,490,1922,B0001,C0113,100,63
U+81EA,100249371_00019_1,507,1993,B0001,C0114,32,83
U+7136,100249371_00019_1,477,2073,B0001,C0115,109,104
U+3068,100249371_00019_1,498,2183,B0001,C0116,36,67
U+51FA,100249371_00019_1,481,2270,B0001,C0117,86,64
U+6765,100249371_00019_1,482,2325,B0001,C0118,86,117
U+4E0A,100249371_00019_1,494,2443,B0001,C0119,63,77
U+308B,100249371_00019_1,517,2520,B0001,C0120,34,88
U+4E5F,100249371_00019_1,479,2608,B0001,C0121,88,67
U+25CB,100249371_00019_1,309,679,B0001,C0122,57,57
U+76CA,100249371_00019_1,290,791,B0001,C0123,95,111
U+5BFF,100249371_00019_1,288,918,B0001,C0124,98,165
U+7CD5,100249371_00019_1,287,1127,B0001,C0125,109,104
U+7CEF,100249371_00019_1,123,677,B0001,C0126,92,103
U+306E,100249371_00019_1,137,840,B0001,C0127,55,88
U+7C89,100249371_00019_1,123,978,B0001,C0128,96,104
U+5BD2,100249371_00019_1,171,1114,B0001,C0129,53,119
U+3055,100249371_00019_1,189,1233,B0001,C0130,18,49
U+3089,100249371_00019_1,181,1284,B0001,C0131,29,43
U+3057,100249371_00019_1,192,1327,B0001,C0132,12,79
U+4E00,100249371_00019_1,128,1471,B0001,C0133,70,9
U+5408,100249371_00019_1,123,1607,B0001,C0134,80,103
U+767D,100249371_00019_2,1607,635,B0001,C0001,54,97
U+7802,100249371_00019_2,1587,799,B0001,C0002,86,97
U+7CD6,100249371_00019_2,1579,957,B0001,C0003,92,128
U+516D,100249371_00019_2,1600,1401,B0001,C0004,69,75
U+5341,100249371_00019_2,1598,1507,B0001,C0005,66,85
U+76EE,100249371_00019_2,1612,1652,B0001,C0006,48,108
U+5225,100249371_00019_2,1601,1826,B0001,C0007,69,126
U+306B,100249371_00019_2,1624,1937,B0001,C0008,28,43
U+716E,100249371_00019_2,1599,1986,B0001,C0009,67,114
U+3066,100249371_00019_2,1611,2100,B0001,C0010,49,69
U+871C,100249371_00019_2,1598,2159,B0001,C0011,69,126
U+306B,100249371_00019_2,1622,2302,B0001,C0012,21,51
U+3057,100249371_00019_2,1627,2353,B0001,C0013,14,58
U+3066,100249371_00019_2,1611,2413,B0001,C0014,41,59
U+7F6E,100249371_00019_2,1600,2482,B0001,C0015,56,89
U+4E5F,100249371_00019_2,1601,2581,B0001,C0016,70,47
U+6C41,100249371_00019_2,1420,628,B0001,C0017,71,195
U+98F4,100249371_00019_2,1419,963,B0001,C0018,84,119
U+4E94,100249371_00019_2,1425,1400,B0001,C0019,80,75
U+5341,100249371_00019_2,1421,1507,B0001,C0020,78,104
U+76EE,100249371_00019_2,1433,1657,B0001,C0021,68,107
U+6842,100249371_00019_2,1222,644,B0001,C0022,92,120
U+8F9B,100249371_00019_2,1248,942,B0001,C0023,66,146
U+4E09,100249371_00019_2,1246,1408,B0001,C0024,74,87
U+5206,100249371_00019_2,1249,1650,B0001,C0025,71,125
U+80E1,100249371_00019_2,1053,646,B0001,C0026,93,104
U+6912,100249371_00019_2,1055,968,B0001,C0027,110,137
U+4E09,100249371_00019_2,1073,1418,B0001,C0028,62,77
U+5206,100249371_00019_2,1080,1641,B0001,C0029,62,145
U+6E05,100249371_00019_2,889,630,B0001,C0030,79,129
U+6C34,100249371_00019_2,886,973,B0001,C0031,101,116
U+4E00,100249371_00019_2,909,1423,B0001,C0032,72,17
U+5408,100249371_00019_2,896,1491,B0001,C0033,78,120
U+4E94,100249371_00019_2,903,1630,B0001,C0034,75,61
U+52FA,100249371_00019_2,902,1710,B0001,C0035,65,104
U+53F3,100249371_00019_2,704,455,B0001,C0036,78,89
U+516D,100249371_00019_2,697,560,B0001,C0037,91,76
U+5473,100249371_00019_2,695,649,B0001,C0038,99,103
U+3088,100249371_00019_2,745,778,B0001,C0039,28,69
U+304F,100249371_00019_2,737,847,B0001,C0040,28,81
U+4EA4,100249371_00019_2,696,948,B0001,C0041,88,122
U+305C,100249371_00019_2,724,1078,B0001,C0042,90,72
U+5408,100249371_00019_2,720,1170,B0001,C0043,61,116
U+305B,100249371_00019_2,731,1286,B0001,C0044,52,74
U+6587,100249371_00019_2,712,1398,B0001,C0045,78,85
U+706B,100249371_00019_2,717,1503,B0001,C0046,76,109
U+306B,100249371_00019_2,747,1609,B0001,C0047,20,68
U+3066,100249371_00019_2,726,1677,B0001,C0048,59,78
U+3086,100249371_00019_2,723,1767,B0001,C0049,68,75
U+308B,100249371_00019_2,732,1842,B0001,C0050,37,52
U+3031,100249371_00019_2,741,1876,B0001,C0051,51,144
U+624B,100249371_00019_2,740,2024,B0001,C0052,59,121
U+3092,100249371_00019_2,724,2162,B0001,C0053,68,76
U+3084,100249371_00019_2,716,2262,B0001,C0054,79,69
U+3081,100249371_00019_2,718,2331,B0001,C0055,69,66
U+305A,100249371_00019_2,724,2397,B0001,C0056,87,89
U+64B9,100249371_00019_2,697,2497,B0001,C0057,106,118
U+305C,100249371_00019_2,731,2622,B0001,C0058,111,85
U+306B,100249371_00019_2,554,463,B0001,C0059,28,71
U+308B,100249371_00019_2,555,534,B0001,C0060,38,63
U+306A,100249371_00019_2,548,613,B0001,C0061,50,85
U+308A,100249371_00019_2,561,699,B0001,C0062,33,93
U+9577,100249371_00019_2,544,806,B0001,C0063,68,97
U+65E5,100249371_00019_2,555,924,B0001,C0064,54,60
U+306A,100249371_00019_2,548,1008,B0001,C0065,64,78
U+308C,100249371_00019_2,559,1087,B0001,C0066,52,113
U+3070,100249371_00019_2,557,1206,B0001,C0067,100,62
U+4E00,100249371_00019_2,544,1309,B0001,C0068,67,11
U+6642,100249371_00019_2,536,1350,B0001,C0069,96,122
U+534A,100249371_00019_2,555,1458,B0001,C0070,61,147
U+77ED,100249371_00019_2,533,1622,B0001,C0071,99,97
U+65E5,100249371_00019_2,565,1741,B0001,C0072,51,70
U+306A,100249371_00019_2,554,1835,B0001,C0073,62,58
U+308C,100249371_00019_2,561,1899,B0001,C0074,55,109
U+3070,100249371_00019_2,555,2008,B0001,C0075,82,64
U+4E8C,100249371_00019_2,549,2102,B0001,C0076,77,56
U+6642,100249371_00019_2,551,2178,B0001,C0077,81,88
U+534A,100249371_00019_2,559,2266,B0001,C0078,55,115
U+3070,100249371_00019_2,570,2392,B0001,C0079,81,86
U+304B,100249371_00019_2,570,2479,B0001,C0080,35,85
U+308A,100249371_00019_2,570,2564,B0001,C0081,38,116
U+716E,100249371_00019_2,342,453,B0001,C0082,78,152
U+3064,100249371_00019_2,358,637,B0001,C0083,73,60
U+3081,100249371_00019_2,365,697,B0001,C0084,60,58
U+308B,100249371_00019_2,371,755,B0001,C0085,48,82
U+306A,100249371_00019_2,370,856,B0001,C0086,54,91
U+308A,100249371_00019_2,383,947,B0001,C0087,39,110
U+53F3,100249371_00019_2,176,461,B0001,C0088,84,90
U+306E,100249371_00019_2,199,571,B0001,C0089,44,65
U+901A,100249371_00019_2,187,636,B0001,C0090,69,115
U+3088,100249371_00019_2,205,771,B0001,C0091,33,59
U+304F,100249371_00019_2,205,834,B0001,C0092,27,78
U+716E,100249371_00019_2,180,916,B0001,C0093,79,126
U+305F,100249371_00019_2,207,1042,B0001,C0094,37,72
U+308B,100249371_00019_2,196,1114,B0001,C0095,42,69
U+3082,100249371_00019_2,207,1194,B0001,C0096,35,93
U+306E,100249371_00019_2,187,1287,B0001,C0097,65,69
U+3092,100249371_00019_2,178,1381,B0001,C0098,70,75
U+5225,100249371_00019_2,181,1465,B0001,C0099,78,114
U+306E,100249371_00019_2,196,1582,B0001,C0100,55,52
U+5668,100249371_00019_2,178,1639,B0001,C0101,87,106
U+306B,100249371_00019_2,176,1759,B0001,C0102,91,58
U+3068,100249371_00019_2,192,1848,B0001,C0103,46,62
U+308A,100249371_00019_2,206,1913,B0001,C0104,32,67
U+7C89,100249371_00019_2,173,1990,B0001,C0105,111,103
U+3092,100249371_00019_2,176,2111,B0001,C0106,83,63
U+3057,100249371_00019_2,220,2188,B0001,C0107,14,77
U+304D,100249371_00019_2,204,2265,B0001,C0108,35,108
U+7F6E,100249371_00019_2,192,2376,B0001,C0109,62,111
U+304D,100249371_00019_2,206,2491,B0001,C0110,45,96
U+5176,100249371_00019_2,196,2605,B0001,C0111,45,96
U+4E0A,100249371_00020_1,1546,474,B0001,C0001,62,91
U+306B,100249371_00020_1,1542,565,B0001,C0002,79,68
U+3068,100249371_00020_1,1559,665,B0001,C0003,45,80
U+308D,100249371_00020_1,1545,746,B0001,C0004,73,90
U+308A,100249371_00020_1,1566,836,B0001,C0005,38,98
U+3068,100249371_00020_1,1568,934,B0001,C0006,32,83
U+6D41,100249371_00020_1,1545,1041,B0001,C0007,90,87
U+3057,100249371_00020_1,1585,1128,B0001,C0008,15,100
U+8FBC,100249371_00020_1,1540,1240,B0001,C0009,98,85
U+306A,100249371_00020_1,1563,1345,B0001,C0010,52,77
U+308A,100249371_00020_1,1573,1422,B0001,C0011,40,81
U+4E00,100249371_00020_1,1554,1537,B0001,C0012,71,12
U+591C,100249371_00020_1,1548,1567,B0001,C0013,89,129
U+3092,100249371_00020_1,1561,1696,B0001,C0014,66,90
U+7D4C,100249371_00020_1,1541,1815,B0001,C0015,97,109
U+308C,100249371_00020_1,1557,1900,B0001,C0016,64,118
U+3070,100249371_00020_1,1557,2018,B0001,C0017,100,73
U+81EA,100249371_00020_1,1574,2091,B0001,C0018,30,98
U+7136,100249371_00020_1,1526,2189,B0001,C0019,133,90
U+3068,100249371_00020_1,1588,2279,B0001,C0020,31,75
U+51FA,100249371_00020_1,1549,2363,B0001,C0021,89,63
U+6765,100249371_00020_1,1553,2426,B0001,C0022,84,116
U+4E0A,100249371_00020_1,1564,2542,B0001,C0023,61,72
U+308B,100249371_00020_1,1574,2616,B0001,C0024,42,58
U+4E5F,100249371_00020_1,1572,2674,B0001,C0025,71,56
U+25CB,100249371_00020_1,1368,677,B0001,C0026,58,57
U+767D,100249371_00020_1,1362,805,B0001,C0027,66,98
U+96EA,100249371_00020_1,1343,955,B0001,C0028,99,108
U+7CD5,100249371_00020_1,1349,1110,B0001,C0029,108,124
U+7C89,100249371_00020_1,1167,679,B0001,C0030,115,115
U+767E,100249371_00020_1,1181,1443,B0001,C0031,86,106
U+76EE,100249371_00020_1,1200,1687,B0001,C0032,60,100
U+7C89,100249371_00020_1,1200,1861,B0001,C0033,102,99
U+306E,100249371_00020_1,1218,1960,B0001,C0034,58,58
U+3053,100249371_00020_1,1230,2029,B0001,C0035,30,44
U+3057,100249371_00020_1,1228,2073,B0001,C0036,31,52
U+3089,100249371_00020_1,1218,2125,B0001,C0037,46,65
U+3078,100249371_00020_1,1198,2190,B0001,C0038,90,38
U+3084,100249371_00020_1,1206,2230,B0001,C0039,78,44
U+3046,100249371_00020_1,1227,2274,B0001,C0040,32,49
U+843D,100249371_00020_1,1209,2324,B0001,C0041,75,109
U+96C1,100249371_00020_1,1208,2433,B0001,C0042,61,66
U+7CD6,100249371_00020_1,1198,2477,B0001,C0043,87,101
U+306B,100249371_00020_1,1232,2579,B0001,C0044,22,42
U+3042,100249371_00020_1,1204,2635,B0001,C0045,66,47
U+308A,100249371_00020_1,1218,2682,B0001,C0046,39,46
U+7802,100249371_00020_1,988,681,B0001,C0047,109,117
U+7CD6,100249371_00020_1,991,919,B0001,C0048,114,131
U+516B,100249371_00020_1,1014,1433,B0001,C0049,90,57
U+5341,100249371_00020_1,1022,1559,B0001,C0050,61,111
U+76EE,100249371_00020_1,1019,1702,B0001,C0051,70,102
U+714E,100249371_00020_1,821,681,B0001,C0052,114,126
U+3058,100249371_00020_1,871,820,B0001,C0053,85,128
U+7802,100249371_00020_1,827,957,B0001,C0054,106,87
U+7CD6,100249371_00020_1,818,1066,B0001,C0055,120,128
U+5F10,100249371_00020_1,845,1432,B0001,C0056,88,113
U+5341,100249371_00020_1,842,1578,B0001,C0057,65,104
U+76EE,100249371_00020_1,846,1701,B0001,C0058,67,109
U+714E,100249371_00020_1,840,1851,B0001,C0059,73,87
U+3058,100249371_00020_1,887,1941,B0001,C0060,37,49
U+3055,100249371_00020_1,863,1990,B0001,C0061,39,59
U+3068,100249371_00020_1,866,2052,B0001,C0062,39,51
U+3046,100249371_00020_1,873,2103,B0001,C0063,28,69
U+306E,100249371_00020_1,862,2176,B0001,C0064,49,48
U+3053,100249371_00020_1,851,2230,B0001,C0065,56,61
U+3057,100249371_00020_1,870,2291,B0001,C0066,33,55
U+3089,100249371_00020_1,858,2346,B0001,C0067,44,66
U+3078,100249371_00020_1,846,2414,B0001,C0068,76,43
U+306F,100249371_00020_1,857,2457,B0001,C0069,57,33
U+6C42,100249371_00020_1,843,2490,B0001,C0070,82,72
U+80A5,100249371_00020_1,848,2562,B0001,C0071,76,56
U+7CD6,100249371_00020_1,843,2618,B0001,C0072,94,66
U+306B,100249371_00020_1,865,2681,B0001,C0073,59,42
U+6709,100249371_00020_1,865,2717,B0001,C0074,40,38
U+53F3,100249371_00020_1,657,488,B0001,C0075,99,102
U+4E09,100249371_00020_1,668,615,B0001,C0076,61,89
U+54C1,100249371_00020_1,657,704,B0001,C0077,95,77
U+3088,100249371_00020_1,691,789,B0001,C0078,33,64
U+304F,100249371_00020_1,684,853,B0001,C0079,36,74
U+307E,100249371_00020_1,685,944,B0001,C0080,41,106
U+305B,100249371_00020_1,667,1052,B0001,C0081,76,85
U+5408,100249371_00020_1,661,1137,B0001,C0082,79,106
U+3057,100249371_00020_1,695,1248,B0001,C0083,21,106
U+84B8,100249371_00020_1,667,1362,B0001,C0084,74,138
U+7BED,100249371_00020_1,674,1504,B0001,C0085,84,149
U+306B,100249371_00020_1,697,1660,B0001,C0086,20,63
U+3066,100249371_00020_1,679,1724,B0001,C0087,55,72
U+3080,100249371_00020_1,668,1827,B0001,C0088,84,97
U+3059,100249371_00020_1,672,1924,B0001,C0089,69,94
U+4E5F,100249371_00020_1,672,2020,B0001,C0090,82,71
U+25CB,100249371_00020_1,499,500,B0001,C0091,52,54
U+84B8,100249371_00020_1,481,589,B0001,C0092,84,128
U+7BED,100249371_00020_1,479,738,B0001,C0093,79,124
U+306E,100249371_00020_1,495,878,B0001,C0094,59,56
U+6CD5,100249371_00020_1,477,969,B0001,C0095,91,113
U+306F,100249371_00020_1,487,1105,B0001,C0096,66,41
U+9905,100249371_00020_1,463,1218,B0001,C0097,112,130
U+3092,100249371_00020_1,491,1348,B0001,C0098,60,80
U+3080,100249371_00020_1,489,1439,B0001,C0099,72,82
U+3059,100249371_00020_1,493,1521,B0001,C0100,60,95
U+304F,100249371_00020_1,510,1709,B0001,C0101,29,91
U+3057,100249371_00020_1,513,1806,B0001,C0102,21,75
U+3066,100249371_00020_1,492,1881,B0001,C0103,56,71
U+5185,100249371_00020_1,496,1969,B0001,C0104,70,85
U+3078,100249371_00020_1,494,2082,B0001,C0105,77,42
U+308F,100249371_00020_1,519,2128,B0001,C0106,30,79
U+304F,100249371_00020_1,513,2207,B0001,C0107,37,86
U+3092,100249371_00020_1,492,2293,B0001,C0108,64,88
U+3053,100249371_00020_1,513,2395,B0001,C0109,35,57
U+3078,100249371_00020_1,491,2658,B0001,C0110,76,64
U+5176,100249371_00020_1,322,576,B0001,C0111,40,125
U+4E2D,100249371_00020_1,309,701,B0001,C0112,68,124
U+306B,100249371_00020_1,301,825,B0001,C0113,84,64
U+5E03,100249371_00020_1,294,908,B0001,C0114,84,104
U+5DFE,100249371_00020_1,307,1021,B0001,C0115,69,111
U+3092,100249371_00020_1,303,1140,B0001,C0116,76,69
U+3057,100249371_00020_1,307,1211,B0001,C0117,70,96
U+304D,100249371_00020_1,324,1307,B0001,C0118,43,104
U+3066,100249371_00020_1,312,1411,B0001,C0119,54,78
U+5176,100249371_00020_1,324,1501,B0001,C0120,38,119
U+4E0A,100249371_00020_1,318,1623,B0001,C0121,47,77
U+3078,100249371_00020_1,295,1700,B0001,C0122,100,64
U+53F3,100249371_00020_1,302,1770,B0001,C0123,80,86
U+306E,100249371_00020_1,321,1876,B0001,C0124,58,59
U+307E,100249371_00020_1,328,1939,B0001,C0125,40,110
U+305B,100249371_00020_1,308,2049,B0001,C0126,69,88
U+5408,100249371_00020_1,303,2137,B0001,C0127,79,111
U+3057,100249371_00020_1,348,2248,B0001,C0128,18,49
U+305F,100249371_00020_1,329,2297,B0001,C0129,41,70
U+308B,100249371_00020_1,324,2367,B0001,C0130,45,78
U+767D,100249371_00020_1,318,2480,B0001,C0131,70,122
U+96EA,100249371_00020_1,322,2602,B0001,C0132,60,127
U+7CD5,100249371_00020_1,125,598,B0001,C0133,78,108
U+3092,100249371_00020_1,134,735,B0001,C0134,66,75
U+5165,100249371_00020_1,132,858,B0001,C0135,71,52
U+308B,100249371_00020_1,161,910,B0001,C0136,29,92
U+306A,100249371_00020_1,146,1005,B0001,C0137,52,89
U+308A,100249371_00020_1,153,1096,B0001,C0138,40,75
U+5C24,100249371_00020_1,140,1199,B0001,C0139,73,107
U+3088,100249371_00020_1,165,1334,B0001,C0140,32,47
U+304F,100249371_00020_1,158,1381,B0001,C0141,26,89
U+304A,100249371_00020_1,137,1488,B0001,C0142,73,60
U+3057,100249371_00020_1,177,1545,B0001,C0143,24,68
U+4ED8,100249371_00020_1,147,1613,B0001,C0144,59,105
U+3066,100249371_00020_1,151,1718,B0001,C0145,47,71
U+84B8,100249371_00020_1,142,1794,B0001,C0146,71,134
U+306A,100249371_00020_1,145,1944,B0001,C0147,57,88
U+308A,100249371_00020_1,163,2032,B0001,C0148,38,77
U+84B8,100249371_00020_1,143,2134,B0001,C0149,71,134
U+304B,100249371_00020_1,167,2279,B0001,C0150,23,55
U+3052,100249371_00020_1,155,2334,B0001,C0151,68,86
U+3093,100249371_00020_1,146,2431,B0001,C0152,87,68
U+306F,100249371_00020_1,158,2523,B0001,C0153,63,45
U+6E6F,100249371_00020_1,152,2598,B0001,C0154,93,127
U+6C17,100249371_00020_2,1608,450,B0001,C0001,66,146
U+901A,100249371_00020_2,1610,622,B0001,C0002,64,107
U+308B,100249371_00020_2,1622,728,B0001,C0003,38,74
U+304B,100249371_00020_2,1620,804,B0001,C0004,34,53
U+901A,100249371_00020_2,1612,883,B0001,C0005,70,115
U+3089,100249371_00020_2,1640,998,B0001,C0006,19,70
U+306C,100249371_00020_2,1594,1089,B0001,C0007,82,76
U+304B,100249371_00020_2,1626,1180,B0001,C0008,31,35
U+7A0B,100249371_00020_2,1582,1255,B0001,C0009,95,105
U+306B,100249371_00020_2,1604,1360,B0001,C0010,68,74
U+3080,100249371_00020_2,1600,1459,B0001,C0011,74,76
U+3057,100249371_00020_2,1628,1535,B0001,C0012,42,101
U+3066,100249371_00020_2,1605,1636,B0001,C0013,60,69
U+3088,100249371_00020_2,1630,1725,B0001,C0014,28,68
U+304D,100249371_00020_2,1623,1793,B0001,C0015,37,109
U+4E5F,100249371_00020_2,1608,1897,B0001,C0016,70,69
U+25CB,100249371_00020_2,1435,616,B0001,C0017,56,59
U+990A,100249371_00020_2,1424,749,B0001,C0018,92,168
U+547D,100249371_00020_2,1420,962,B0001,C0019,93,146
U+7CD6,100249371_00020_2,1401,1158,B0001,C0020,116,124
U+7CEF,100249371_00020_2,1227,617,B0001,C0021,119,112
U+306E,100249371_00020_2,1260,800,B0001,C0022,58,44
U+7C89,100249371_00020_2,1233,928,B0001,C0023,110,111
U+5BD2,100249371_00020_2,1295,1068,B0001,C0024,54,120
U+3055,100249371_00020_2,1316,1188,B0001,C0025,29,46
U+3089,100249371_00020_2,1318,1234,B0001,C0026,21,46
U+3057,100249371_00020_2,1301,1225,B0001,C0027,53,93
U+4E94,100249371_00020_2,1251,1405,B0001,C0028,90,76
U+5408,100249371_00020_2,1237,1538,B0001,C0029,128,136
U+845B,100249371_00020_2,1071,612,B0001,C0030,73,150
U+306E,100249371_00020_2,1085,802,B0001,C0031,56,63
U+7C89,100249371_00020_2,1067,933,B0001,C0032,92,110
U+4E94,100249371_00020_2,1066,1395,B0001,C0033,95,83
U+5341,100249371_00020_2,1065,1491,B0001,C0034,79,87
U+76EE,100249371_00020_2,1083,1593,B0001,C0035,60,94
U+592A,100249371_00020_2,886,620,B0001,C0036,96,110
U+767D,100249371_00020_2,904,746,B0001,C0037,59,74
U+7802,100249371_00020_2,884,843,B0001,C0038,105,84
U+7CD6,100249371_00020_2,889,929,B0001,C0039,101,107
U+4E94,100249371_00020_2,887,1402,B0001,C0040,88,72
U+767E,100249371_00020_2,875,1495,B0001,C0041,109,86
U+76EE,100249371_00020_2,903,1595,B0001,C0042,61,94
U+5225,100249371_00020_2,903,1779,B0001,C0043,80,113
U+306B,100249371_00020_2,935,1892,B0001,C0044,30,75
U+3042,100249371_00020_2,916,1977,B0001,C0045,61,78
U+304B,100249371_00020_2,928,2055,B0001,C0046,37,45
U+3092,100249371_00020_2,914,2100,B0001,C0047,64,73
U+3055,100249371_00020_2,929,2186,B0001,C0048,41,61
U+308A,100249371_00020_2,921,2247,B0001,C0049,38,80
U+7F6E,100249371_00020_2,915,2327,B0001,C0050,68,93
U+6E05,100249371_00020_2,723,610,B0001,C0051,82,141
U+6C34,100249371_00020_2,721,923,B0001,C0052,105,114
U+767E,100249371_00020_2,721,1411,B0001,C0053,80,86
U+76EE,100249371_00020_2,725,1588,B0001,C0054,67,102
U+53F3,100249371_00020_2,540,452,B0001,C0055,97,103
U+56DB,100249371_00020_2,554,572,B0001,C0056,77,80
U+5473,100249371_00020_2,535,652,B0001,C0057,100,86
U+64B9,100249371_00020_2,534,767,B0001,C0058,102,105
U+305C,100249371_00020_2,549,886,B0001,C0059,96,84
U+3088,100249371_00020_2,578,993,B0001,C0060,34,59
U+304F,100249371_00020_2,573,1052,B0001,C0061,31,67
U+3068,100249371_00020_2,550,1127,B0001,C0062,69,82
U+304D,100249371_00020_2,557,1209,B0001,C0063,59,116
U+70AD,100249371_00020_2,544,1333,B0001,C0064,75,123
U+706B,100249371_00020_2,551,1456,B0001,C0065,75,101
U+306B,100249371_00020_2,578,1557,B0001,C0066,21,58
U+3066,100249371_00020_2,558,1620,B0001,C0067,56,67
U+7149,100249371_00020_2,533,1696,B0001,C0068,98,114
U+3064,100249371_00020_2,542,1810,B0001,C0069,76,66
U+3081,100249371_00020_2,545,1879,B0001,C0070,74,74
U+4E2D,100249371_00020_2,539,1975,B0001,C0071,85,115
U+307B,100249371_00020_2,539,2090,B0001,C0072,81,74
U+3069,100249371_00020_2,570,2164,B0001,C0073,74,82
U+306B,100249371_00020_2,566,2246,B0001,C0074,23,70
U+3066,100249371_00020_2,547,2316,B0001,C0075,64,78
U+3057,100249371_00020_2,353,627,B0001,C0076,91,112
U+308B,100249371_00020_2,381,816,B0001,C0077,38,77
U+98F4,100249371_00020_2,345,936,B0001,C0078,116,103
U+4E09,100249371_00020_2,366,1407,B0001,C0079,87,79
U+767E,100249371_00020_2,359,1500,B0001,C0080,87,92
U+516B,100249371_00020_2,363,1600,B0001,C0081,100,62
U+5341,100249371_00020_2,364,1658,B0001,C0082,75,72
U+76EE,100249371_00020_2,378,1736,B0001,C0083,65,102
U+5165,100249371_00020_2,357,1875,B0001,C0084,91,75
U+3066,100249371_00020_2,391,1950,B0001,C0085,29,117
U+307E,100249371_00020_2,384,2065,B0001,C0086,39,122
U+305F,100249371_00020_2,379,2187,B0001,C0087,60,71
U+7149,100249371_00020_2,354,2277,B0001,C0088,92,101
U+308A,100249371_00020_2,398,2378,B0001,C0089,32,76
U+3064,100249371_00020_2,366,2477,B0001,C0090,76,105
U+3081,100249371_00020_2,371,2595,B0001,C0091,59,87
U+5927,100249371_00020_2,174,468,B0001,C0092,86,105
U+6982,100249371_00020_2,155,582,B0001,C0093,116,105
U+4ED5,100249371_00020_2,164,728,B0001,C0094,90,91
U+4E0A,100249371_00020_2,183,826,B0001,C0095,68,53
U+30B1,100249371_00020_2,187,906,B0001,C0096,50,52
U+306E,100249371_00020_2,191,987,B0001,C0097,55,52
U+3068,100249371_00020_2,209,1040,B0001,C0098,24,82
U+304D,100249371_00020_2,193,1122,B0001,C0099,46,125
U+82A1,100249371_00021_1,1545,621,B0001,C0001,81,157
U+5B9F,100249371_00021_1,1546,893,B0001,C0002,76,144
U+5341,100249371_00021_1,1554,1383,B0001,C0003,74,118
U+4E94,100249371_00021_1,1541,1534,B0001,C0004,86,87
U+5301,100249371_00021_1,1553,1638,B0001,C0005,61,148
U+84EE,100249371_00021_1,1349,634,B0001,C0006,93,155
U+8089,100249371_00021_1,1361,909,B0001,C0007,85,114
U+5341,100249371_00021_1,1379,1372,B0001,C0008,65,124
U+4E94,100249371_00021_1,1369,1525,B0001,C0009,84,104
U+5301,100249371_00021_1,1375,1643,B0001,C0010,51,145
U+858F,100249371_00021_1,1180,643,B0001,C0011,93,150
U+82E1,100249371_00021_1,1174,811,B0001,C0012,94,126
U+4EC1,100249371_00021_1,1175,957,B0001,C0013,108,79
U+5F10,100249371_00021_1,1187,1393,B0001,C0014,98,96
U+62FE,100249371_00021_1,1174,1519,B0001,C0015,102,108
U+5301,100249371_00021_1,1200,1658,B0001,C0016,61,138
U+5C71,100249371_00021_1,1016,652,B0001,C0017,77,114
U+85AC,100249371_00021_1,1007,897,B0001,C0018,92,142
U+5EFF,100249371_00021_1,1013,1399,B0001,C0019,81,88
U+4E94,100249371_00021_1,1010,1543,B0001,C0020,96,79
U+5301,100249371_00021_1,1026,1655,B0001,C0021,56,144
U+53F3,100249371_00021_1,827,487,B0001,C0022,85,103
U+56DB,100249371_00021_1,836,624,B0001,C0023,72,75
U+5473,100249371_00021_1,831,699,B0001,C0024,91,104
U+6975,100249371_00021_1,828,828,B0001,C0025,99,98
U+7D30,100249371_00021_1,833,942,B0001,C0026,92,107
U+672B,100249371_00021_1,836,1049,B0001,C0027,94,104
U+306B,100249371_00021_1,872,1163,B0001,C0028,28,67
U+3057,100249371_00021_1,867,1230,B0001,C0029,25,75
U+3066,100249371_00021_1,853,1305,B0001,C0030,59,76
U+307E,100249371_00021_1,870,1384,B0001,C0031,43,99
U+3076,100249371_00021_1,832,1483,B0001,C0032,107,77
U+3057,100249371_00021_1,881,1549,B0001,C0033,20,109
U+5165,100249371_00021_1,840,1661,B0001,C0034,99,68
U+307E,100249371_00021_1,878,1717,B0001,C0035,40,114
U+305F,100249371_00021_1,872,1831,B0001,C0036,49,77
U+7DF4,100249371_00021_1,842,1916,B0001,C0037,104,108
U+308A,100249371_00021_1,891,2024,B0001,C0038,31,60
U+5408,100249371_00021_1,837,2091,B0001,C0039,109,108
U+305B,100249371_00021_1,860,2199,B0001,C0040,59,81
U+6C42,100249371_00021_1,847,2280,B0001,C0041,104,125
U+80A5,100249371_00021_1,837,2432,B0001,C0042,109,91
U+7CD5,100249371_00021_1,834,2543,B0001,C0043,105,105
U+306E,100249371_00021_1,866,2656,B0001,C0044,60,71
U+304F,100249371_00021_1,699,577,B0001,C0045,29,72
U+5225,100249371_00021_1,667,654,B0001,C0046,83,112
U+5668,100249371_00021_1,676,766,B0001,C0047,86,109
U+3078,100249371_00021_1,674,904,B0001,C0048,85,33
U+3068,100249371_00021_1,707,943,B0001,C0049,26,71
U+308A,100249371_00021_1,697,1014,B0001,C0050,38,75
U+7C89,100249371_00021_1,671,1090,B0001,C0051,105,104
U+3092,100249371_00021_1,683,1214,B0001,C0052,71,72
U+3057,100249371_00021_1,686,1279,B0001,C0053,75,97
U+304D,100249371_00021_1,697,1376,B0001,C0054,58,106
U+7F6E,100249371_00021_1,683,1491,B0001,C0055,71,119
U+5176,100249371_00021_1,697,1623,B0001,C0056,53,107
U+4E0A,100249371_00021_1,692,1730,B0001,C0057,65,83
U+3078,100249371_00021_1,677,1813,B0001,C0058,90,58
U+3068,100249371_00021_1,696,1871,B0001,C0059,47,69
U+308D,100249371_00021_1,679,1940,B0001,C0060,80,88
U+308A,100249371_00021_1,701,2028,B0001,C0061,48,95
U+3068,100249371_00021_1,711,2130,B0001,C0062,33,82
U+3046,100249371_00021_1,709,2220,B0001,C0063,26,83
U+3064,100249371_00021_1,682,2310,B0001,C0064,80,40
U+3057,100249371_00021_1,723,2356,B0001,C0065,14,74
U+3088,100249371_00021_1,718,2450,B0001,C0066,32,49
U+304F,100249371_00021_1,714,2499,B0001,C0067,25,67
U+51B7,100249371_00021_1,681,2579,B0001,C0068,94,81
U+3057,100249371_00021_1,718,2636,B0001,C0069,17,104
U+4E94,100249371_00021_1,475,482,B0001,C0070,88,76
U+516D,100249371_00021_1,488,567,B0001,C0071,78,76
U+65E5,100249371_00021_1,499,668,B0001,C0072,52,68
U+3082,100249371_00021_1,499,757,B0001,C0073,49,71
U+904E,100249371_00021_1,503,848,B0001,C0074,59,92
U+3066,100249371_00021_1,503,940,B0001,C0075,54,74
U+53F3,100249371_00021_1,491,1022,B0001,C0076,88,99
U+306E,100249371_00021_1,509,1133,B0001,C0077,52,54
U+7C89,100249371_00021_1,490,1200,B0001,C0078,109,114
U+3092,100249371_00021_1,504,1329,B0001,C0079,71,76
U+5E03,100249371_00021_1,493,1405,B0001,C0080,87,119
U+306B,100249371_00021_1,522,1524,B0001,C0081,26,73
U+3066,100249371_00021_1,508,1597,B0001,C0082,55,74
U+3075,100249371_00021_1,488,1683,B0001,C0083,94,79
U+304D,100249371_00021_1,498,1762,B0001,C0084,83,87
U+3068,100249371_00021_1,527,1853,B0001,C0085,30,74
U+308A,100249371_00021_1,528,1927,B0001,C0086,35,80
U+7802,100249371_00021_1,486,2021,B0001,C0087,103,78
U+7CD6,100249371_00021_1,474,2099,B0001,C0088,109,129
U+3075,100249371_00021_1,488,2231,B0001,C0089,78,88
U+308A,100249371_00021_1,520,2325,B0001,C0090,39,65
U+304B,100249371_00021_1,528,2406,B0001,C0091,37,65
U+3051,100249371_00021_1,513,2471,B0001,C0092,72,74
U+3088,100249371_00021_1,536,2551,B0001,C0093,33,84
U+304D,100249371_00021_1,513,2635,B0001,C0094,85,87
U+307B,100249371_00021_1,302,476,B0001,C0095,77,67
U+3069,100249371_00021_1,341,533,B0001,C0096,63,74
U+306B,100249371_00021_1,335,614,B0001,C0097,37,83
U+5207,100249371_00021_1,296,710,B0001,C0098,96,80
U+3066,100249371_00021_1,335,799,B0001,C0099,26,104
U+98A8,100249371_00021_1,307,928,B0001,C0100,97,111
U+5F15,100249371_00021_1,298,1055,B0001,C0101,85,122
U+306C,100249371_00021_1,302,1177,B0001,C0102,91,95
U+3084,100249371_00021_1,302,1277,B0001,C0103,89,66
U+3046,100249371_00021_1,340,1343,B0001,C0104,31,102
U+306B,100249371_00021_1,307,1445,B0001,C0105,92,61
U+7BB1,100249371_00021_1,308,1531,B0001,C0106,84,131
U+306B,100249371_00021_1,337,1662,B0001,C0107,38,81
U+5165,100249371_00021_1,299,1753,B0001,C0108,112,85
U+304A,100249371_00021_1,295,1838,B0001,C0109,101,84
U+3051,100249371_00021_1,326,1922,B0001,C0110,72,96
U+3070,100249371_00021_1,327,1990,B0001,C0111,89,78
U+3044,100249371_00021_1,328,2090,B0001,C0112,60,39
U+3064,100249371_00021_1,320,2129,B0001,C0113,79,66
U+307E,100249371_00021_1,342,2183,B0001,C0114,42,127
U+3067,100249371_00021_1,335,2287,B0001,C0115,97,91
U+3082,100249371_00021_1,341,2390,B0001,C0116,42,89
U+305F,100249371_00021_1,327,2489,B0001,C0117,77,77
U+3082,100249371_00021_1,350,2559,B0001,C0118,32,88
U+3061,100249371_00021_1,347,2647,B0001,C0119,50,86
U+5F97,100249371_00021_1,125,494,B0001,C0120,95,83
U+308B,100249371_00021_1,165,577,B0001,C0121,32,80
U+306A,100249371_00021_1,146,657,B0001,C0122,54,105
U+308A,100249371_00021_1,164,762,B0001,C0123,39,105
U+25CB,100249371_00021_2,1600,627,B0001,C0001,57,60
U+843D,100249371_00021_2,1589,728,B0001,C0002,100,142
U+96C1,100249371_00021_2,1579,925,B0001,C0003,110,98
U+7CD5,100249371_00021_2,1582,1085,B0001,C0004,104,136
U+7C89,100249371_00021_2,1391,533,B0001,C0005,122,115
U+767E,100249371_00021_2,1414,1395,B0001,C0006,83,99
U+76EE,100249371_00021_2,1418,1565,B0001,C0007,79,114
U+7802,100249371_00021_2,1212,540,B0001,C0008,118,102
U+7CD6,100249371_00021_2,1209,751,B0001,C0009,118,128
U+516B,100249371_00021_2,1227,1398,B0001,C0010,116,58
U+5341,100249371_00021_2,1230,1494,B0001,C0011,96,71
U+76EE,100249371_00021_2,1251,1581,B0001,C0012,68,98
U+53F3,100249371_00021_2,1055,460,B0001,C0013,76,88
U+714E,100249371_00021_2,1061,565,B0001,C0014,80,122
U+3057,100249371_00021_2,1087,703,B0001,C0015,20,131
U+7802,100249371_00021_2,1040,860,B0001,C0016,107,102
U+7CD6,100249371_00021_2,1044,962,B0001,C0017,102,135
U+5F10,100249371_00021_2,1059,1109,B0001,C0018,86,96
U+5341,100249371_00021_2,1052,1226,B0001,C0019,76,72
U+5301,100249371_00021_2,1071,1306,B0001,C0020,53,110
U+5165,100249371_00021_2,1050,1425,B0001,C0021,102,72
U+3088,100249371_00021_2,1097,1514,B0001,C0022,40,68
U+304F,100249371_00021_2,1096,1582,B0001,C0023,26,87
U+4EA4,100249371_00021_2,1058,1676,B0001,C0024,92,137
U+305B,100249371_00021_2,1072,1813,B0001,C0025,64,80
U+5408,100249371_00021_2,1065,1893,B0001,C0026,80,138
U+305B,100249371_00021_2,1070,2036,B0001,C0027,74,81
U+3088,100249371_00021_2,1100,2139,B0001,C0028,36,66
U+304F,100249371_00021_2,1089,2209,B0001,C0029,30,69
U+3031,100249371_00021_2,1092,2253,B0001,C0030,52,137
U+3082,100249371_00021_2,1082,2411,B0001,C0031,44,93
U+307F,100249371_00021_2,1045,2504,B0001,C0032,111,104
U+3066,100249371_00021_2,1094,2608,B0001,C0033,31,104
U+8272,100249371_00021_2,900,465,B0001,C0034,62,156
U+3005,100249371_00021_2,925,621,B0001,C0035,21,82
U+306E,100249371_00021_2,908,730,B0001,C0036,51,59
U+5F62,100249371_00021_2,875,789,B0001,C0037,104,136
U+306B,100249371_00021_2,890,939,B0001,C0038,75,55
U+76DB,100249371_00021_2,894,1024,B0001,C0039,75,147
U+306A,100249371_00021_2,904,1189,B0001,C0040,55,99
U+308A,100249371_00021_2,917,1288,B0001,C0041,32,97
U+5C24,100249371_00021_2,902,1398,B0001,C0042,70,95
U+8272,100249371_00021_2,913,1506,B0001,C0043,49,134
U+306F,100249371_00021_2,906,1640,B0001,C0044,61,62
U+4F55,100249371_00021_2,893,1723,B0001,C0045,84,109
U+306A,100249371_00021_2,906,1832,B0001,C0046,61,85
U+308A,100249371_00021_2,912,1919,B0001,C0047,48,71
U+3068,100249371_00021_2,928,1996,B0001,C0048,23,67
U+3082,100249371_00021_2,916,2063,B0001,C0049,45,74
U+597D,100249371_00021_2,893,2165,B0001,C0050,98,78
U+306B,100249371_00021_2,933,2250,B0001,C0051,30,75
U+307E,100249371_00021_2,914,2327,B0001,C0052,52,108
U+304B,100249371_00021_2,925,2435,B0001,C0053,31,71
U+305B,100249371_00021_2,916,2506,B0001,C0054,48,89
U+3066,100249371_00021_2,914,2595,B0001,C0055,54,106
U+67D3,100249371_00021_2,698,473,B0001,C0056,90,106
U+308B,100249371_00021_2,728,579,B0001,C0057,44,97
U+306A,100249371_00021_2,712,676,B0001,C0058,59,116
U+308A,100249371_00021_2,726,792,B0001,C0059,37,98
U+25CB,100249371_00021_2,550,481,B0001,C0060,49,46
U+53F3,100249371_00021_2,534,559,B0001,C0061,88,97
U+306E,100249371_00021_2,559,674,B0001,C0062,50,68
U+7C89,100249371_00021_2,534,742,B0001,C0063,105,103
U+306E,100249371_00021_2,548,870,B0001,C0064,63,80
U+4ED5,100249371_00021_2,533,958,B0001,C0065,88,98
U+3084,100249371_00021_2,534,1056,B0001,C0066,81,76
U+3046,100249371_00021_2,563,1132,B0001,C0067,28,76
U+306F,100249371_00021_2,543,1231,B0001,C0068,64,42
U+4E0A,100249371_00021_2,544,1283,B0001,C0069,68,98
U+3005,100249371_00021_2,567,1381,B0001,C0070,28,76
U+9905,100249371_00021_2,520,1477,B0001,C0071,111,128
U+7C73,100249371_00021_2,540,1605,B0001,C0072,86,111
U+58F1,100249371_00021_2,555,1726,B0001,C0073,58,124
U+7C92,100249371_00021_2,522,1850,B0001,C0074,106,105
U+3064,100249371_00021_2,556,1972,B0001,C0075,54,32
U+309D,100249371_00021_2,578,2004,B0001,C0076,26,45
U+629E,100249371_00021_2,528,2073,B0001,C0077,98,97
U+307F,100249371_00021_2,569,2171,B0001,C0078,25,92
U+3066,100249371_00021_2,550,2263,B0001,C0079,55,66
U+3053,100249371_00021_2,562,2358,B0001,C0080,35,79
U+306F,100249371_00021_2,548,2437,B0001,C0081,56,46
U+98EF,100249371_00021_2,529,2507,B0001,C0082,100,95
U+306B,100249371_00021_2,569,2629,B0001,C0083,35,73
U+3080,100249371_00021_2,352,573,B0001,C0084,75,78
U+3057,100249371_00021_2,392,652,B0001,C0085,14,83
U+3088,100249371_00021_2,385,761,B0001,C0086,32,61
U+304F,100249371_00021_2,386,822,B0001,C0087,21,67
U+5E72,100249371_00021_2,360,921,B0001,C0088,61,96
U+4E0A,100249371_00021_2,354,1023,B0001,C0089,69,80
U+308A,100249371_00021_2,377,1104,B0001,C0090,37,119
U+58F1,100249371_00021_2,368,1234,B0001,C0091,49,129
U+7C92,100249371_00021_2,342,1363,B0001,C0092,102,98
U+3065,100249371_00021_2,367,1489,B0001,C0093,107,38
U+309D,100249371_00021_2,397,1527,B0001,C0094,21,51
U+306F,100249371_00021_2,377,1595,B0001,C0095,42,95
U+306A,100249371_00021_2,370,1690,B0001,C0096,58,91
U+308C,100249371_00021_2,373,1781,B0001,C0097,48,103
U+3057,100249371_00021_2,387,1891,B0001,C0098,20,91
U+3092,100249371_00021_2,369,1982,B0001,C0099,65,85
U+934B,100249371_00021_2,361,2094,B0001,C0100,90,101
U+306B,100249371_00021_2,396,2199,B0001,C0101,21,74
U+3066,100249371_00021_2,380,2273,B0001,C0102,43,65
U+767D,100249371_00021_2,365,2367,B0001,C0103,70,91
U+304F,100249371_00021_2,391,2467,B0001,C0104,27,74
U+3044,100249371_00021_2,377,2554,B0001,C0105,62,45
U+308A,100249371_00021_2,392,2599,B0001,C0106,36,92
U+81FC,100249371_00021_2,170,582,B0001,C0107,90,71
U+306B,100249371_00021_2,198,667,B0001,C0108,26,80
U+3066,100249371_00021_2,188,747,B0001,C0109,46,67
U+633D,100249371_00021_2,162,830,B0001,C0110,103,95
U+7FBD,100249371_00021_2,164,954,B0001,C0111,95,86
U+4E8C,100249371_00021_2,183,1055,B0001,C0112,61,62
U+91CD,100249371_00021_2,192,1118,B0001,C0113,48,128
U+306B,100249371_00021_2,207,1259,B0001,C0114,20,66
U+3066,100249371_00021_2,192,1332,B0001,C0115,48,64
U+3075,100249371_00021_2,166,1413,B0001,C0116,84,82
U+308B,100249371_00021_2,200,1491,B0001,C0117,35,73
U+3072,100249371_00021_2,179,1564,B0001,C0118,86,90
U+3066,100249371_00021_2,199,1654,B0001,C0119,44,75
U+7528,100249371_00021_2,192,1742,B0001,C0120,55,121
U+3086,100249371_00021_2,186,1859,B0001,C0121,63,60
U+308B,100249371_00021_2,195,1919,B0001,C0122,45,71
U+306A,100249371_00021_2,194,2011,B0001,C0123,59,88
U+308A,100249371_00021_2,203,2099,B0001,C0124,43,100
U+25CB,100249371_00022_1,1591,658,B0001,C0001,55,52
U+6C42,100249371_00022_1,1562,782,B0001,C0002,106,116
U+80A5,100249371_00022_1,1561,960,B0001,C0003,97,87
U+98F4,100249371_00022_1,1559,1110,B0001,C0004,97,116
U+7C73,100249371_00022_1,1398,570,B0001,C0005,84,128
U+7C89,100249371_00022_1,1382,850,B0001,C0006,107,116
U+58F1,100249371_00022_1,1397,1402,B0001,C0007,58,138
U+5347,100249371_00022_1,1378,1581,B0001,C0008,88,151
U+6C34,100249371_00022_1,1207,578,B0001,C0009,97,112
U+58F1,100249371_00022_1,1230,1403,B0001,C0010,48,130
U+5347,100249371_00022_1,1207,1570,B0001,C0011,80,138
U+53F3,100249371_00022_1,1047,484,B0001,C0012,80,90
U+3088,100249371_00022_1,1075,591,B0001,C0013,36,75
U+304F,100249371_00022_1,1064,670,B0001,C0014,29,73
U+7149,100249371_00022_1,1035,759,B0001,C0015,95,100
U+308A,100249371_00022_1,1071,859,B0001,C0016,37,73
U+5408,100249371_00022_1,1036,951,B0001,C0017,91,111
U+3057,100249371_00022_1,1073,1074,B0001,C0018,13,100
U+934B,100249371_00022_1,1035,1169,B0001,C0019,93,115
U+3078,100249371_00022_1,1039,1315,B0001,C0020,82,32
U+5165,100249371_00022_1,1028,1362,B0001,C0021,101,66
U+308C,100249371_00022_1,1055,1416,B0001,C0022,49,122
U+70AD,100249371_00022_1,1043,1555,B0001,C0023,76,138
U+706B,100249371_00022_1,1046,1693,B0001,C0024,84,123
U+306B,100249371_00022_1,1069,1795,B0001,C0025,22,66
U+3066,100249371_00022_1,1051,1861,B0001,C0026,53,75
U+534A,100249371_00022_1,1031,1947,B0001,C0027,78,100
U+65E5,100249371_00022_1,1041,2050,B0001,C0028,65,68
U+3070,100249371_00022_1,1044,2130,B0001,C0029,108,83
U+304B,100249371_00022_1,1056,2213,B0001,C0030,35,52
U+308A,100249371_00022_1,1052,2265,B0001,C0031,39,75
U+716E,100249371_00022_1,1021,2336,B0001,C0032,88,116
U+3066,100249371_00022_1,1048,2452,B0001,C0033,51,71
U+5176,100249371_00022_1,1041,2515,B0001,C0034,45,84
U+6240,100249371_00022_1,1020,2599,B0001,C0035,85,81
U+3078,100249371_00022_1,1057,2680,B0001,C0036,45,42
U+714E,100249371_00022_1,855,569,B0001,C0037,97,126
U+7802,100249371_00022_1,848,750,B0001,C0038,125,92
U+7CD6,100249371_00022_1,863,842,B0001,C0039,102,152
U+4E00,100249371_00022_1,867,1063,B0001,C0040,77,21
U+5347,100249371_00022_1,868,1110,B0001,C0041,83,126
U+5F10,100249371_00022_1,864,1259,B0001,C0042,88,95
U+5408,100249371_00022_1,862,1354,B0001,C0043,83,122
U+5165,100249371_00022_1,870,1506,B0001,C0044,87,47
U+308C,100249371_00022_1,883,1553,B0001,C0045,52,125
U+3088,100249371_00022_1,887,1687,B0001,C0046,41,75
U+304F,100249371_00022_1,889,1764,B0001,C0047,27,83
U+7149,100249371_00022_1,854,1864,B0001,C0048,91,119
U+308A,100249371_00022_1,888,1985,B0001,C0049,32,72
U+3066,100249371_00022_1,871,2057,B0001,C0050,52,79
U+6C34,100249371_00022_1,861,2148,B0001,C0051,79,106
U+306B,100249371_00022_1,886,2254,B0001,C0052,35,79
U+5165,100249371_00022_1,847,2346,B0001,C0053,85,77
U+3064,100249371_00022_1,868,2446,B0001,C0054,68,51
U+304D,100249371_00022_1,889,2497,B0001,C0055,37,105
U+7ACB,100249371_00022_1,871,2604,B0001,C0056,71,109
U+306E,100249371_00022_1,718,481,B0001,C0057,58,56
U+9905,100249371_00022_1,687,574,B0001,C0058,101,137
U+306E,100249371_00022_1,697,724,B0001,C0059,82,77
U+3084,100249371_00022_1,692,813,B0001,C0060,95,69
U+3046,100249371_00022_1,730,882,B0001,C0061,24,90
U+306B,100249371_00022_1,705,972,B0001,C0062,65,56
U+548C,100249371_00022_1,695,1063,B0001,C0063,87,84
U+3089,100249371_00022_1,734,1147,B0001,C0064,20,63
U+304B,100249371_00022_1,723,1225,B0001,C0065,25,61
U+306B,100249371_00022_1,695,1286,B0001,C0066,79,57
U+306A,100249371_00022_1,699,1363,B0001,C0067,70,80
U+308A,100249371_00022_1,718,1445,B0001,C0068,39,66
U+305F,100249371_00022_1,718,1517,B0001,C0069,38,79
U+308B,100249371_00022_1,716,1596,B0001,C0070,40,75
U+6642,100249371_00022_1,686,1691,B0001,C0071,94,79
U+5225,100249371_00022_1,683,1787,B0001,C0072,88,122
U+5668,100249371_00022_1,694,1909,B0001,C0073,79,101
U+306B,100249371_00022_1,688,2030,B0001,C0074,84,63
U+3068,100249371_00022_1,708,2123,B0001,C0075,52,71
U+308A,100249371_00022_1,716,2194,B0001,C0076,32,84
U+7C89,100249371_00022_1,682,2278,B0001,C0077,110,114
U+3092,100249371_00022_1,698,2397,B0001,C0078,73,78
U+3057,100249371_00022_1,736,2491,B0001,C0079,17,99
U+304D,100249371_00022_1,708,2581,B0001,C0080,55,120
U+305D,100249371_00022_1,543,475,B0001,C0081,49,96
U+306E,100249371_00022_1,544,571,B0001,C0082,54,80
U+5185,100249371_00022_1,540,675,B0001,C0083,70,96
U+3078,100249371_00022_1,528,771,B0001,C0084,83,55
U+3068,100249371_00022_1,531,838,B0001,C0085,79,118
U+308D,100249371_00022_1,530,956,B0001,C0086,72,89
U+308A,100249371_00022_1,549,1045,B0001,C0087,38,106
U+3068,100249371_00022_1,544,1161,B0001,C0088,34,86
U+6D41,100249371_00022_1,514,1247,B0001,C0089,100,112
U+3057,100249371_00022_1,560,1359,B0001,C0090,16,106
U+8FBC,100249371_00022_1,509,1475,B0001,C0091,92,77
U+3088,100249371_00022_1,548,1567,B0001,C0092,35,70
U+304F,100249371_00022_1,538,1637,B0001,C0093,30,82
U+51B7,100249371_00022_1,514,1719,B0001,C0094,93,101
U+3057,100249371_00022_1,555,1812,B0001,C0095,16,84
U+8272,100249371_00022_1,533,1903,B0001,C0096,58,129
U+3005,100249371_00022_1,552,2032,B0001,C0097,20,72
U+306B,100249371_00022_1,512,2108,B0001,C0098,83,66
U+5207,100249371_00022_1,494,2205,B0001,C0099,98,62
U+308A,100249371_00022_1,538,2267,B0001,C0100,33,70
U+7528,100249371_00022_1,520,2352,B0001,C0101,57,101
U+3086,100249371_00022_1,516,2453,B0001,C0102,60,70
U+25CB,100249371_00022_1,366,479,B0001,C0103,55,53
U+7C73,100249371_00022_1,344,555,B0001,C0104,85,123
U+306E,100249371_00022_1,368,706,B0001,C0105,48,82
U+7C89,100249371_00022_1,339,788,B0001,C0106,107,100
U+306E,100249371_00022_1,356,925,B0001,C0107,66,75
U+6CD5,100249371_00022_1,346,1001,B0001,C0108,83,118
U+4E0A,100249371_00022_1,350,1200,B0001,C0109,60,101
U+3005,100249371_00022_1,368,1301,B0001,C0110,27,80
U+9905,100249371_00022_1,318,1396,B0001,C0111,121,126
U+7C73,100249371_00022_1,334,1522,B0001,C0112,91,126
U+306E,100249371_00022_1,351,1666,B0001,C0113,52,85
U+6975,100249371_00022_1,321,1752,B0001,C0114,104,98
U+767D,100249371_00022_1,345,1863,B0001,C0115,66,101
U+3092,100249371_00022_1,335,1964,B0001,C0116,69,82
U+6C34,100249371_00022_1,324,2059,B0001,C0117,95,105
U+306E,100249371_00022_1,346,2192,B0001,C0118,59,62
U+6E05,100249371_00022_1,331,2260,B0001,C0119,85,136
U+3080,100249371_00022_1,336,2403,B0001,C0120,81,88
U+307E,100249371_00022_1,350,2491,B0001,C0121,52,104
U+3067,100249371_00022_1,361,2548,B0001,C0122,72,170
U+3042,100249371_00022_1,175,581,B0001,C0123,69,95
U+3089,100249371_00022_1,199,676,B0001,C0124,20,85
U+3072,100249371_00022_1,175,761,B0001,C0125,73,84
U+3088,100249371_00022_1,198,846,B0001,C0126,40,62
U+304F,100249371_00022_1,193,908,B0001,C0127,30,78
U+4E7E,100249371_00022_1,170,999,B0001,C0128,81,102
U+3057,100249371_00022_1,198,1105,B0001,C0129,13,109
U+81FC,100249371_00022_1,164,1217,B0001,C0130,86,83
U+306B,100249371_00022_1,194,1300,B0001,C0131,25,69
U+3066,100249371_00022_1,170,1369,B0001,C0132,62,76
U+3072,100249371_00022_1,173,1447,B0001,C0133,76,79
U+304D,100249371_00022_1,190,1526,B0001,C0134,41,99
U+7FBD,100249371_00022_1,161,1637,B0001,C0135,85,77
U+4E8C,100249371_00022_1,167,1726,B0001,C0136,67,58
U+91CD,100249371_00022_1,180,1784,B0001,C0137,45,122
U+306B,100249371_00022_1,188,1909,B0001,C0138,24,69
U+3066,100249371_00022_1,171,1978,B0001,C0139,62,74
U+3075,100249371_00022_1,154,2070,B0001,C0140,79,83
U+308B,100249371_00022_1,185,2153,B0001,C0141,42,70
U+3072,100249371_00022_1,168,2223,B0001,C0142,71,93
U+7528,100249371_00022_1,176,2331,B0001,C0143,48,100
U+3086,100249371_00022_1,166,2432,B0001,C0144,62,76
U+308B,100249371_00022_1,171,2508,B0001,C0145,48,65
U+4E5F,100249371_00022_1,170,2573,B0001,C0146,73,73
U+25CB,100249371_00022_2,1597,565,B0001,C0001,57,61
U+714E,100249371_00022_2,1572,665,B0001,C0002,94,102
U+3058,100249371_00022_2,1623,777,B0001,C0003,49,82
U+7802,100249371_00022_2,1574,887,B0001,C0004,96,82
U+7CD6,100249371_00022_2,1566,973,B0001,C0005,95,113
U+306E,100249371_00022_2,1590,1097,B0001,C0006,52,66
U+65B9,100249371_00022_2,1578,1163,B0001,C0007,59,117
U+4E0A,100249371_00022_2,1573,1348,B0001,C0008,74,98
U+3005,100249371_00022_2,1599,1446,B0001,C0009,23,76
U+592A,100249371_00022_2,1570,1544,B0001,C0010,75,101
U+767D,100249371_00022_2,1580,1655,B0001,C0011,60,85
U+7802,100249371_00022_2,1554,1773,B0001,C0012,112,71
U+7CD6,100249371_00022_2,1558,1852,B0001,C0013,103,123
U+58F1,100249371_00022_2,1579,1968,B0001,C0014,59,129
U+3006,100249371_00022_2,1568,2110,B0001,C0015,53,72
U+76EE,100249371_00022_2,1576,2193,B0001,C0016,63,110
U+6C34,100249371_00022_2,1567,2303,B0001,C0017,66,125
U+58F1,100249371_00022_2,1565,2431,B0001,C0018,56,125
U+5347,100249371_00022_2,1576,2556,B0001,C0019,46,93
U+5165,100249371_00022_2,1534,2655,B0001,C0020,108,80
U+714E,100249371_00022_2,1403,571,B0001,C0021,91,95
U+3057,100249371_00022_2,1446,676,B0001,C0022,20,110
U+4E0A,100249371_00022_2,1403,800,B0001,C0023,79,95
U+306B,100249371_00022_2,1432,896,B0001,C0024,31,84
U+6E26,100249371_00022_2,1398,1014,B0001,C0025,103,88
U+51FA,100249371_00022_2,1405,1115,B0001,C0026,85,79
U+3057,100249371_00022_2,1414,1197,B0001,C0027,44,104
U+3092,100249371_00022_2,1412,1301,B0001,C0028,66,69
U+6368,100249371_00022_2,1390,1389,B0001,C0029,93,113
U+3066,100249371_00022_2,1429,1502,B0001,C0030,23,106
U+767D,100249371_00022_2,1400,1627,B0001,C0031,77,98
U+304D,100249371_00022_2,1420,1728,B0001,C0032,36,104
U+6E26,100249371_00022_2,1397,1832,B0001,C0033,95,101
U+51FA,100249371_00022_2,1394,1950,B0001,C0034,88,87
U+305F,100249371_00022_2,1403,2037,B0001,C0035,55,72
U+308B,100249371_00022_2,1410,2109,B0001,C0036,44,71
U+3092,100249371_00022_2,1395,2201,B0001,C0037,69,83
U+3082,100249371_00022_2,1399,2299,B0001,C0038,45,87
U+53D6,100249371_00022_2,1402,2415,B0001,C0039,56,109
U+3059,100249371_00022_2,1402,2525,B0001,C0040,55,99
U+3066,100249371_00022_2,1399,2629,B0001,C0041,51,98
U+7D79,100249371_00022_2,1223,573,B0001,C0042,93,123
U+306B,100249371_00022_2,1264,696,B0001,C0043,26,83
U+3066,100249371_00022_2,1243,779,B0001,C0044,55,62
U+6F09,100249371_00022_2,1223,873,B0001,C0045,113,106
U+3057,100249371_00022_2,1265,993,B0001,C0046,17,109
U+53C8,100249371_00022_2,1234,1123,B0001,C0047,69,92
U+934B,100249371_00022_2,1224,1245,B0001,C0048,101,123
U+3078,100249371_00022_2,1228,1368,B0001,C0049,86,59
U+5165,100249371_00022_2,1206,1442,B0001,C0050,105,81
U+308C,100249371_00022_2,1243,1516,B0001,C0051,43,125
U+3066,100249371_00022_2,1239,1645,B0001,C0052,51,61
U+58F1,100249371_00022_2,1232,1725,B0001,C0053,56,138
U+5347,100249371_00022_2,1234,1863,B0001,C0054,57,115
U+3092,100249371_00022_2,1226,1984,B0001,C0055,70,88
U+4E03,100249371_00022_2,1211,2091,B0001,C0056,79,83
U+5408,100249371_00022_2,1207,2174,B0001,C0057,89,113
U+306B,100249371_00022_2,1252,2292,B0001,C0058,37,39
U+714E,100249371_00022_2,1208,2330,B0001,C0059,87,101
U+3058,100249371_00022_2,1258,2428,B0001,C0060,78,65
U+8A70,100249371_00022_2,1200,2493,B0001,C0061,101,102
U+308B,100249371_00022_2,1239,2595,B0001,C0062,45,68
U+4E5F,100249371_00022_2,1217,2665,B0001,C0063,86,59
U+25CB,100249371_00022_2,1069,659,B0001,C0064,53,57
U+91D1,100249371_00022_2,1042,794,B0001,C0065,93,147
U+7CF8,100249371_00022_2,1035,959,B0001,C0066,102,131
U+98F4,100249371_00022_2,1036,1138,B0001,C0067,104,127
U+9905,100249371_00022_2,844,569,B0001,C0068,131,142
U+7C73,100249371_00022_2,868,780,B0001,C0069,94,139
U+6975,100249371_00022_2,899,967,B0001,C0070,75,77
U+4E0A,100249371_00022_2,906,1068,B0001,C0071,64,56
U+767D,100249371_00022_2,908,1143,B0001,C0072,58,73
U+4E00,100249371_00022_2,871,1436,B0001,C0073,70,19
U+6597,100249371_00022_2,865,1526,B0001,C0074,71,221
U+9EA6,100249371_00022_2,715,562,B0001,C0075,61,151
U+3082,100249371_00022_2,726,720,B0001,C0076,33,103
U+3084,100249371_00022_2,699,823,B0001,C0077,88,77
U+3057,100249371_00022_2,727,910,B0001,C0078,22,124
U+516B,100249371_00022_2,699,1423,B0001,C0079,95,70
U+5408,100249371_00022_2,690,1588,B0001,C0080,99,141
U+3046,100249371_00022_2,750,1846,B0001,C0081,28,75
U+3059,100249371_00022_2,732,1921,B0001,C0082,57,79
U+306B,100249371_00022_2,750,2000,B0001,C0083,16,46
U+3066,100249371_00022_2,741,2048,B0001,C0084,40,63
U+7D30,100249371_00022_2,720,2113,B0001,C0085,81,83
U+672B,100249371_00022_2,721,2196,B0001,C0086,80,67
U+306B,100249371_00022_2,735,2278,B0001,C0087,35,50
U+3072,100249371_00022_2,723,2328,B0001,C0088,67,63
U+304F,100249371_00022_2,730,2386,B0001,C0089,41,93
U+6E6F,100249371_00022_2,533,564,B0001,C0090,99,128
U+4E00,100249371_00022_2,522,1421,B0001,C0091,93,21
U+6597,100249371_00022_2,531,1447,B0001,C0092,65,139
U+4E94,100249371_00022_2,520,1608,B0001,C0093,87,74
U+5347,100249371_00022_2,517,1695,B0001,C0094,87,165
U+6E6F,100249371_00022_2,549,1953,B0001,C0095,68,67
U+306E,100249371_00022_2,554,2032,B0001,C0096,46,39
U+308F,100249371_00022_2,560,2090,B0001,C0097,31,50
U+304D,100249371_00022_2,557,2140,B0001,C0098,40,90
U+304B,100249371_00022_2,563,2237,B0001,C0099,20,38
U+3052,100249371_00022_2,551,2275,B0001,C0100,51,50
U+3093,100249371_00022_2,545,2336,B0001,C0101,73,50
U+306F,100249371_00022_2,548,2407,B0001,C0102,52,30
U+624B,100249371_00022_2,487,1944,B0001,C0103,47,95
U+5F15,100249371_00022_2,481,2053,B0001,C0104,51,90
U+304B,100249371_00022_2,489,2141,B0001,C0105,26,46
U+3052,100249371_00022_2,481,2187,B0001,C0106,54,83
U+3093,100249371_00022_2,474,2272,B0001,C0107,56,79
U+5148,100249371_00022_2,345,470,B0001,C0108,95,112
U+9905,100249371_00022_2,319,620,B0001,C0109,123,131
U+7C73,100249371_00022_2,343,751,B0001,C0110,83,116
U+3092,100249371_00022_2,343,887,B0001,C0111,72,84
U+84B8,100249371_00022_2,346,971,B0001,C0112,82,153
U+3057,100249371_00022_2,379,1133,B0001,C0113,19,97
U+51B7,100249371_00022_2,341,1254,B0001,C0114,85,108
U+3056,100249371_00022_2,372,1362,B0001,C0115,75,76
U+308B,100249371_00022_2,365,1440,B0001,C0116,35,66
U+5185,100249371_00022_2,346,1522,B0001,C0117,72,102
U+306B,100249371_00022_2,338,1624,B0001,C0118,73,61
U+9EA6,100249371_00022_2,356,1703,B0001,C0119,48,136
U+3082,100249371_00022_2,358,1843,B0001,C0120,34,103
U+3084,100249371_00022_2,335,1946,B0001,C0121,78,65
U+3057,100249371_00022_2,372,2023,B0001,C0122,13,77
U+3068,100249371_00022_2,357,2117,B0001,C0123,33,95
U+4E00,100249371_00022_2,350,2247,B0001,C0124,55,11
U+7DD2,100249371_00022_2,332,2295,B0001,C0125,87,113
U+306B,100249371_00022_2,364,2412,B0001,C0126,20,66
U+5408,100249371_00022_2,327,2490,B0001,C0127,77,116
U+3057,100249371_00022_2,366,2604,B0001,C0128,11,80
U+6E6F,100249371_00022_2,171,479,B0001,C0129,102,101
U+306E,100249371_00022_2,183,603,B0001,C0130,58,62
U+4E2D,100249371_00022_2,170,662,B0001,C0131,77,119
U+306B,100249371_00022_2,202,786,B0001,C0132,21,68
U+3066,100249371_00022_2,186,854,B0001,C0133,48,70
U+304B,100249371_00022_2,165,948,B0001,C0134,86,54
U+304D,100249371_00022_2,193,1002,B0001,C0135,45,103
U+307E,100249371_00022_2,178,1105,B0001,C0136,53,88
U+305C,100249371_00022_2,162,1192,B0001,C0137,115,81
U+6876,100249371_00022_2,155,1288,B0001,C0138,96,107
U+3092,100249371_00022_2,177,1403,B0001,C0139,66,81
U+85C1,100249371_00022_2,170,1492,B0001,C0140,75,160
U+3080,100249371_00022_2,163,1653,B0001,C0141,91,74
U+3057,100249371_00022_2,190,1730,B0001,C0142,32,80
U+308D,100249371_00022_2,163,1810,B0001,C0143,75,82
U+306B,100249371_00022_2,187,1904,B0001,C0144,28,57
U+3066,100249371_00022_2,175,1961,B0001,C0145,51,70
U+3088,100249371_00022_2,183,2039,B0001,C0146,33,62
U+304F,100249371_00022_2,183,2101,B0001,C0147,32,84
U+5305,100249371_00022_2,165,2185,B0001,C0148,72,92
U+307F,100249371_00022_2,172,2295,B0001,C0149,42,77
U+6B64,100249371_00022_2,154,2389,B0001,C0150,80,74
U+4E2D,100249371_00022_2,159,2475,B0001,C0151,74,157
U+3078,100249371_00022_2,174,2633,B0001,C0152,53,57
U+5165,100249371_00023_1,1590,496,B0001,C0001,93,85
U+308C,100249371_00023_1,1607,581,B0001,C0002,50,109
U+84CB,100249371_00023_1,1584,707,B0001,C0003,86,145
U+3092,100249371_00023_1,1593,864,B0001,C0004,74,69
U+80FD,100249371_00023_1,1567,939,B0001,C0005,103,120
U+3057,100249371_00023_1,1621,1059,B0001,C0006,14,93
U+4E09,100249371_00023_1,1591,1169,B0001,C0007,52,93
U+6642,100249371_00023_1,1566,1263,B0001,C0008,93,100
U+307B,100249371_00023_1,1583,1366,B0001,C0009,95,75
U+3069,100249371_00023_1,1611,1441,B0001,C0010,27,92
U+306D,100249371_00023_1,1558,1551,B0001,C0011,95,104
U+3055,100249371_00023_1,1594,1655,B0001,C0012,33,83
U+305B,100249371_00023_1,1573,1738,B0001,C0013,70,84
U+304A,100249371_00023_1,1565,1836,B0001,C0014,81,62
U+304F,100249371_00023_1,1599,1898,B0001,C0015,25,75
U+306A,100249371_00023_1,1578,1980,B0001,C0016,61,76
U+308A,100249371_00023_1,1593,2071,B0001,C0017,32,79
U+4F46,100249371_00023_1,1570,2166,B0001,C0018,77,72
U+52A0,100249371_00023_1,1567,2286,B0001,C0019,89,56
U+6E1B,100249371_00023_1,1555,2364,B0001,C0020,102,99
U+306F,100249371_00023_1,1579,2471,B0001,C0021,69,38
U+624B,100249371_00023_1,1591,2511,B0001,C0022,50,84
U+306B,100249371_00023_1,1600,2601,B0001,C0023,21,41
U+3066,100249371_00023_1,1581,2644,B0001,C0024,52,68
U+306B,100249371_00023_1,1447,486,B0001,C0025,25,81
U+304E,100249371_00023_1,1436,567,B0001,C0026,71,91
U+308A,100249371_00023_1,1437,658,B0001,C0027,42,89
U+3057,100249371_00023_1,1411,752,B0001,C0028,81,79
U+307C,100249371_00023_1,1419,831,B0001,C0029,90,86
U+308A,100249371_00023_1,1440,917,B0001,C0030,30,68
U+8A66,100249371_00023_1,1401,997,B0001,C0031,112,93
U+308B,100249371_00023_1,1427,1090,B0001,C0032,44,79
U+306B,100249371_00023_1,1415,1169,B0001,C0033,76,55
U+6C34,100249371_00023_1,1403,1243,B0001,C0034,92,82
U+306C,100249371_00023_1,1414,1346,B0001,C0035,68,89
U+3051,100249371_00023_1,1424,1435,B0001,C0036,56,75
U+3066,100249371_00023_1,1430,1510,B0001,C0037,27,95
U+8DE1,100249371_00023_1,1399,1618,B0001,C0038,90,92
U+306E,100249371_00023_1,1410,1718,B0001,C0039,59,58
U+9905,100249371_00023_1,1402,1799,B0001,C0040,84,96
U+7C73,100249371_00023_1,1402,1911,B0001,C0041,76,111
U+306E,100249371_00023_1,1412,2025,B0001,C0042,55,51
U+304B,100249371_00023_1,1422,2090,B0001,C0043,35,54
U+3089,100249371_00023_1,1424,2146,B0001,C0044,23,88
U+306F,100249371_00023_1,1412,2259,B0001,C0045,45,89
U+3089,100249371_00023_1,1422,2348,B0001,C0046,20,87
U+3031,100249371_00023_1,1423,2425,B0001,C0047,49,96
U+3068,100249371_00023_1,1420,2521,B0001,C0048,23,84
U+4E7E,100249371_00023_1,1381,2617,B0001,C0049,93,111
U+304F,100249371_00023_1,1256,505,B0001,C0050,41,68
U+3092,100249371_00023_1,1243,573,B0001,C0051,67,97
U+5EA6,100249371_00023_1,1234,683,B0001,C0052,96,119
U+3068,100249371_00023_1,1270,794,B0001,C0053,20,86
U+3055,100249371_00023_1,1256,900,B0001,C0054,31,70
U+3060,100249371_00023_1,1251,974,B0001,C0055,67,89
U+3081,100249371_00023_1,1242,1063,B0001,C0056,68,55
U+5176,100249371_00023_1,1240,1137,B0001,C0057,50,100
U+307E,100249371_00023_1,1247,1251,B0001,C0058,46,90
U+309D,100249371_00023_1,1258,1341,B0001,C0059,17,52
U+5E03,100249371_00023_1,1219,1411,B0001,C0060,85,97
U+306E,100249371_00023_1,1243,1509,B0001,C0061,47,52
U+888B,100249371_00023_1,1218,1580,B0001,C0062,87,131
U+306B,100249371_00023_1,1250,1723,B0001,C0063,34,53
U+5165,100249371_00023_1,1216,1788,B0001,C0064,88,61
U+3057,100249371_00023_1,1223,1849,B0001,C0065,67,77
U+307C,100249371_00023_1,1230,1932,B0001,C0066,85,75
U+308A,100249371_00023_1,1241,2007,B0001,C0067,42,88
U+66AB,100249371_00023_1,1215,2112,B0001,C0068,72,99
U+304F,100249371_00023_1,1245,2211,B0001,C0069,28,66
U+53C8,100249371_00023_1,1225,2293,B0001,C0070,64,79
U+4F11,100249371_00023_1,1209,2382,B0001,C0071,87,84
U+305B,100249371_00023_1,1216,2490,B0001,C0072,62,63
U+7F6E,100249371_00023_1,1207,2553,B0001,C0073,76,106
U+4E5F,100249371_00023_1,1220,2666,B0001,C0074,72,67
U+6B64,100249371_00023_1,1059,486,B0001,C0075,85,76
U+3068,100249371_00023_1,1097,562,B0001,C0076,21,69
U+304D,100249371_00023_1,1070,633,B0001,C0077,55,106
U+67AF,100249371_00023_1,1049,749,B0001,C0078,87,95
U+792C,100249371_00023_1,1048,846,B0001,C0079,102,122
U+5F10,100249371_00023_1,1059,982,B0001,C0080,87,91
U+5301,100249371_00023_1,1061,1083,B0001,C0081,57,102
U+5165,100249371_00023_1,1046,1192,B0001,C0082,91,69
U+308B,100249371_00023_1,1086,1261,B0001,C0083,29,80
U+306A,100249371_00023_1,1066,1341,B0001,C0084,47,85
U+308A,100249371_00023_1,1069,1430,B0001,C0085,39,95
U+53F3,100249371_00023_1,1054,1532,B0001,C0086,71,79
U+7C95,100249371_00023_1,1034,1638,B0001,C0087,106,109
U+3092,100249371_00023_1,1056,1765,B0001,C0088,65,68
U+3055,100249371_00023_1,1069,1847,B0001,C0089,32,58
U+308A,100249371_00023_1,1059,1905,B0001,C0090,40,75
U+3057,100249371_00023_1,1074,1987,B0001,C0091,17,80
U+6C34,100249371_00023_1,1048,2080,B0001,C0092,66,99
U+3092,100249371_00023_1,1051,2180,B0001,C0093,59,80
U+7802,100249371_00023_1,1023,2285,B0001,C0094,113,78
U+3053,100249371_00023_1,1059,2377,B0001,C0095,30,61
U+3057,100249371_00023_1,1064,2438,B0001,C0096,19,67
U+306B,100249371_00023_1,1033,2505,B0001,C0097,75,45
U+3059,100249371_00023_1,1033,2555,B0001,C0098,70,68
U+308B,100249371_00023_1,1055,2623,B0001,C0099,38,53
U+4E5F,100249371_00023_1,1043,2676,B0001,C0100,64,51
U+5176,100249371_00023_1,900,488,B0001,C0101,42,102
U+6F09,100249371_00023_1,879,614,B0001,C0102,95,93
U+3057,100249371_00023_1,922,723,B0001,C0103,14,75
U+305F,100249371_00023_1,908,805,B0001,C0104,26,61
U+308B,100249371_00023_1,894,866,B0001,C0105,43,73
U+6C34,100249371_00023_1,875,961,B0001,C0106,78,76
U+3092,100249371_00023_1,880,1067,B0001,C0107,68,67
U+91DC,100249371_00023_1,879,1153,B0001,C0108,76,138
U+306B,100249371_00023_1,881,1291,B0001,C0109,69,59
U+5165,100249371_00023_1,862,1373,B0001,C0110,102,68
U+3066,100249371_00023_1,902,1441,B0001,C0111,22,104
U+716E,100249371_00023_1,870,1547,B0001,C0112,87,117
U+3064,100249371_00023_1,879,1686,B0001,C0113,68,63
U+3081,100249371_00023_1,878,1749,B0001,C0114,66,65
U+308B,100249371_00023_1,898,1814,B0001,C0115,35,57
U+306A,100249371_00023_1,885,1871,B0001,C0116,38,80
U+308A,100249371_00023_1,888,1951,B0001,C0117,38,77
U+4F46,100249371_00023_1,878,2051,B0001,C0118,82,73
U+716E,100249371_00023_1,867,2143,B0001,C0119,77,152
U+52A0,100249371_00023_1,863,2314,B0001,C0120,84,49
U+6E1B,100249371_00023_1,856,2377,B0001,C0121,106,106
U+306F,100249371_00023_1,871,2495,B0001,C0122,54,36
U+8C9D,100249371_00023_1,870,2585,B0001,C0123,61,128
U+6753,100249371_00023_1,698,490,B0001,C0124,100,108
U+5B50,100249371_00023_1,733,598,B0001,C0125,51,94
U+306B,100249371_00023_1,742,707,B0001,C0126,21,63
U+3066,100249371_00023_1,732,770,B0001,C0127,38,76
U+6C72,100249371_00023_1,709,868,B0001,C0128,99,95
U+3066,100249371_00023_1,742,964,B0001,C0129,27,101
U+8584,100249371_00023_1,714,1080,B0001,C0130,75,152
U+7D19,100249371_00023_1,701,1232,B0001,C0131,101,111
U+306E,100249371_00023_1,728,1347,B0001,C0132,46,52
U+304F,100249371_00023_1,738,1505,B0001,C0133,28,79
U+306B,100249371_00023_1,708,1595,B0001,C0134,74,69
U+306A,100249371_00023_1,714,1689,B0001,C0135,60,76
U+308A,100249371_00023_1,725,1765,B0001,C0136,35,75
U+3066,100249371_00023_1,707,1850,B0001,C0137,57,55
U+6B8B,100249371_00023_1,697,1935,B0001,C0138,88,83
U+308B,100249371_00023_1,725,2022,B0001,C0139,38,59
U+4F4D,100249371_00023_1,697,2100,B0001,C0140,87,104
U+3092,100249371_00023_1,714,2204,B0001,C0141,62,97
U+716E,100249371_00023_1,704,2304,B0001,C0142,80,123
U+304B,100249371_00023_1,730,2439,B0001,C0143,26,47
U+3051,100249371_00023_1,720,2503,B0001,C0144,37,54
U+3093,100249371_00023_1,697,2557,B0001,C0145,80,73
U+3068,100249371_00023_1,727,2633,B0001,C0146,28,85
U+5B9A,100249371_00023_1,539,489,B0001,C0147,66,139
U+3080,100249371_00023_1,532,630,B0001,C0148,84,80
U+308B,100249371_00023_1,550,710,B0001,C0149,42,93
U+4E5F,100249371_00023_1,542,805,B0001,C0150,58,67
U+5176,100249371_00023_1,540,898,B0001,C0151,46,116
U+6642,100249371_00023_1,522,1014,B0001,C0152,84,87
U+6025,100249371_00023_1,526,1107,B0001,C0153,82,144
U+306B,100249371_00023_1,534,1251,B0001,C0154,73,59
U+706B,100249371_00023_1,528,1339,B0001,C0155,67,110
U+3092,100249371_00023_1,534,1449,B0001,C0156,68,82
U+64A4,100249371_00023_1,517,1543,B0001,C0157,102,91
U+3057,100249371_00023_1,560,1645,B0001,C0158,17,81
U+5225,100249371_00023_1,517,1755,B0001,C0159,89,130
U+5668,100249371_00023_1,520,1902,B0001,C0160,100,93
U+306B,100249371_00023_1,530,2004,B0001,C0161,75,58
U+79FB,100249371_00023_1,511,2106,B0001,C0162,90,92
U+3057,100249371_00023_1,559,2223,B0001,C0163,15,73
U+5165,100249371_00023_1,500,2304,B0001,C0164,103,79
U+51B7,100249371_00023_1,513,2391,B0001,C0165,87,101
U+3057,100249371_00023_1,555,2492,B0001,C0166,16,101
U+8CAF,100249371_00023_1,509,2607,B0001,C0167,91,104
U+7F6E,100249371_00023_1,372,496,B0001,C0168,63,126
U+306A,100249371_00023_1,374,657,B0001,C0169,45,81
U+308A,100249371_00023_1,384,738,B0001,C0170,30,90
U+25CB,100249371_00023_1,201,678,B0001,C0171,56,56
U+540C,100249371_00023_1,184,823,B0001,C0172,81,107
U+4E8C,100249371_00023_1,181,998,B0001,C0173,77,93
U+756A,100249371_00023_1,182,1121,B0001,C0174,74,152
U+4E00,100249371_00023_2,1588,449,B0001,C0001,82,21
U+756A,100249371_00023_2,1589,506,B0001,C0002,91,149
U+306E,100249371_00023_2,1606,666,B0001,C0003,57,69
U+7C95,100249371_00023_2,1588,759,B0001,C0004,90,106
U+306B,100249371_00023_2,1591,865,B0001,C0005,77,79
U+6C34,100249371_00023_2,1585,969,B0001,C0006,92,106
U+3092,100249371_00023_2,1594,1075,B0001,C0007,69,89
U+3072,100249371_00023_2,1598,1187,B0001,C0008,73,74
U+305F,100249371_00023_2,1613,1261,B0001,C0009,53,68
U+3031,100249371_00023_2,1617,1329,B0001,C0010,53,123
U+306B,100249371_00023_2,1620,1462,B0001,C0011,27,61
U+5165,100249371_00023_2,1576,1544,B0001,C0012,110,68
U+534A,100249371_00023_2,1608,1616,B0001,C0013,58,101
U+3068,100249371_00023_2,1624,1713,B0001,C0014,30,65
U+304D,100249371_00023_2,1609,1778,B0001,C0015,54,105
U+3070,100249371_00023_2,1601,1897,B0001,C0016,94,75
U+304B,100249371_00023_2,1621,1972,B0001,C0017,24,50
U+308A,100249371_00023_2,1616,2022,B0001,C0018,40,74
U+306D,100249371_00023_2,1586,2105,B0001,C0019,92,93
U+3055,100249371_00023_2,1615,2198,B0001,C0020,34,70
U+3057,100249371_00023_2,1628,2267,B0001,C0021,13,69
U+888B,100249371_00023_2,1575,2342,B0001,C0022,109,130
U+306B,100249371_00023_2,1615,2474,B0001,C0023,28,57
U+5165,100249371_00023_2,1560,2555,B0001,C0024,112,65
U+308C,100249371_00023_2,1602,2607,B0001,C0025,45,108
U+518D,100249371_00023_2,1405,438,B0001,C0026,97,105
U+3072,100249371_00023_2,1423,543,B0001,C0027,81,85
U+7D5E,100249371_00023_2,1416,649,B0001,C0028,89,111
U+308A,100249371_00023_2,1440,764,B0001,C0029,39,112
U+716E,100249371_00023_2,1416,883,B0001,C0030,84,149
U+3064,100249371_00023_2,1422,1043,B0001,C0031,79,65
U+3081,100249371_00023_2,1425,1108,B0001,C0032,77,70
U+308B,100249371_00023_2,1443,1178,B0001,C0033,44,74
U+306A,100249371_00023_2,1426,1267,B0001,C0034,67,93
U+308A,100249371_00023_2,1444,1360,B0001,C0035,40,99
U+590F,100249371_00023_2,1434,1479,B0001,C0036,61,120
U+306F,100249371_00023_2,1437,1599,B0001,C0037,54,50
U+6C34,100249371_00023_2,1419,1672,B0001,C0038,98,85
U+51AC,100249371_00023_2,1427,1797,B0001,C0039,75,118
U+306F,100249371_00023_2,1434,1915,B0001,C0040,67,46
U+4EBA,100249371_00023_2,1412,1979,B0001,C0041,96,88
U+306F,100249371_00023_2,1443,2067,B0001,C0042,44,81
U+3060,100249371_00023_2,1452,2148,B0001,C0043,67,77
U+306E,100249371_00023_2,1436,2242,B0001,C0044,51,58
U+6E6F,100249371_00023_2,1421,2302,B0001,C0045,88,107
U+306A,100249371_00023_2,1436,2409,B0001,C0046,48,84
U+308A,100249371_00023_2,1450,2495,B0001,C0047,36,80
U+25CB,100249371_00023_2,1258,610,B0001,C0048,60,57
U+6C34,100249371_00023_2,1235,730,B0001,C0049,99,98
U+83D3,100249371_00023_2,1244,854,B0001,C0050,80,135
U+5B50,100249371_00023_2,1251,989,B0001,C0051,61,102
U+82B1,100249371_00023_2,1234,1117,B0001,C0052,94,130
U+9905,100249371_00023_2,1228,1276,B0001,C0053,115,159
U+845B,100249371_00023_2,1070,520,B0001,C0054,74,152
U+306E,100249371_00023_2,1066,758,B0001,C0055,76,98
U+7C89,100249371_00023_2,1060,898,B0001,C0056,103,117
U+58F1,100249371_00023_2,1085,1380,B0001,C0057,54,113
U+5347,100249371_00023_2,1070,1535,B0001,C0058,81,185
U+6E29,100249371_00023_2,889,520,B0001,C0059,98,96
U+98E9,100249371_00023_2,883,641,B0001,C0060,102,118
U+306E,100249371_00023_2,911,786,B0001,C0061,57,99
U+7C89,100249371_00023_2,896,885,B0001,C0062,104,122
U+4E09,100249371_00023_2,904,1403,B0001,C0063,71,75
U+5408,100249371_00023_2,892,1552,B0001,C0064,100,103
U+53F3,100249371_00023_2,714,432,B0001,C0065,78,93
U+5F10,100249371_00023_2,716,544,B0001,C0066,85,94
U+54C1,100249371_00023_2,717,664,B0001,C0067,86,92
U+3088,100249371_00023_2,745,773,B0001,C0068,31,66
U+304F,100249371_00023_2,744,839,B0001,C0069,24,84
U+4EA4,100249371_00023_2,723,942,B0001,C0070,72,140
U+305B,100249371_00023_2,726,1082,B0001,C0071,59,75
U+5408,100249371_00023_2,711,1175,B0001,C0072,101,97
U+3057,100249371_00023_2,750,1280,B0001,C0073,22,78
U+7D05,100249371_00023_2,718,1359,B0001,C0074,88,110
U+8272,100249371_00023_2,731,1465,B0001,C0075,61,111
U+306B,100249371_00023_2,743,1602,B0001,C0076,33,79
U+306F,100249371_00023_2,728,1683,B0001,C0077,62,40
U+7D05,100249371_00023_2,716,1752,B0001,C0078,87,111
U+3092,100249371_00023_2,723,1863,B0001,C0079,70,76
U+5165,100249371_00023_2,703,1964,B0001,C0080,105,76
U+308C,100249371_00023_2,734,2023,B0001,C0081,59,112
U+9752,100249371_00023_2,737,2144,B0001,C0082,56,116
U+8272,100249371_00023_2,725,2270,B0001,C0083,63,102
U+306B,100249371_00023_2,745,2393,B0001,C0084,27,64
U+306F,100249371_00023_2,728,2457,B0001,C0085,54,41
U+3072,100249371_00023_2,712,2518,B0001,C0086,84,81
U+304D,100249371_00023_2,735,2599,B0001,C0087,39,108
U+8336,100249371_00023_2,536,444,B0001,C0088,84,134
U+3092,100249371_00023_2,543,598,B0001,C0089,71,57
U+5165,100249371_00023_2,532,676,B0001,C0090,100,64
U+308C,100249371_00023_2,552,740,B0001,C0091,60,112
U+9EC4,100249371_00023_2,558,876,B0001,C0092,64,136
U+8272,100249371_00023_2,558,1012,B0001,C0093,60,119
U+306B,100249371_00023_2,576,1147,B0001,C0094,24,75
U+306F,100249371_00023_2,558,1224,B0001,C0095,63,48
U+5C71,100249371_00023_2,554,1308,B0001,C0096,84,80
U+6894,100249371_00023_2,534,1399,B0001,C0097,104,108
U+5B50,100249371_00023_2,566,1507,B0001,C0098,54,86
U+306E,100249371_00023_2,567,1619,B0001,C0099,59,72
U+6C41,100249371_00023_2,555,1691,B0001,C0100,72,122
U+3092,100249371_00023_2,561,1823,B0001,C0101,58,71
U+5165,100249371_00023_2,538,1918,B0001,C0102,95,67
U+308C,100249371_00023_2,567,1967,B0001,C0103,50,115
U+304B,100249371_00023_2,542,2112,B0001,C0104,89,55
U+305F,100249371_00023_2,569,2171,B0001,C0105,42,62
U+304F,100249371_00023_2,570,2233,B0001,C0106,28,74
U+3053,100249371_00023_2,568,2325,B0001,C0107,40,72
U+306D,100249371_00023_2,554,2400,B0001,C0108,65,77
U+82B1,100249371_00023_2,541,2493,B0001,C0109,86,106
U+5F62,100249371_00023_2,531,2612,B0001,C0110,97,81
U+8272,100249371_00023_2,373,443,B0001,C0111,54,117
U+3005,100249371_00023_2,394,560,B0001,C0112,23,74
U+306B,100249371_00023_2,379,634,B0001,C0113,33,84
U+4F5C,100249371_00023_2,348,740,B0001,C0114,99,78
U+308A,100249371_00023_2,388,818,B0001,C0115,35,81
U+3088,100249371_00023_2,388,908,B0001,C0116,29,61
U+304F,100249371_00023_2,386,969,B0001,C0117,25,59
U+3031,100249371_00023_2,390,1009,B0001,C0118,41,95
U+84B8,100249371_00023_2,368,1104,B0001,C0119,73,132
U+51B7,100249371_00023_2,354,1333,B0001,C0120,91,87
U+3057,100249371_00023_2,396,1420,B0001,C0121,15,80
U+7269,100249371_00023_2,353,1504,B0001,C0122,94,75
U+306E,100249371_00023_2,377,1595,B0001,C0123,49,71
U+9262,100249371_00023_2,359,1666,B0001,C0124,104,104
U+306B,100249371_00023_2,391,1776,B0001,C0125,21,57
U+6C34,100249371_00023_2,359,1842,B0001,C0126,81,80
U+3092,100249371_00023_2,374,1922,B0001,C0127,61,67
U+5165,100249371_00023_2,353,2001,B0001,C0128,97,64
U+3064,100249371_00023_2,366,2070,B0001,C0129,69,66
U+3051,100249371_00023_2,374,2136,B0001,C0130,66,78
U+3066,100249371_00023_2,378,2216,B0001,C0131,36,49
U+51FA,100249371_00023_2,367,2271,B0001,C0132,77,64
U+3059,100249371_00023_2,368,2345,B0001,C0133,63,104
U+4F46,100249371_00023_2,408,2428,B0001,C0134,57,67
U+5C0F,100249371_00023_2,357,2521,B0001,C0135,80,41
U+76BF,100249371_00023_2,359,2617,B0001,C0136,77,58
U+4F55,100249371_00023_2,179,462,B0001,C0137,101,67
U+306B,100249371_00023_2,214,529,B0001,C0138,32,61
U+3066,100249371_00023_2,187,592,B0001,C0139,52,52
U+3082,100249371_00023_2,199,644,B0001,C0140,43,65
U+6975,100249371_00023_2,167,739,B0001,C0141,106,98
U+4E0A,100249371_00023_2,189,837,B0001,C0142,60,64
U+306E,100249371_00023_2,185,918,B0001,C0143,62,52
U+767D,100249371_00023_2,185,970,B0001,C0144,66,97
U+7802,100249371_00023_2,170,1067,B0001,C0145,98,91
U+7CD6,100249371_00023_2,171,1158,B0001,C0146,95,112
U+3092,100249371_00023_2,182,1280,B0001,C0147,74,67
U+5165,100249371_00023_2,162,1354,B0001,C0148,115,72
U+5176,100249371_00023_2,193,1418,B0001,C0149,50,96
U+4E0A,100249371_00023_2,180,1514,B0001,C0150,66,67
U+3078,100249371_00023_2,219,1581,B0001,C0151,26,46
U+7DB2,100249371_00023_2,166,1635,B0001,C0152,102,110
U+6753,100249371_00023_2,170,1745,B0001,C0153,89,88
U+5B50,100249371_00023_2,190,1841,B0001,C0154,67,82
U+306B,100249371_00023_2,216,1934,B0001,C0155,21,36
U+3066,100249371_00023_2,202,1970,B0001,C0156,52,57
U+3059,100249371_00023_2,188,2043,B0001,C0157,61,72
U+304F,100249371_00023_2,193,2115,B0001,C0158,31,53
U+3072,100249371_00023_2,182,2171,B0001,C0159,68,61
U+76DB,100249371_00023_2,187,2232,B0001,C0160,72,125
U+308B,100249371_00023_2,200,2357,B0001,C0161,39,57
U+3079,100249371_00023_2,173,2414,B0001,C0162,105,71
U+3057,100249371_00023_2,204,2480,B0001,C0163,28,176
U+25CB,100249371_00024_1,1557,649,B0001,C0001,54,57
U+82E5,100249371_00024_1,1549,763,B0001,C0002,70,112
U+83DC,100249371_00024_1,1538,903,B0001,C0003,88,146
U+9905,100249371_00024_1,1514,1087,B0001,C0004,112,141
U+306E,100249371_00024_1,1545,1265,B0001,C0005,63,71
U+6CD5,100249371_00024_1,1529,1336,B0001,C0006,94,134
U+8700,100249371_00024_1,1371,554,B0001,C0007,80,129
U+9ECD,100249371_00024_1,1352,724,B0001,C0008,107,146
U+306E,100249371_00024_1,1371,906,B0001,C0009,59,79
U+7C89,100249371_00024_1,1349,985,B0001,C0010,114,112
U+58F1,100249371_00024_1,1370,1429,B0001,C0011,53,125
U+5347,100249371_00024_1,1358,1605,B0001,C0012,74,166
U+8568,100249371_00024_1,1180,557,B0001,C0013,99,163
U+306E,100249371_00024_1,1194,819,B0001,C0014,62,114
U+7C89,100249371_00024_1,1177,978,B0001,C0015,101,118
U+5F10,100249371_00024_1,1182,1434,B0001,C0016,85,101
U+5408,100249371_00024_1,1164,1625,B0001,C0017,84,132
U+767D,100249371_00024_1,1027,562,B0001,C0018,64,100
U+7802,100249371_00024_1,1002,815,B0001,C0019,92,96
U+7CD6,100249371_00024_1,986,977,B0001,C0020,105,128
U+62FE,100249371_00024_1,994,1425,B0001,C0021,92,120
U+5301,100249371_00024_1,1020,1637,B0001,C0022,51,142
U+53F3,100249371_00024_1,831,474,B0001,C0023,89,93
U+4E09,100249371_00024_1,848,594,B0001,C0024,64,69
U+5473,100249371_00024_1,820,688,B0001,C0025,107,105
U+3088,100249371_00024_1,861,819,B0001,C0026,28,68
U+304F,100249371_00024_1,859,887,B0001,C0027,28,80
U+3053,100249371_00024_1,842,981,B0001,C0028,60,116
U+306D,100249371_00024_1,822,1097,B0001,C0029,92,125
U+3088,100249371_00024_1,857,1245,B0001,C0030,29,64
U+304F,100249371_00024_1,855,1309,B0001,C0031,30,70
U+3031,100249371_00024_1,855,1351,B0001,C0032,46,146
U+84B8,100249371_00024_1,830,1503,B0001,C0033,80,138
U+3057,100249371_00024_1,862,1647,B0001,C0034,16,102
U+3088,100249371_00024_1,852,1752,B0001,C0035,39,79
U+304D,100249371_00024_1,823,1831,B0001,C0036,81,100
U+307B,100249371_00024_1,823,1931,B0001,C0037,81,81
U+3069,100249371_00024_1,863,1987,B0001,C0038,64,77
U+306B,100249371_00024_1,856,2064,B0001,C0039,32,61
U+3061,100249371_00024_1,844,2139,B0001,C0040,50,67
U+304E,100249371_00024_1,817,2206,B0001,C0041,94,90
U+308A,100249371_00024_1,842,2296,B0001,C0042,40,97
U+3066,100249371_00024_1,831,2395,B0001,C0043,53,52
U+9752,100249371_00024_1,838,2447,B0001,C0044,54,118
U+82D4,100249371_00024_1,825,2567,B0001,C0045,64,133
U+3092,100249371_00024_1,669,476,B0001,C0046,78,81
U+706B,100249371_00024_1,666,574,B0001,C0047,85,95
U+3069,100249371_00024_1,703,671,B0001,C0048,57,74
U+308A,100249371_00024_1,691,745,B0001,C0049,42,77
U+7D30,100249371_00024_1,669,851,B0001,C0050,95,100
U+306B,100249371_00024_1,700,951,B0001,C0051,22,66
U+3057,100249371_00024_1,705,1017,B0001,C0052,18,69
U+3066,100249371_00024_1,688,1092,B0001,C0053,23,110
U+7BE9,100249371_00024_1,659,1207,B0001,C0054,101,152
U+306B,100249371_00024_1,692,1359,B0001,C0055,32,63
U+304B,100249371_00024_1,690,1438,B0001,C0056,21,52
U+3051,100249371_00024_1,675,1495,B0001,C0057,63,76
U+3088,100249371_00024_1,692,1598,B0001,C0058,27,68
U+304F,100249371_00024_1,690,1666,B0001,C0059,28,76
U+3075,100249371_00024_1,644,1742,B0001,C0060,82,97
U+308A,100249371_00024_1,687,1839,B0001,C0061,27,71
U+304B,100249371_00024_1,680,1910,B0001,C0062,26,63
U+3051,100249371_00024_1,668,1973,B0001,C0063,67,90
U+3066,100249371_00024_1,686,2063,B0001,C0064,23,89
U+3082,100249371_00024_1,681,2171,B0001,C0065,33,94
U+3061,100249371_00024_1,675,2265,B0001,C0066,44,86
U+3086,100249371_00024_1,661,2351,B0001,C0067,64,62
U+25CB,100249371_00024_1,493,643,B0001,C0068,64,64
U+67D8,100249371_00024_1,481,776,B0001,C0069,95,98
U+69B4,100249371_00024_1,468,930,B0001,C0070,107,93
U+9905,100249371_00024_1,474,1084,B0001,C0071,97,152
U+306E,100249371_00024_1,499,1263,B0001,C0072,58,66
U+6CD5,100249371_00024_1,484,1365,B0001,C0073,86,125
U+662F,100249371_00024_1,333,465,B0001,C0074,52,146
U+306F,100249371_00024_1,329,612,B0001,C0075,59,45
U+5927,100249371_00024_1,317,689,B0001,C0076,80,88
U+7D0D,100249371_00024_1,313,793,B0001,C0077,87,88
U+8A00,100249371_00024_1,327,881,B0001,C0078,43,103
U+5C0F,100249371_00024_1,312,1009,B0001,C0079,81,75
U+8C46,100249371_00024_1,316,1091,B0001,C0080,63,142
U+3092,100249371_00024_1,314,1233,B0001,C0081,68,85
U+3064,100249371_00024_1,306,1347,B0001,C0082,87,57
U+3076,100249371_00024_1,305,1404,B0001,C0083,99,83
U+308C,100249371_00024_1,328,1477,B0001,C0084,54,102
U+3055,100249371_00024_1,333,1588,B0001,C0085,39,72
U+308B,100249371_00024_1,326,1660,B0001,C0086,44,81
U+3084,100249371_00024_1,300,1741,B0001,C0087,91,55
U+3046,100249371_00024_1,331,1796,B0001,C0088,33,85
U+306B,100249371_00024_1,304,1881,B0001,C0089,80,53
U+3088,100249371_00024_1,327,1947,B0001,C0090,37,67
U+304F,100249371_00024_1,330,2016,B0001,C0091,27,57
U+716E,100249371_00024_1,293,2073,B0001,C0092,84,132
U+3066,100249371_00024_1,310,2205,B0001,C0093,50,67
U+304A,100249371_00024_1,297,2280,B0001,C0094,75,53
U+304D,100249371_00024_1,319,2333,B0001,C0095,43,99
U+53C8,100249371_00024_1,294,2453,B0001,C0096,91,74
U+4ED9,100249371_00024_1,284,2540,B0001,C0097,101,64
U+53F0,100249371_00024_1,301,2604,B0001,C0098,71,120
U+7CD2,100249371_00024_1,137,462,B0001,C0099,94,111
U+3092,100249371_00024_1,155,604,B0001,C0100,64,68
U+3055,100249371_00024_1,171,693,B0001,C0101,28,71
U+3064,100249371_00024_1,141,766,B0001,C0102,70,57
U+3068,100249371_00024_1,169,828,B0001,C0103,26,77
U+84B8,100249371_00024_1,151,917,B0001,C0104,72,137
U+3057,100249371_00024_1,168,1065,B0001,C0105,26,73
U+3066,100249371_00024_1,155,1138,B0001,C0106,48,61
U+51B7,100249371_00024_1,137,1219,B0001,C0107,93,87
U+3057,100249371_00024_1,174,1298,B0001,C0108,17,102
U+7C89,100249371_00024_1,140,1405,B0001,C0109,104,101
U+4E00,100249371_00024_1,143,1538,B0001,C0110,80,32
U+5408,100249371_00024_1,148,1570,B0001,C0111,70,133
U+306B,100249371_00024_1,168,1703,B0001,C0112,31,62
U+3055,100249371_00024_1,158,1787,B0001,C0113,41,67
U+3068,100249371_00024_1,148,1866,B0001,C0114,56,66
U+3046,100249371_00024_1,156,1932,B0001,C0115,41,97
U+5F10,100249371_00024_1,149,2024,B0001,C0116,83,87
U+5341,100249371_00024_1,147,2128,B0001,C0117,66,84
U+5301,100249371_00024_1,150,2223,B0001,C0118,57,106
U+5165,100249371_00024_1,125,2343,B0001,C0119,98,65
U+5C0F,100249371_00024_1,141,2430,B0001,C0120,75,66
U+8C46,100249371_00024_1,150,2496,B0001,C0121,71,118
U+3068,100249371_00024_1,172,2624,B0001,C0122,34,89
U+4EA4,100249371_00024_2,1596,438,B0001,C0001,73,125
U+305B,100249371_00024_2,1605,563,B0001,C0002,62,79
U+5408,100249371_00024_2,1584,661,B0001,C0003,92,108
U+3057,100249371_00024_2,1625,779,B0001,C0004,19,88
U+53C8,100249371_00024_2,1586,872,B0001,C0005,92,97
U+5BD2,100249371_00024_2,1593,953,B0001,C0006,70,142
U+3056,100249371_00024_2,1613,1095,B0001,C0007,69,74
U+3089,100249371_00024_2,1610,1169,B0001,C0008,36,100
U+3057,100249371_00024_2,1623,1269,B0001,C0009,14,89
U+306E,100249371_00024_2,1598,1369,B0001,C0010,58,61
U+9905,100249371_00024_2,1568,1445,B0001,C0011,111,122
U+7C73,100249371_00024_2,1588,1567,B0001,C0012,78,114
U+306E,100249371_00024_2,1602,1684,B0001,C0013,51,78
U+7C89,100249371_00024_2,1575,1764,B0001,C0014,111,100
U+3092,100249371_00024_2,1588,1875,B0001,C0015,76,72
U+6C34,100249371_00024_2,1580,1958,B0001,C0016,89,98
U+306B,100249371_00024_2,1611,2056,B0001,C0017,23,59
U+3066,100249371_00024_2,1595,2116,B0001,C0018,49,57
U+5805,100249371_00024_2,1582,2195,B0001,C0019,82,103
U+304F,100249371_00024_2,1610,2300,B0001,C0020,23,66
U+3053,100249371_00024_2,1602,2368,B0001,C0021,39,64
U+306D,100249371_00024_2,1595,2432,B0001,C0022,61,78
U+3046,100249371_00024_2,1601,2528,B0001,C0023,36,52
U+3069,100249371_00024_2,1607,2580,B0001,C0024,78,64
U+3093,100249371_00024_2,1582,2644,B0001,C0025,70,74
U+306E,100249371_00024_2,1434,454,B0001,C0026,63,87
U+7C89,100249371_00024_2,1414,547,B0001,C0027,104,110
U+3092,100249371_00024_2,1426,657,B0001,C0028,63,82
U+3068,100249371_00024_2,1437,759,B0001,C0029,48,67
U+308A,100249371_00024_2,1436,826,B0001,C0030,44,89
U+7C89,100249371_00024_2,1412,915,B0001,C0031,104,92
U+306B,100249371_00024_2,1446,1018,B0001,C0032,24,53
U+3057,100249371_00024_2,1438,1071,B0001,C0033,32,79
U+3066,100249371_00024_2,1422,1150,B0001,C0034,53,61
U+5E73,100249371_00024_2,1417,1232,B0001,C0035,82,101
U+305F,100249371_00024_2,1444,1333,B0001,C0036,28,88
U+3081,100249371_00024_2,1421,1423,B0001,C0037,68,65
U+53F3,100249371_00024_2,1416,1500,B0001,C0038,79,93
U+306E,100249371_00024_2,1428,1612,B0001,C0039,51,49
U+9921,100249371_00024_2,1405,1686,B0001,C0040,94,110
U+3092,100249371_00024_2,1419,1796,B0001,C0041,65,85
U+5305,100249371_00024_2,1427,1898,B0001,C0042,71,109
U+307F,100249371_00024_2,1442,2007,B0001,C0043,28,80
U+3055,100249371_00024_2,1440,2104,B0001,C0044,30,76
U+3066,100249371_00024_2,1419,2180,B0001,C0045,64,72
U+5E03,100249371_00024_2,1407,2269,B0001,C0046,79,109
U+306B,100249371_00024_2,1407,2378,B0001,C0047,72,57
U+4E00,100249371_00024_2,1414,2484,B0001,C0048,77,22
U+3064,100249371_00024_2,1430,2506,B0001,C0049,50,59
U+3065,100249371_00024_2,1410,2565,B0001,C0050,100,81
U+309D,100249371_00024_2,1444,2646,B0001,C0051,40,67
U+3064,100249371_00024_2,1245,451,B0001,C0052,82,59
U+309D,100249371_00024_2,1291,510,B0001,C0053,19,41
U+307F,100249371_00024_2,1272,555,B0001,C0054,28,78
U+53E3,100249371_00024_2,1254,651,B0001,C0055,59,68
U+3092,100249371_00024_2,1252,719,B0001,C0056,67,101
U+7D50,100249371_00024_2,1239,821,B0001,C0057,95,114
U+3073,100249371_00024_2,1246,935,B0001,C0058,91,84
U+84B8,100249371_00024_2,1242,1033,B0001,C0059,74,129
U+3057,100249371_00024_2,1263,1162,B0001,C0060,29,83
U+3066,100249371_00024_2,1251,1245,B0001,C0061,55,58
U+5E03,100249371_00024_2,1238,1314,B0001,C0062,80,129
U+3092,100249371_00024_2,1252,1443,B0001,C0063,61,65
U+3068,100249371_00024_2,1269,1525,B0001,C0064,31,68
U+308B,100249371_00024_2,1259,1593,B0001,C0065,39,71
U+4E5F,100249371_00024_2,1249,1664,B0001,C0066,81,67
U+3082,100249371_00024_2,1268,1755,B0001,C0067,31,64
U+3057,100249371_00024_2,1275,1819,B0001,C0068,19,82
U+3053,100249371_00024_2,1267,1901,B0001,C0069,45,75
U+308C,100249371_00024_2,1257,1976,B0001,C0070,51,112
U+306B,100249371_00024_2,1243,2088,B0001,C0071,83,52
U+8272,100249371_00024_2,1262,2164,B0001,C0072,40,133
U+3092,100249371_00024_2,1250,2297,B0001,C0073,65,70
U+4ED8,100249371_00024_2,1248,2382,B0001,C0074,67,94
U+308B,100249371_00024_2,1260,2476,B0001,C0075,42,65
U+306B,100249371_00024_2,1270,2541,B0001,C0076,22,90
U+306F,100249371_00024_2,1249,2631,B0001,C0077,55,57
U+84B8,100249371_00024_2,1069,446,B0001,C0078,78,129
U+3056,100249371_00024_2,1087,575,B0001,C0079,88,88
U+308B,100249371_00024_2,1083,663,B0001,C0080,40,57
U+5DF2,100249371_00024_2,1088,745,B0001,C0081,39,75
U+524D,100249371_00024_2,1073,820,B0001,C0082,76,108
U+306B,100249371_00024_2,1088,928,B0001,C0083,36,79
U+7D05,100249371_00024_2,1068,1035,B0001,C0084,87,99
U+53C8,100249371_00024_2,1063,1158,B0001,C0085,87,75
U+306F,100249371_00024_2,1083,1242,B0001,C0086,50,27
U+5C71,100249371_00024_2,1066,1309,B0001,C0087,84,72
U+6894,100249371_00024_2,1050,1392,B0001,C0088,102,98
U+5B50,100249371_00024_2,1069,1490,B0001,C0089,69,89
U+306B,100249371_00024_2,1090,1587,B0001,C0090,20,65
U+3066,100249371_00024_2,1078,1654,B0001,C0091,45,70
U+8272,100249371_00024_2,1077,1732,B0001,C0092,49,124
U+3069,100249371_00024_2,1094,1856,B0001,C0093,70,83
U+308B,100249371_00024_2,1082,1939,B0001,C0094,43,74
U+3079,100249371_00024_2,1060,2013,B0001,C0095,103,52
U+3057,100249371_00024_2,1097,2065,B0001,C0096,19,159
U+25CB,100249371_00024_2,907,621,B0001,C0097,56,59
U+5C71,100249371_00024_2,886,748,B0001,C0098,94,83
U+6912,100249371_00024_2,882,888,B0001,C0099,108,109
U+9905,100249371_00024_2,871,1043,B0001,C0100,119,139
U+306E,100249371_00024_2,903,1215,B0001,C0101,50,75
U+6CD5,100249371_00024_2,885,1290,B0001,C0102,87,106
U+7CEF,100249371_00024_2,704,541,B0001,C0103,106,106
U+7C73,100249371_00024_2,719,701,B0001,C0104,83,115
U+306E,100249371_00024_2,725,847,B0001,C0105,59,85
U+7C89,100249371_00024_2,704,932,B0001,C0106,107,123
U+5BD2,100249371_00024_2,744,1081,B0001,C0107,65,115
U+3055,100249371_00024_2,766,1198,B0001,C0108,35,56
U+3089,100249371_00024_2,755,1254,B0001,C0109,39,63
U+3057,100249371_00024_2,755,1285,B0001,C0110,49,125
U+58F1,100249371_00024_2,721,1402,B0001,C0111,53,138
U+5408,100249371_00024_2,702,1567,B0001,C0112,83,143
U+713C,100249371_00024_2,534,528,B0001,C0113,112,152
U+5473,100249371_00024_2,544,758,B0001,C0114,105,101
U+564C,100249371_00024_2,535,946,B0001,C0115,106,123
U+304F,100249371_00024_2,549,1422,B0001,C0116,53,67
U+308B,100249371_00024_2,559,1489,B0001,C0117,39,88
U+307F,100249371_00024_2,561,1577,B0001,C0118,31,79
U+307B,100249371_00024_2,544,1678,B0001,C0119,76,67
U+3068,100249371_00024_2,567,1737,B0001,C0120,32,81
U+3088,100249371_00024_2,563,1844,B0001,C0121,35,55
U+304F,100249371_00024_2,564,1899,B0001,C0122,39,60
U+713C,100249371_00024_2,536,1969,B0001,C0123,85,118
U+4E5F,100249371_00024_2,554,2087,B0001,C0124,64,71
U+767D,100249371_00024_2,380,543,B0001,C0125,68,112
U+7802,100249371_00024_2,367,769,B0001,C0126,92,86
U+7CD6,100249371_00024_2,362,943,B0001,C0127,94,126
U+5EFF,100249371_00024_2,353,1396,B0001,C0128,80,96
U+5301,100249371_00024_2,367,1584,B0001,C0129,48,140
U+5C71,100249371_00024_2,190,551,B0001,C0130,86,83
U+6912,100249371_00024_2,178,690,B0001,C0131,103,104
U+306E,100249371_00024_2,202,839,B0001,C0132,56,81
U+7C89,100249371_00024_2,178,949,B0001,C0133,101,130
U+5F10,100249371_00024_2,181,1383,B0001,C0134,89,109
U+5206,100249371_00024_2,195,1570,B0001,C0135,69,129
U+8089,100249371_00025_1,1570,545,B0001,C0001,83,107
U+6842,100249371_00025_1,1564,697,B0001,C0002,93,108
U+306E,100249371_00025_1,1585,846,B0001,C0003,63,63
U+7C89,100249371_00025_1,1569,928,B0001,C0004,98,143
U+4E09,100249371_00025_1,1563,1395,B0001,C0005,76,81
U+5206,100249371_00025_1,1573,1579,B0001,C0006,67,123
U+7F4C,100249371_00025_1,1393,552,B0001,C0007,88,150
U+7C9F,100249371_00025_1,1395,743,B0001,C0008,84,149
U+5B50,100249371_00025_1,1403,965,B0001,C0009,70,95
U+4E94,100249371_00025_1,1392,1387,B0001,C0010,75,83
U+52FA,100249371_00025_1,1391,1590,B0001,C0011,57,103
U+53F3,100249371_00025_1,1223,446,B0001,C0012,77,83
U+516D,100249371_00025_1,1216,559,B0001,C0013,87,84
U+5473,100249371_00025_1,1214,666,B0001,C0014,89,96
U+3088,100249371_00025_1,1247,778,B0001,C0015,36,63
U+304F,100249371_00025_1,1245,841,B0001,C0016,28,80
U+3053,100249371_00025_1,1219,921,B0001,C0017,61,75
U+306D,100249371_00025_1,1202,996,B0001,C0018,95,87
U+5408,100249371_00025_1,1197,1086,B0001,C0019,121,110
U+305B,100249371_00025_1,1215,1197,B0001,C0020,62,71
U+5E03,100249371_00025_1,1202,1273,B0001,C0021,83,96
U+306B,100249371_00025_1,1233,1369,B0001,C0022,26,61
U+3066,100249371_00025_1,1214,1430,B0001,C0023,57,57
U+5305,100249371_00025_1,1214,1497,B0001,C0024,73,102
U+307F,100249371_00025_1,1229,1606,B0001,C0025,31,64
U+84B8,100249371_00025_1,1209,1679,B0001,C0026,70,142
U+3066,100249371_00025_1,1212,1823,B0001,C0027,57,68
U+8700,100249371_00025_1,1206,1907,B0001,C0028,71,111
U+9ECD,100249371_00025_1,1184,2027,B0001,C0029,111,123
U+306E,100249371_00025_1,1209,2170,B0001,C0030,45,49
U+7C89,100249371_00025_1,1178,2219,B0001,C0031,123,96
U+3092,100249371_00025_1,1199,2318,B0001,C0032,68,65
U+8863,100249371_00025_1,1180,2391,B0001,C0033,96,94
U+306B,100249371_00025_1,1237,2488,B0001,C0034,23,29
U+639B,100249371_00025_1,1174,2526,B0001,C0035,125,80
U+308B,100249371_00025_1,1214,2606,B0001,C0036,42,50
U+4E5F,100249371_00025_1,1203,2659,B0001,C0037,84,58
U+25CB,100249371_00025_1,1052,616,B0001,C0038,55,57
U+5357,100249371_00025_1,1034,706,B0001,C0039,84,141
U+86EE,100249371_00025_1,1027,888,B0001,C0040,101,140
U+9905,100249371_00025_1,1019,1050,B0001,C0041,116,160
U+306E,100249371_00025_1,1049,1235,B0001,C0042,57,92
U+6CD5,100249371_00025_1,1030,1327,B0001,C0043,89,110
U+5148,100249371_00025_1,871,429,B0001,C0044,90,118
U+4E0A,100249371_00025_1,875,576,B0001,C0045,72,98
U+3005,100249371_00025_1,903,674,B0001,C0046,26,68
U+306E,100249371_00025_1,884,764,B0001,C0047,55,59
U+9905,100249371_00025_1,862,847,B0001,C0048,94,143
U+7C73,100249371_00025_1,862,995,B0001,C0049,93,119
U+3092,100249371_00025_1,872,1126,B0001,C0050,67,65
U+3088,100249371_00025_1,896,1205,B0001,C0051,31,57
U+304F,100249371_00025_1,893,1262,B0001,C0052,25,83
U+84B8,100249371_00025_1,853,1350,B0001,C0053,94,144
U+3057,100249371_00025_1,900,1501,B0001,C0054,17,92
U+7F6E,100249371_00025_1,860,1595,B0001,C0055,72,121
U+3080,100249371_00025_1,847,1739,B0001,C0056,83,81
U+304D,100249371_00025_1,866,1820,B0001,C0057,45,111
U+80E1,100249371_00025_1,829,1943,B0001,C0058,106,81
U+6843,100249371_00025_1,833,2034,B0001,C0059,106,104
U+3092,100249371_00025_1,848,2159,B0001,C0060,73,77
U+7C89,100249371_00025_1,832,2236,B0001,C0061,116,107
U+306B,100249371_00025_1,870,2347,B0001,C0062,29,75
U+3057,100249371_00025_1,865,2422,B0001,C0063,29,72
U+3066,100249371_00025_1,855,2494,B0001,C0064,44,66
U+6417,100249371_00025_1,831,2598,B0001,C0065,100,114
U+307E,100249371_00025_1,725,422,B0001,C0066,40,120
U+305C,100249371_00025_1,707,549,B0001,C0067,113,80
U+7802,100249371_00025_1,692,672,B0001,C0068,106,94
U+7CD6,100249371_00025_1,694,769,B0001,C0069,97,113
U+3092,100249371_00025_1,712,901,B0001,C0070,61,88
U+3088,100249371_00025_1,732,1005,B0001,C0071,31,80
U+304D,100249371_00025_1,718,1088,B0001,C0072,43,124
U+307B,100249371_00025_1,698,1226,B0001,C0073,78,78
U+3069,100249371_00025_1,738,1305,B0001,C0074,76,68
U+5165,100249371_00025_1,685,1379,B0001,C0075,92,77
U+3066,100249371_00025_1,729,1456,B0001,C0076,22,102
U+5C11,100249371_00025_1,699,1571,B0001,C0077,73,100
U+3055,100249371_00025_1,718,1675,B0001,C0078,32,74
U+304F,100249371_00025_1,717,1749,B0001,C0079,29,80
U+3061,100249371_00025_1,706,1843,B0001,C0080,56,81
U+304E,100249371_00025_1,704,1919,B0001,C0081,73,97
U+308A,100249371_00025_1,704,2016,B0001,C0082,36,96
U+4E38,100249371_00025_1,684,2123,B0001,C0083,74,95
U+304F,100249371_00025_1,701,2226,B0001,C0084,37,58
U+3057,100249371_00025_1,694,2284,B0001,C0085,38,103
U+3066,100249371_00025_1,692,2387,B0001,C0086,46,59
U+9752,100249371_00025_1,688,2451,B0001,C0087,58,126
U+7E01,100249371_00025_1,675,2608,B0001,C0088,95,97
U+8C46,100249371_00025_1,539,431,B0001,C0089,61,115
U+3092,100249371_00025_1,524,567,B0001,C0090,86,78
U+3088,100249371_00025_1,556,662,B0001,C0091,29,57
U+304F,100249371_00025_1,550,719,B0001,C0092,33,72
U+716E,100249371_00025_1,520,791,B0001,C0093,80,157
U+3066,100249371_00025_1,546,948,B0001,C0094,27,100
U+6C41,100249371_00025_1,518,1070,B0001,C0095,83,125
U+98F4,100249371_00025_1,515,1195,B0001,C0096,91,116
U+306B,100249371_00025_1,541,1322,B0001,C0097,26,58
U+3066,100249371_00025_1,526,1380,B0001,C0098,50,88
U+53F3,100249371_00025_1,520,1478,B0001,C0099,79,74
U+306E,100249371_00025_1,532,1570,B0001,C0100,54,50
U+9905,100249371_00025_1,500,1629,B0001,C0101,115,114
U+3092,100249371_00025_1,523,1738,B0001,C0102,70,76
U+307E,100249371_00025_1,536,1814,B0001,C0103,35,83
U+3075,100249371_00025_1,502,1900,B0001,C0104,85,49
U+3057,100249371_00025_1,548,1951,B0001,C0105,14,85
U+7E01,100249371_00025_1,502,2036,B0001,C0106,100,103
U+8C46,100249371_00025_1,512,2147,B0001,C0107,63,102
U+3092,100249371_00025_1,510,2260,B0001,C0108,72,66
U+4ED8,100249371_00025_1,504,2337,B0001,C0109,76,100
U+3066,100249371_00025_1,513,2437,B0001,C0110,49,62
U+51FA,100249371_00025_1,499,2509,B0001,C0111,92,70
U+3059,100249371_00025_1,505,2586,B0001,C0112,70,68
U+4E5F,100249371_00025_1,506,2654,B0001,C0113,45,54
U+25CB,100249371_00025_1,373,620,B0001,C0114,56,55
U+5C0F,100249371_00025_1,341,719,B0001,C0115,102,75
U+5009,100249371_00025_1,335,857,B0001,C0116,106,135
U+91CE,100249371_00025_1,339,1026,B0001,C0117,108,149
U+306E,100249371_00025_1,359,1222,B0001,C0118,55,74
U+6CD5,100249371_00025_1,339,1296,B0001,C0119,85,135
U+8D64,100249371_00025_1,172,516,B0001,C0120,83,109
U+5C0F,100249371_00025_1,170,693,B0001,C0121,81,69
U+8C46,100249371_00025_1,172,866,B0001,C0122,80,121
U+4E94,100249371_00025_1,169,1374,B0001,C0123,81,112
U+5408,100249371_00025_1,159,1564,B0001,C0124,90,123
U+592A,100249371_00025_2,1591,573,B0001,C0001,72,113
U+767D,100249371_00025_2,1590,707,B0001,C0002,72,85
U+7802,100249371_00025_2,1585,851,B0001,C0003,88,91
U+7CD6,100249371_00025_2,1584,960,B0001,C0004,94,130
U+4E94,100249371_00025_2,1580,1410,B0001,C0005,106,81
U+767E,100249371_00025_2,1589,1529,B0001,C0006,80,75
U+76EE,100249371_00025_2,1609,1636,B0001,C0007,59,89
U+53F3,100249371_00025_2,1408,462,B0001,C0008,91,101
U+306F,100249371_00025_2,1416,589,B0001,C0009,77,44
U+5148,100249371_00025_2,1419,669,B0001,C0010,79,104
U+5C0F,100249371_00025_2,1413,802,B0001,C0011,85,63
U+8C46,100249371_00025_2,1422,890,B0001,C0012,71,98
U+3092,100249371_00025_2,1419,1003,B0001,C0013,76,74
U+3088,100249371_00025_2,1440,1077,B0001,C0014,29,66
U+304F,100249371_00025_2,1440,1143,B0001,C0015,26,76
U+6C34,100249371_00025_2,1424,1229,B0001,C0016,64,107
U+716E,100249371_00025_2,1409,1336,B0001,C0017,87,115
U+3057,100249371_00025_2,1455,1471,B0001,C0018,15,69
U+3066,100249371_00025_2,1432,1540,B0001,C0019,50,67
U+5341,100249371_00025_2,1423,1624,B0001,C0020,66,73
U+5206,100249371_00025_2,1430,1697,B0001,C0021,58,109
U+719F,100249371_00025_2,1400,1819,B0001,C0022,107,100
U+3057,100249371_00025_2,1452,1926,B0001,C0023,16,70
U+305F,100249371_00025_2,1430,1996,B0001,C0024,46,68
U+308B,100249371_00025_2,1434,2064,B0001,C0025,32,68
U+6240,100249371_00025_2,1408,2132,B0001,C0026,85,66
U+3078,100249371_00025_2,1444,2198,B0001,C0027,31,51
U+7802,100249371_00025_2,1407,2297,B0001,C0028,107,74
U+7CD6,100249371_00025_2,1401,2371,B0001,C0029,97,120
U+3092,100249371_00025_2,1417,2501,B0001,C0030,63,72
U+5165,100249371_00025_2,1378,2580,B0001,C0031,118,76
U+308C,100249371_00025_2,1426,2623,B0001,C0032,41,95
U+3075,100249371_00025_2,1224,455,B0001,C0033,88,89
U+305F,100249371_00025_2,1257,544,B0001,C0034,45,66
U+309D,100249371_00025_2,1259,610,B0001,C0035,32,62
U+3072,100249371_00025_2,1235,672,B0001,C0036,87,76
U+716E,100249371_00025_2,1227,743,B0001,C0037,94,121
U+3064,100249371_00025_2,1240,884,B0001,C0038,75,48
U+3081,100249371_00025_2,1244,932,B0001,C0039,71,65
U+308B,100249371_00025_2,1267,997,B0001,C0040,35,74
U+306A,100249371_00025_2,1241,1071,B0001,C0041,65,70
U+308A,100249371_00025_2,1259,1141,B0001,C0042,39,75
U+5C24,100249371_00025_2,1238,1216,B0001,C0043,81,92
U+6C34,100249371_00025_2,1227,1322,B0001,C0044,93,88
U+306F,100249371_00025_2,1249,1410,B0001,C0045,61,45
U+521D,100249371_00025_2,1232,1471,B0001,C0046,93,85
U+3088,100249371_00025_2,1263,1553,B0001,C0047,29,63
U+308A,100249371_00025_2,1267,1616,B0001,C0048,31,72
U+6F38,100249371_00025_2,1239,1702,B0001,C0049,85,91
U+3005,100249371_00025_2,1274,1793,B0001,C0050,28,69
U+304B,100249371_00025_2,1236,1876,B0001,C0051,85,61
U+306F,100249371_00025_2,1248,1937,B0001,C0052,66,52
U+304F,100249371_00025_2,1268,1990,B0001,C0053,27,61
U+3068,100249371_00025_2,1266,2051,B0001,C0054,26,66
U+5165,100249371_00025_2,1226,2129,B0001,C0055,100,73
U+308C,100249371_00025_2,1258,2182,B0001,C0056,36,117
U+308B,100249371_00025_2,1257,2300,B0001,C0057,41,72
U+306A,100249371_00025_2,1254,2381,B0001,C0058,53,88
U+308A,100249371_00025_2,1263,2470,B0001,C0059,30,66
U+7802,100249371_00025_2,1229,2540,B0001,C0060,87,62
U+7CD6,100249371_00025_2,1225,2612,B0001,C0061,92,106
U+3092,100249371_00025_2,1062,452,B0001,C0062,71,90
U+5165,100249371_00025_2,1038,560,B0001,C0063,107,83
U+308C,100249371_00025_2,1074,611,B0001,C0064,43,126
U+3066,100249371_00025_2,1063,748,B0001,C0065,66,58
U+306E,100249371_00025_2,1070,822,B0001,C0066,57,65
U+3061,100249371_00025_2,1078,887,B0001,C0067,50,87
U+306F,100249371_00025_2,1064,974,B0001,C0068,66,46
U+6587,100249371_00025_2,1056,1036,B0001,C0069,90,104
U+6B66,100249371_00025_2,1065,1140,B0001,C0070,80,109
U+706B,100249371_00025_2,1060,1239,B0001,C0071,82,101
U+306B,100249371_00025_2,1083,1340,B0001,C0072,31,68
U+3066,100249371_00025_2,1068,1408,B0001,C0073,52,63
U+305D,100249371_00025_2,1077,1490,B0001,C0074,49,92
U+308D,100249371_00025_2,1064,1585,B0001,C0075,65,73
U+3031,100249371_00025_2,1089,1639,B0001,C0076,60,119
U+3068,100249371_00025_2,1090,1743,B0001,C0077,23,88
U+716E,100249371_00025_2,1063,1831,B0001,C0078,81,129
U+308B,100249371_00025_2,1082,1960,B0001,C0079,50,69
U+4E5F,100249371_00025_2,1072,2032,B0001,C0080,55,63
U+3088,100249371_00025_2,1090,2110,B0001,C0081,33,70
U+304F,100249371_00025_2,1082,2182,B0001,C0082,30,62
U+716E,100249371_00025_2,1051,2239,B0001,C0083,79,145
U+3078,100249371_00025_2,1049,2386,B0001,C0084,103,56
U+719F,100249371_00025_2,1053,2438,B0001,C0085,93,121
U+3057,100249371_00025_2,1099,2579,B0001,C0086,16,134
U+305F,100249371_00025_2,909,459,B0001,C0087,38,78
U+308B,100249371_00025_2,897,540,B0001,C0088,56,94
U+3092,100249371_00025_2,886,634,B0001,C0089,77,78
U+898B,100249371_00025_2,889,730,B0001,C0090,74,97
U+3066,100249371_00025_2,901,827,B0001,C0091,52,74
U+706B,100249371_00025_2,890,917,B0001,C0092,75,100
U+3092,100249371_00025_2,901,1017,B0001,C0093,57,79
U+5FB9,100249371_00025_2,879,1096,B0001,C0094,104,113
U+3057,100249371_00025_2,926,1209,B0001,C0095,21,83
U+3088,100249371_00025_2,924,1308,B0001,C0096,31,59
U+304F,100249371_00025_2,919,1367,B0001,C0097,28,61
U+51B7,100249371_00025_2,890,1456,B0001,C0098,100,102
U+5B9A,100249371_00025_2,900,1561,B0001,C0099,75,122
U+3059,100249371_00025_2,904,1699,B0001,C0100,64,73
U+308B,100249371_00025_2,907,1772,B0001,C0101,44,79
U+3092,100249371_00025_2,890,1851,B0001,C0102,69,84
U+5F85,100249371_00025_2,883,1940,B0001,C0103,91,96
U+3066,100249371_00025_2,916,2032,B0001,C0104,26,91
U+9921,100249371_00025_2,880,2135,B0001,C0105,103,124
U+3092,100249371_00025_2,896,2259,B0001,C0106,64,93
U+5305,100249371_00025_2,898,2362,B0001,C0107,57,108
U+3080,100249371_00025_2,884,2470,B0001,C0108,85,83
U+306A,100249371_00025_2,888,2553,B0001,C0109,66,70
U+308A,100249371_00025_2,903,2623,B0001,C0110,48,97
U+6B64,100249371_00025_2,710,452,B0001,C0111,97,72
U+3042,100249371_00025_2,727,551,B0001,C0112,59,83
U+3093,100249371_00025_2,715,637,B0001,C0113,84,67
U+306F,100249371_00025_2,728,733,B0001,C0114,55,40
U+524D,100249371_00025_2,724,792,B0001,C0115,77,101
U+306B,100249371_00025_2,742,924,B0001,C0116,24,65
U+51FA,100249371_00025_2,720,997,B0001,C0117,88,84
U+305B,100249371_00025_2,726,1081,B0001,C0118,60,87
U+308B,100249371_00025_2,732,1168,B0001,C0119,44,73
U+6C42,100249371_00025_2,708,1268,B0001,C0120,110,98
U+80A5,100249371_00025_2,715,1391,B0001,C0121,84,86
U+7CD5,100249371_00025_2,702,1477,B0001,C0122,112,142
U+306E,100249371_00025_2,732,1626,B0001,C0123,51,77
U+9921,100249371_00025_2,699,1703,B0001,C0124,107,126
U+3092,100249371_00025_2,721,1829,B0001,C0125,65,90
U+3082,100249371_00025_2,733,1935,B0001,C0126,34,90
U+3061,100249371_00025_2,733,2025,B0001,C0127,40,92
U+3086,100249371_00025_2,718,2117,B0001,C0128,63,69
U+3079,100249371_00025_2,696,2186,B0001,C0129,99,61
U+3057,100249371_00025_2,737,2233,B0001,C0130,29,185
U+25CB,100249371_00025_2,559,636,B0001,C0131,50,49
U+771F,100249371_00025_2,541,746,B0001,C0132,74,165
U+76DB,100249371_00025_2,538,954,B0001,C0133,96,140
U+8C46,100249371_00025_2,545,1133,B0001,C0134,71,107
U+306E,100249371_00025_2,560,1276,B0001,C0135,50,77
U+6CD5,100249371_00025_2,538,1353,B0001,C0136,92,132
U+9ED2,100249371_00025_2,363,554,B0001,C0137,78,133
U+8C46,100249371_00025_2,359,831,B0001,C0138,71,128
U+7092,100249371_00025_2,364,1234,B0001,C0139,106,116
U+767D,100249371_00025_2,191,542,B0001,C0140,72,102
U+7802,100249371_00025_2,175,716,B0001,C0141,94,88
U+7CD6,100249371_00025_2,166,836,B0001,C0142,109,133
U+6E29,100249371_00026_1,1566,568,B0001,C0001,106,89
U+98E9,100249371_00026_1,1563,710,B0001,C0002,106,94
U+306E,100249371_00026_1,1589,835,B0001,C0003,55,89
U+7C89,100249371_00026_1,1566,924,B0001,C0004,106,119
U+53F3,100249371_00026_1,1402,460,B0001,C0005,73,94
U+4E09,100249371_00026_1,1413,567,B0001,C0006,46,98
U+54C1,100249371_00026_1,1401,667,B0001,C0007,86,94
U+307E,100249371_00026_1,1411,784,B0001,C0008,46,128
U+3064,100249371_00026_1,1398,912,B0001,C0009,75,67
U+767D,100249371_00026_1,1394,993,B0001,C0010,83,102
U+7802,100249371_00026_1,1378,1131,B0001,C0011,104,98
U+7CD6,100249371_00026_1,1382,1229,B0001,C0012,105,120
U+306B,100249371_00026_1,1388,1379,B0001,C0013,82,55
U+6C34,100249371_00026_1,1374,1468,B0001,C0014,111,99
U+5C11,100249371_00026_1,1390,1595,B0001,C0015,70,95
U+3057,100249371_00026_1,1416,1683,B0001,C0016,16,90
U+5165,100249371_00026_1,1380,1774,B0001,C0017,82,80
U+64B9,100249371_00026_1,1365,1871,B0001,C0018,98,136
U+305B,100249371_00026_1,1386,2007,B0001,C0019,64,82
U+3088,100249371_00026_1,1405,2099,B0001,C0020,29,65
U+304F,100249371_00026_1,1399,2164,B0001,C0021,28,67
U+716E,100249371_00026_1,1349,2235,B0001,C0022,115,119
U+3069,100249371_00026_1,1398,2376,B0001,C0023,78,89
U+308D,100249371_00026_1,1375,2465,B0001,C0024,58,100
U+3031,100249371_00026_1,1408,2511,B0001,C0025,53,124
U+3068,100249371_00026_1,1390,2635,B0001,C0026,42,86
U+306A,100249371_00026_1,1228,465,B0001,C0027,56,68
U+308A,100249371_00026_1,1234,533,B0001,C0028,48,79
U+305F,100249371_00026_1,1241,612,B0001,C0029,37,66
U+308B,100249371_00026_1,1230,678,B0001,C0030,46,73
U+6240,100249371_00026_1,1218,766,B0001,C0031,87,70
U+3078,100249371_00026_1,1259,836,B0001,C0032,30,48
U+7092,100249371_00026_1,1212,916,B0001,C0033,100,85
U+305F,100249371_00026_1,1238,1001,B0001,C0034,49,64
U+308B,100249371_00026_1,1232,1065,B0001,C0035,46,82
U+9ED2,100249371_00026_1,1203,1170,B0001,C0036,88,118
U+8C46,100249371_00026_1,1219,1288,B0001,C0037,69,116
U+3092,100249371_00026_1,1217,1412,B0001,C0038,68,76
U+5165,100249371_00026_1,1193,1507,B0001,C0039,110,80
U+3088,100249371_00026_1,1248,1574,B0001,C0040,31,67
U+304F,100249371_00026_1,1239,1641,B0001,C0041,31,79
U+304B,100249371_00026_1,1208,1720,B0001,C0042,85,71
U+304D,100249371_00026_1,1202,1794,B0001,C0043,96,89
U+307E,100249371_00026_1,1237,1859,B0001,C0044,32,111
U+305C,100249371_00026_1,1214,1964,B0001,C0045,87,86
U+5176,100249371_00026_1,1222,2070,B0001,C0046,43,93
U+4E0A,100249371_00026_1,1203,2163,B0001,C0047,84,70
U+3046,100249371_00026_1,1231,2247,B0001,C0048,30,87
U+3069,100249371_00026_1,1221,2334,B0001,C0049,98,55
U+3093,100249371_00026_1,1206,2389,B0001,C0050,74,82
U+306E,100249371_00026_1,1218,2486,B0001,C0051,47,66
U+7C89,100249371_00026_1,1190,2552,B0001,C0052,116,84
U+306B,100249371_00026_1,1200,2650,B0001,C0053,73,65
U+307E,100249371_00026_1,1042,465,B0001,C0054,83,87
U+3076,100249371_00026_1,1030,552,B0001,C0055,122,60
U+3057,100249371_00026_1,1071,605,B0001,C0056,22,117
U+9285,100249371_00026_1,1027,738,B0001,C0057,98,105
U+306E,100249371_00026_1,1057,865,B0001,C0058,47,62
U+5E73,100249371_00026_1,1035,927,B0001,C0059,81,119
U+934B,100249371_00026_1,1021,1043,B0001,C0060,110,101
U+306B,100249371_00026_1,1063,1144,B0001,C0061,26,90
U+3066,100249371_00026_1,1042,1235,B0001,C0062,55,72
U+305D,100249371_00026_1,1049,1327,B0001,C0063,47,89
U+308D,100249371_00026_1,1034,1416,B0001,C0064,72,104
U+3031,100249371_00026_1,1072,1500,B0001,C0065,49,120
U+3068,100249371_00026_1,1061,1621,B0001,C0066,34,81
U+5FAE,100249371_00026_1,1021,1728,B0001,C0067,104,106
U+706B,100249371_00026_1,1038,1836,B0001,C0068,70,123
U+306B,100249371_00026_1,1062,1958,B0001,C0069,23,65
U+3066,100249371_00026_1,1042,2023,B0001,C0070,50,67
U+3044,100249371_00026_1,1032,2117,B0001,C0071,70,35
U+308A,100249371_00026_1,1056,2152,B0001,C0072,36,81
U+3042,100249371_00026_1,1044,2233,B0001,C0073,60,95
U+3051,100249371_00026_1,1040,2330,B0001,C0074,61,89
U+3088,100249371_00026_1,1055,2427,B0001,C0075,28,56
U+304F,100249371_00026_1,1059,2483,B0001,C0076,23,69
U+4E7E,100249371_00026_1,1020,2552,B0001,C0077,93,85
U+304D,100249371_00026_1,1043,2615,B0001,C0078,44,97
U+305F,100249371_00026_1,888,457,B0001,C0079,39,82
U+308B,100249371_00026_1,885,539,B0001,C0080,40,67
U+3068,100249371_00026_1,890,626,B0001,C0081,26,68
U+304D,100249371_00026_1,878,691,B0001,C0082,50,99
U+53C8,100249371_00026_1,845,819,B0001,C0083,98,93
U+7802,100249371_00026_1,846,951,B0001,C0084,114,82
U+7CD6,100249371_00026_1,846,1033,B0001,C0085,104,126
U+6C41,100249371_00026_1,860,1174,B0001,C0086,84,144
U+306B,100249371_00026_1,856,1318,B0001,C0087,81,60
U+3064,100249371_00026_1,852,1409,B0001,C0088,78,69
U+3051,100249371_00026_1,863,1478,B0001,C0089,77,89
U+3066,100249371_00026_1,880,1567,B0001,C0090,29,109
U+53D6,100249371_00026_1,857,1683,B0001,C0091,77,123
U+3042,100249371_00026_1,859,1809,B0001,C0092,69,80
U+3052,100249371_00026_1,863,1889,B0001,C0093,80,100
U+3046,100249371_00026_1,880,1989,B0001,C0094,30,88
U+3069,100249371_00026_1,880,2078,B0001,C0095,80,72
U+3093,100249371_00026_1,845,2150,B0001,C0096,114,71
U+7C89,100249371_00026_1,845,2234,B0001,C0097,113,93
U+3092,100249371_00026_1,860,2339,B0001,C0098,62,73
U+307E,100249371_00026_1,872,2437,B0001,C0099,40,75
U+3076,100249371_00026_1,837,2515,B0001,C0100,106,70
U+3057,100249371_00026_1,881,2569,B0001,C0101,17,145
U+518D,100249371_00026_1,695,460,B0001,C0102,109,107
U+3072,100249371_00026_1,707,571,B0001,C0103,81,94
U+934B,100249371_00026_1,692,699,B0001,C0104,100,110
U+306B,100249371_00026_1,727,810,B0001,C0105,24,79
U+5165,100249371_00026_1,692,912,B0001,C0106,90,60
U+7092,100249371_00026_1,692,1015,B0001,C0107,112,77
U+308A,100249371_00026_1,711,1109,B0001,C0108,47,90
U+3042,100249371_00026_1,700,1205,B0001,C0109,61,106
U+3052,100249371_00026_1,690,1311,B0001,C0110,111,92
U+308B,100249371_00026_1,718,1403,B0001,C0111,29,71
U+65AF,100249371_00026_1,680,1494,B0001,C0112,86,117
U+3059,100249371_00026_1,691,1611,B0001,C0113,71,92
U+308B,100249371_00026_1,709,1703,B0001,C0114,35,68
U+51E1,100249371_00026_1,691,1876,B0001,C0115,80,88
U+4E94,100249371_00026_1,679,1971,B0001,C0116,87,87
U+516D,100249371_00026_1,678,2061,B0001,C0117,85,66
U+5EA6,100249371_00026_1,690,2127,B0001,C0118,75,110
U+306B,100249371_00026_1,707,2235,B0001,C0119,32,60
U+3066,100249371_00026_1,706,2295,B0001,C0120,30,114
U+6210,100249371_00026_1,675,2404,B0001,C0121,93,122
U+719F,100249371_00026_1,668,2504,B0001,C0122,106,109
U+3059,100249371_00026_1,691,2624,B0001,C0123,67,92
U+25CB,100249371_00026_1,533,647,B0001,C0124,59,55
U+5473,100249371_00026_1,508,739,B0001,C0125,97,90
U+564C,100249371_00026_1,500,865,B0001,C0126,96,114
U+677E,100249371_00026_1,517,999,B0001,C0127,64,125
U+98A8,100249371_00026_1,502,1160,B0001,C0128,104,104
U+7CB3,100249371_00026_1,327,563,B0001,C0129,108,114
U+7C73,100249371_00026_1,347,725,B0001,C0130,79,112
U+306E,100249371_00026_1,356,888,B0001,C0131,55,93
U+7C89,100249371_00026_1,340,988,B0001,C0132,95,110
U+58F1,100249371_00026_1,339,1386,B0001,C0133,54,109
U+5347,100249371_00026_1,324,1539,B0001,C0134,77,161
U+7CEF,100249371_00026_1,165,556,B0001,C0135,94,98
U+7C73,100249371_00026_1,171,733,B0001,C0136,74,101
U+306E,100249371_00026_1,179,896,B0001,C0137,55,68
U+7C89,100249371_00026_1,161,1005,B0001,C0138,108,103
U+56DB,100249371_00026_1,159,1404,B0001,C0139,82,76
U+5408,100249371_00026_1,162,1551,B0001,C0140,71,130
U+767D,100249371_00026_2,1614,623,B0001,C0001,67,97
U+7802,100249371_00026_2,1587,794,B0001,C0002,91,109
U+7CD6,100249371_00026_2,1584,959,B0001,C0003,94,132
U+4E94,100249371_00026_2,1589,1423,B0001,C0004,106,103
U+767E,100249371_00026_2,1591,1576,B0001,C0005,96,90
U+76EE,100249371_00026_2,1609,1702,B0001,C0006,66,95
U+5C71,100249371_00026_2,1427,629,B0001,C0007,86,99
U+6912,100249371_00026_2,1418,785,B0001,C0008,113,106
U+306E,100249371_00026_2,1439,940,B0001,C0009,59,101
U+7C89,100249371_00026_2,1425,1048,B0001,C0010,108,128
U+5F10,100249371_00026_2,1426,1430,B0001,C0011,95,92
U+5341,100249371_00026_2,1421,1570,B0001,C0012,82,99
U+76EE,100249371_00026_2,1437,1707,B0001,C0013,59,89
U+5473,100249371_00026_2,1239,644,B0001,C0014,115,115
U+564C,100249371_00026_2,1243,759,B0001,C0015,99,121
U+306E,100249371_00026_2,1268,899,B0001,C0016,60,62
U+305F,100249371_00026_2,1281,966,B0001,C0017,46,72
U+307E,100249371_00026_2,1281,1038,B0001,C0018,44,113
U+308A,100249371_00026_2,1279,1151,B0001,C0019,50,107
U+767E,100249371_00026_2,1243,1439,B0001,C0020,98,94
U+76EE,100249371_00026_2,1261,1687,B0001,C0021,66,103
U+53F3,100249371_00026_2,1071,456,B0001,C0022,85,104
U+4E94,100249371_00026_2,1066,592,B0001,C0023,100,79
U+5473,100249371_00026_2,1051,687,B0001,C0024,118,102
U+305F,100249371_00026_2,1098,828,B0001,C0025,39,81
U+3093,100249371_00026_2,1071,909,B0001,C0026,94,88
U+3054,100249371_00026_2,1096,1006,B0001,C0027,72,62
U+306E,100249371_00026_2,1089,1090,B0001,C0028,54,75
U+5805,100249371_00026_2,1071,1175,B0001,C0029,88,118
U+3055,100249371_00026_2,1098,1295,B0001,C0030,38,87
U+306B,100249371_00026_2,1072,1382,B0001,C0031,81,70
U+3053,100249371_00026_2,1087,1474,B0001,C0032,46,71
U+306D,100249371_00026_2,1082,1545,B0001,C0033,62,84
U+5408,100249371_00026_2,1069,1634,B0001,C0034,74,122
U+305B,100249371_00026_2,1082,1756,B0001,C0035,50,75
U+5E03,100249371_00026_2,1058,1845,B0001,C0036,88,113
U+3092,100249371_00026_2,1066,1958,B0001,C0037,88,73
U+6C34,100249371_00026_2,1058,2051,B0001,C0038,97,88
U+306B,100249371_00026_2,1093,2139,B0001,C0039,37,70
U+3057,100249371_00026_2,1058,2209,B0001,C0040,93,94
U+305F,100249371_00026_2,1088,2303,B0001,C0041,49,55
U+3057,100249371_00026_2,1100,2358,B0001,C0042,18,84
U+5927,100249371_00026_2,1045,2444,B0001,C0043,101,94
U+304C,100249371_00026_2,1084,2532,B0001,C0044,97,49
U+3044,100249371_00026_2,1063,2581,B0001,C0045,68,56
U+306B,100249371_00026_2,1079,2637,B0001,C0046,32,99
U+3057,100249371_00026_2,905,466,B0001,C0047,87,109
U+307C,100249371_00026_2,907,579,B0001,C0048,91,88
U+308A,100249371_00026_2,930,672,B0001,C0049,42,99
U+9EBA,100249371_00026_2,899,772,B0001,C0050,91,138
U+68D2,100249371_00026_2,891,920,B0001,C0051,118,111
U+306B,100249371_00026_2,938,1032,B0001,C0052,17,53
U+3066,100249371_00026_2,924,1085,B0001,C0053,33,76
U+3088,100249371_00026_2,934,1175,B0001,C0054,28,68
U+304D,100249371_00026_2,901,1243,B0001,C0055,86,89
U+307B,100249371_00026_2,906,1335,B0001,C0056,81,80
U+3068,100249371_00026_2,939,1398,B0001,C0057,33,79
U+306B,100249371_00026_2,898,1478,B0001,C0058,91,67
U+5EF6,100249371_00026_2,891,1570,B0001,C0059,96,90
U+3057,100249371_00026_2,933,1660,B0001,C0060,19,103
U+713C,100249371_00026_2,890,1767,B0001,C0061,106,126
U+934B,100249371_00026_2,896,1904,B0001,C0062,96,102
U+306B,100249371_00026_2,927,2007,B0001,C0063,29,63
U+3046,100249371_00026_2,924,2070,B0001,C0064,24,68
U+3064,100249371_00026_2,895,2138,B0001,C0065,69,56
U+3057,100249371_00026_2,930,2191,B0001,C0066,15,89
U+706B,100249371_00026_2,900,2302,B0001,C0067,62,100
U+3076,100249371_00026_2,893,2402,B0001,C0068,94,81
U+305F,100249371_00026_2,914,2484,B0001,C0069,41,66
U+306E,100249371_00026_2,904,2613,B0001,C0070,51,77
U+56F2,100249371_00026_2,731,474,B0001,C0071,89,96
U+308A,100249371_00026_2,762,570,B0001,C0072,40,87
U+306B,100249371_00026_2,726,673,B0001,C0073,80,51
U+706B,100249371_00026_2,735,754,B0001,C0074,70,91
U+3092,100249371_00026_2,739,848,B0001,C0075,75,90
U+306A,100249371_00026_2,738,958,B0001,C0076,69,88
U+3089,100249371_00026_2,761,1046,B0001,C0077,16,83
U+3079,100249371_00026_2,723,1134,B0001,C0078,105,53
U+713C,100249371_00026_2,724,1181,B0001,C0079,93,129
U+4E5F,100249371_00026_2,743,1312,B0001,C0080,66,60
U+5C24,100249371_00026_2,740,1392,B0001,C0081,68,88
U+4E0A,100249371_00026_2,721,1502,B0001,C0082,89,74
U+306E,100249371_00026_2,741,1591,B0001,C0083,54,56
U+706B,100249371_00026_2,724,1648,B0001,C0084,80,100
U+3070,100249371_00026_2,742,1738,B0001,C0085,80,71
U+304B,100249371_00026_2,749,1809,B0001,C0086,28,53
U+308A,100249371_00026_2,735,1862,B0001,C0087,47,65
U+4E5F,100249371_00026_2,727,1927,B0001,C0088,77,50
U+3088,100249371_00026_2,740,1989,B0001,C0089,46,89
U+304D,100249371_00026_2,716,2079,B0001,C0090,74,83
U+307B,100249371_00026_2,712,2162,B0001,C0091,80,81
U+3069,100249371_00026_2,753,2224,B0001,C0092,72,71
U+306B,100249371_00026_2,712,2305,B0001,C0093,75,57
U+8272,100249371_00026_2,723,2384,B0001,C0094,55,118
U+4ED8,100249371_00026_2,722,2507,B0001,C0095,67,85
U+305F,100249371_00026_2,725,2593,B0001,C0096,37,62
U+3089,100249371_00026_2,718,2655,B0001,C0097,38,77
U+3070,100249371_00026_2,563,471,B0001,C0098,112,52
U+4E0A,100249371_00026_2,563,555,B0001,C0099,71,77
U+3092,100249371_00026_2,571,648,B0001,C0100,63,71
U+4E0B,100249371_00026_2,578,735,B0001,C0101,48,74
U+3078,100249371_00026_2,550,815,B0001,C0102,91,56
U+304B,100249371_00026_2,588,871,B0001,C0103,22,45
U+3078,100249371_00026_2,551,916,B0001,C0104,91,41
U+3057,100249371_00026_2,594,957,B0001,C0105,18,68
U+3066,100249371_00026_2,573,1028,B0001,C0106,47,59
U+53C8,100249371_00026_2,543,1101,B0001,C0107,88,80
U+713C,100249371_00026_2,551,1188,B0001,C0108,94,116
U+306A,100249371_00026_2,567,1323,B0001,C0109,57,89
U+308A,100249371_00026_2,581,1412,B0001,C0110,33,91
U+51FA,100249371_00026_2,551,1520,B0001,C0111,89,84
U+6765,100249371_00026_2,544,1607,B0001,C0112,91,123
U+4E0A,100249371_00026_2,560,1736,B0001,C0113,55,82
U+308A,100249371_00026_2,566,1818,B0001,C0114,39,94
U+305F,100249371_00026_2,572,1904,B0001,C0115,33,66
U+308B,100249371_00026_2,566,1970,B0001,C0116,37,71
U+3068,100249371_00026_2,576,2043,B0001,C0117,25,60
U+304D,100249371_00026_2,550,2103,B0001,C0118,56,117
U+306F,100249371_00026_2,542,2220,B0001,C0119,62,44
U+84CB,100249371_00026_2,541,2280,B0001,C0120,74,132
U+306E,100249371_00026_2,549,2423,B0001,C0121,61,61
U+3042,100249371_00026_2,540,2510,B0001,C0122,69,104
U+308B,100249371_00026_2,558,2614,B0001,C0123,31,96
U+5668,100249371_00026_2,378,467,B0001,C0124,88,107
U+306B,100249371_00026_2,399,600,B0001,C0125,32,66
U+5165,100249371_00026_2,361,677,B0001,C0126,99,74
U+304A,100249371_00026_2,379,747,B0001,C0127,74,79
U+3051,100249371_00026_2,389,826,B0001,C0128,66,86
U+3070,100249371_00026_2,387,912,B0001,C0129,92,56
U+3080,100249371_00026_2,374,997,B0001,C0130,83,78
U+3055,100249371_00026_2,404,1077,B0001,C0131,26,72
U+308A,100249371_00026_2,400,1149,B0001,C0132,26,65
U+3066,100249371_00026_2,383,1218,B0001,C0133,60,69
U+304B,100249371_00026_2,370,1305,B0001,C0134,77,51
U+3052,100249371_00026_2,390,1368,B0001,C0135,93,47
U+3093,100249371_00026_2,374,1417,B0001,C0136,82,70
U+3088,100249371_00026_2,391,1499,B0001,C0137,35,54
U+304F,100249371_00026_2,398,1556,B0001,C0138,29,79
U+306A,100249371_00026_2,367,1638,B0001,C0139,77,90
U+308B,100249371_00026_2,395,1728,B0001,C0140,35,72
U+4E5F,100249371_00026_2,378,1800,B0001,C0141,90,86
U+25CB,100249371_00026_2,209,643,B0001,C0142,54,52
U+7802,100249371_00026_2,174,766,B0001,C0143,118,117
U+7CD6,100249371_00026_2,176,883,B0001,C0144,115,134
U+871C,100249371_00026_2,184,1039,B0001,C0145,103,127
U+306E,100249371_00026_2,197,1186,B0001,C0146,64,58
U+62F5,100249371_00026_2,170,1245,B0001,C0147,120,117
U+3078,100249371_00026_2,178,1370,B0001,C0148,100,67
U+306E,100249371_00026_2,203,1447,B0001,C0149,55,80
U+6CD5,100249371_00026_2,175,1527,B0001,C0150,104,109
U+592A,100249371_00027_1,1568,528,B0001,C0001,90,93
U+767D,100249371_00027_1,1579,638,B0001,C0002,77,79
U+7802,100249371_00027_1,1570,765,B0001,C0003,100,79
U+7CD6,100249371_00027_1,1571,869,B0001,C0004,94,131
U+58F1,100249371_00027_1,1582,1382,B0001,C0005,49,119
U+3006,100249371_00027_1,1563,1530,B0001,C0006,69,89
U+76EE,100249371_00027_1,1576,1665,B0001,C0007,65,109
U+5C71,100249371_00027_1,1395,554,B0001,C0008,96,88
U+306E,100249371_00027_1,1411,702,B0001,C0009,59,73
U+3044,100249371_00027_1,1401,841,B0001,C0010,66,48
U+3082,100249371_00027_1,1425,894,B0001,C0011,40,105
U+76AE,100249371_00027_1,1458,1018,B0001,C0012,56,81
U+3092,100249371_00027_1,1463,1099,B0001,C0013,50,62
U+3055,100249371_00027_1,1476,1172,B0001,C0014,18,49
U+308A,100249371_00027_1,1469,1221,B0001,C0015,34,90
U+304A,100249371_00027_1,1390,1012,B0001,C0016,52,57
U+308D,100249371_00027_1,1402,1095,B0001,C0017,35,64
U+3059,100249371_00027_1,1395,1159,B0001,C0018,43,100
U+5F10,100249371_00027_1,1401,1384,B0001,C0019,75,101
U+767E,100249371_00027_1,1393,1520,B0001,C0020,76,90
U+5301,100249371_00027_1,1418,1645,B0001,C0021,44,129
U+53F3,100249371_00027_1,1232,433,B0001,C0022,88,96
U+3088,100249371_00027_1,1260,538,B0001,C0023,27,66
U+304F,100249371_00027_1,1245,610,B0001,C0024,36,81
U+307E,100249371_00027_1,1249,698,B0001,C0025,46,106
U+305B,100249371_00027_1,1238,804,B0001,C0026,60,96
U+5408,100249371_00027_1,1224,900,B0001,C0027,80,107
U+305B,100249371_00027_1,1234,1008,B0001,C0028,68,83
U+6C34,100249371_00027_1,1222,1115,B0001,C0029,103,98
U+56DB,100249371_00027_1,1228,1242,B0001,C0030,89,63
U+767E,100249371_00027_1,1225,1305,B0001,C0031,93,93
U+4E94,100249371_00027_1,1225,1400,B0001,C0032,83,76
U+62FE,100249371_00027_1,1208,1479,B0001,C0033,102,97
U+76EE,100249371_00027_1,1233,1590,B0001,C0034,70,101
U+3092,100249371_00027_1,1227,1699,B0001,C0035,72,61
U+3060,100249371_00027_1,1245,1770,B0001,C0036,70,77
U+3093,100249371_00027_1,1212,1847,B0001,C0037,99,63
U+3031,100249371_00027_1,1251,1883,B0001,C0038,61,136
U+5C11,100249371_00027_1,1210,2002,B0001,C0039,85,101
U+3057,100249371_00027_1,1251,2103,B0001,C0040,12,54
U+3065,100249371_00027_1,1205,2157,B0001,C0041,105,49
U+309D,100249371_00027_1,1249,2206,B0001,C0042,21,45
U+5165,100249371_00027_1,1196,2259,B0001,C0043,96,58
U+706B,100249371_00027_1,1208,2315,B0001,C0044,72,88
U+306B,100249371_00027_1,1234,2403,B0001,C0045,29,56
U+61F8,100249371_00027_1,1198,2467,B0001,C0046,94,119
U+308B,100249371_00027_1,1220,2586,B0001,C0047,43,62
U+4E5F,100249371_00027_1,1215,2651,B0001,C0048,55,76
U+7802,100249371_00027_1,1036,447,B0001,C0049,117,69
U+7CD6,100249371_00027_1,1033,534,B0001,C0050,104,105
U+306B,100249371_00027_1,1076,653,B0001,C0051,24,71
U+3048,100249371_00027_1,1049,724,B0001,C0052,73,103
U+305F,100249371_00027_1,1056,827,B0001,C0053,50,67
U+3061,100249371_00027_1,1057,894,B0001,C0054,54,69
U+305F,100249371_00027_1,1056,965,B0001,C0055,44,78
U+3089,100249371_00027_1,1071,1043,B0001,C0056,21,75
U+3070,100249371_00027_1,1046,1103,B0001,C0057,101,63
U+706B,100249371_00027_1,1040,1173,B0001,C0058,79,93
U+3092,100249371_00027_1,1049,1266,B0001,C0059,64,82
U+5F15,100249371_00027_1,1038,1352,B0001,C0060,83,110
U+3057,100249371_00027_1,1038,1445,B0001,C0061,81,100
U+3070,100249371_00027_1,1052,1545,B0001,C0062,78,48
U+3057,100249371_00027_1,1073,1593,B0001,C0063,24,79
U+306D,100249371_00027_1,1028,1677,B0001,C0064,86,98
U+3055,100249371_00027_1,1057,1775,B0001,C0065,34,89
U+305B,100249371_00027_1,1033,1864,B0001,C0066,72,64
U+304A,100249371_00027_1,1034,1944,B0001,C0067,74,64
U+3051,100249371_00027_1,1043,2008,B0001,C0068,65,74
U+3070,100249371_00027_1,1038,2082,B0001,C0069,77,51
U+57A2,100249371_00027_1,1013,2155,B0001,C0070,104,77
U+306E,100249371_00027_1,1044,2250,B0001,C0071,50,50
U+5206,100249371_00027_1,1052,2305,B0001,C0072,53,103
U+5805,100249371_00027_1,1036,2430,B0001,C0073,72,95
U+308A,100249371_00027_1,1059,2525,B0001,C0074,33,76
U+3066,100249371_00027_1,1056,2603,B0001,C0075,24,117
U+4E0A,100249371_00027_1,891,442,B0001,C0076,53,87
U+306B,100249371_00027_1,901,529,B0001,C0077,33,74
U+3046,100249371_00027_1,898,627,B0001,C0078,31,77
U+304D,100249371_00027_1,882,690,B0001,C0079,51,103
U+4E0A,100249371_00027_1,882,808,B0001,C0080,63,77
U+308B,100249371_00027_1,889,885,B0001,C0081,46,65
U+5176,100249371_00027_1,885,965,B0001,C0082,42,104
U+3068,100249371_00027_1,897,1069,B0001,C0083,28,72
U+304D,100249371_00027_1,883,1141,B0001,C0084,53,114
U+91D1,100249371_00027_1,852,1269,B0001,C0085,102,136
U+306E,100249371_00027_1,873,1426,B0001,C0086,59,54
U+7DB2,100249371_00027_1,861,1495,B0001,C0087,95,101
U+6753,100249371_00027_1,850,1606,B0001,C0088,95,82
U+5B50,100249371_00027_1,882,1705,B0001,C0089,53,78
U+306B,100249371_00027_1,893,1783,B0001,C0090,19,55
U+3066,100249371_00027_1,879,1840,B0001,C0091,45,68
U+3059,100249371_00027_1,873,1918,B0001,C0092,64,74
U+304F,100249371_00027_1,881,1992,B0001,C0093,43,56
U+3072,100249371_00027_1,865,2048,B0001,C0094,67,85
U+3068,100249371_00027_1,890,2133,B0001,C0095,20,64
U+308A,100249371_00027_1,878,2197,B0001,C0096,35,75
U+53C8,100249371_00027_1,858,2274,B0001,C0097,86,77
U+4E00,100249371_00027_1,867,2375,B0001,C0098,64,8
U+305F,100249371_00027_1,883,2398,B0001,C0099,34,79
U+304D,100249371_00027_1,873,2477,B0001,C0100,44,104
U+3059,100249371_00027_1,869,2581,B0001,C0101,52,64
U+308C,100249371_00027_1,849,2648,B0001,C0102,95,74
U+3070,100249371_00027_1,711,444,B0001,C0103,93,68
U+57A2,100249371_00027_1,690,549,B0001,C0104,102,87
U+306E,100249371_00027_1,715,661,B0001,C0105,55,59
U+3053,100249371_00027_1,727,723,B0001,C0106,40,68
U+3089,100249371_00027_1,740,791,B0001,C0107,26,109
U+305A,100249371_00027_1,712,888,B0001,C0108,100,123
U+4E0A,100249371_00027_1,724,1019,B0001,C0109,56,87
U+3078,100249371_00027_1,704,1112,B0001,C0110,81,58
U+3046,100249371_00027_1,729,1178,B0001,C0111,30,79
U+304F,100249371_00027_1,726,1266,B0001,C0112,21,62
U+4E5F,100249371_00027_1,711,1340,B0001,C0113,62,57
U+5176,100249371_00027_1,720,1410,B0001,C0114,37,129
U+57A2,100249371_00027_1,686,1541,B0001,C0115,100,92
U+3092,100249371_00027_1,709,1638,B0001,C0116,62,81
U+53D6,100249371_00027_1,701,1723,B0001,C0117,70,91
U+5C3D,100249371_00027_1,702,1814,B0001,C0118,63,101
U+3057,100249371_00027_1,731,1915,B0001,C0119,17,76
U+5E03,100249371_00027_1,692,2010,B0001,C0120,84,101
U+306B,100249371_00027_1,720,2111,B0001,C0121,21,57
U+3066,100249371_00027_1,705,2177,B0001,C0122,45,51
U+6F09,100249371_00027_1,685,2248,B0001,C0123,99,90
U+3057,100249371_00027_1,722,2347,B0001,C0124,15,76
U+58F7,100249371_00027_1,679,2447,B0001,C0125,99,122
U+306B,100249371_00027_1,719,2569,B0001,C0126,29,151
U+8CAF,100249371_00027_1,521,464,B0001,C0127,96,113
U+3078,100249371_00027_1,514,577,B0001,C0128,108,74
U+304A,100249371_00027_1,534,646,B0001,C0129,72,63
U+304F,100249371_00027_1,566,709,B0001,C0130,22,64
U+306A,100249371_00027_1,535,782,B0001,C0131,68,78
U+308A,100249371_00027_1,547,860,B0001,C0132,36,89
U+25CB,100249371_00027_1,548,963,B0001,C0133,41,41
U+6C37,100249371_00027_1,519,1031,B0001,C0134,92,92
U+7802,100249371_00027_1,513,1156,B0001,C0135,101,77
U+7CD6,100249371_00027_1,508,1244,B0001,C0136,99,111
U+306E,100249371_00027_1,543,1370,B0001,C0137,53,61
U+307F,100249371_00027_1,555,1450,B0001,C0138,20,71
U+3064,100249371_00027_1,520,1523,B0001,C0139,77,57
U+3082,100249371_00027_1,545,1590,B0001,C0140,35,85
U+53F3,100249371_00027_1,526,1698,B0001,C0141,71,67
U+540C,100249371_00027_1,534,1793,B0001,C0142,54,54
U+65AD,100249371_00027_1,528,1854,B0001,C0143,62,108
U+306B,100249371_00027_1,549,1966,B0001,C0144,23,52
U+3057,100249371_00027_1,557,2021,B0001,C0145,16,66
U+3066,100249371_00027_1,534,2087,B0001,C0146,44,57
U+3088,100249371_00027_1,541,2149,B0001,C0147,28,70
U+3057,100249371_00027_1,543,2219,B0001,C0148,17,132
U+25CB,100249371_00027_1,367,648,B0001,C0149,50,49
U+3042,100249371_00027_1,347,764,B0001,C0150,73,109
U+3052,100249371_00027_1,353,875,B0001,C0151,106,112
U+307E,100249371_00027_1,364,984,B0001,C0152,43,116
U+304D,100249371_00027_1,363,1102,B0001,C0153,38,112
U+306E,100249371_00027_1,356,1246,B0001,C0154,53,80
U+6CD5,100249371_00027_1,345,1326,B0001,C0155,75,113
U+7CEF,100249371_00027_1,158,558,B0001,C0156,97,120
U+7C73,100249371_00027_1,164,689,B0001,C0157,88,117
U+306E,100249371_00027_1,172,850,B0001,C0158,60,82
U+7C89,100249371_00027_1,158,935,B0001,C0159,112,132
U+5BD2,100249371_00027_1,208,1103,B0001,C0160,58,105
U+3055,100249371_00027_1,230,1208,B0001,C0161,23,53
U+3089,100249371_00027_1,235,1261,B0001,C0162,24,53
U+3057,100249371_00027_1,219,1270,B0001,C0163,55,94
U+58F1,100249371_00027_1,178,1417,B0001,C0164,63,143
U+5408,100249371_00027_1,164,1605,B0001,C0165,87,140
U+767D,100249371_00027_2,1612,656,B0001,C0001,65,101
U+7802,100249371_00027_2,1593,841,B0001,C0002,110,91
U+7CD6,100249371_00027_2,1589,988,B0001,C0003,105,136
U+4E09,100249371_00027_2,1607,1434,B0001,C0004,84,79
U+5341,100249371_00027_2,1608,1517,B0001,C0005,78,92
U+76EE,100249371_00027_2,1611,1617,B0001,C0006,71,103
U+53F3,100249371_00027_2,1426,495,B0001,C0007,85,118
U+4E8C,100249371_00027_2,1433,642,B0001,C0008,80,67
U+54C1,100249371_00027_2,1426,740,B0001,C0009,97,89
U+3088,100249371_00027_2,1462,846,B0001,C0010,32,62
U+304F,100249371_00027_2,1465,908,B0001,C0011,27,78
U+3053,100249371_00027_2,1444,994,B0001,C0012,71,115
U+306D,100249371_00027_2,1422,1109,B0001,C0013,102,93
U+5408,100249371_00027_2,1423,1218,B0001,C0014,108,93
U+3057,100249371_00027_2,1474,1318,B0001,C0015,10,69
U+767D,100249371_00027_2,1427,1421,B0001,C0016,83,77
U+89D2,100249371_00027_2,1426,1519,B0001,C0017,73,118
U+8C46,100249371_00027_2,1432,1642,B0001,C0018,58,108
U+306E,100249371_00027_2,1435,1757,B0001,C0019,59,60
U+3053,100249371_00027_2,1431,1824,B0001,C0020,69,77
U+3057,100249371_00027_2,1463,1901,B0001,C0021,14,93
U+7C89,100249371_00027_2,1416,1989,B0001,C0022,105,114
U+306B,100249371_00027_2,1449,2107,B0001,C0023,20,63
U+8D64,100249371_00027_2,1414,2177,B0001,C0024,92,105
U+5C0F,100249371_00027_2,1416,2293,B0001,C0025,81,49
U+8C46,100249371_00027_2,1416,2355,B0001,C0026,65,107
U+3092,100249371_00027_2,1416,2482,B0001,C0027,72,67
U+3088,100249371_00027_2,1443,2570,B0001,C0028,28,54
U+304F,100249371_00027_2,1439,2624,B0001,C0029,36,90
U+716E,100249371_00027_2,1252,503,B0001,C0030,82,154
U+3066,100249371_00027_2,1266,669,B0001,C0031,49,54
U+4E38,100249371_00027_2,1262,749,B0001,C0032,81,82
U+7C92,100249371_00027_2,1256,837,B0001,C0033,88,96
U+306B,100249371_00027_2,1287,944,B0001,C0034,22,65
U+3066,100249371_00027_2,1273,1009,B0001,C0035,52,65
U+5165,100249371_00027_2,1256,1094,B0001,C0036,90,73
U+7802,100249371_00027_2,1250,1183,B0001,C0037,104,74
U+7CD6,100249371_00027_2,1254,1259,B0001,C0038,90,117
U+6C34,100249371_00027_2,1264,1384,B0001,C0039,81,91
U+306B,100249371_00027_2,1292,1482,B0001,C0040,19,49
U+3066,100249371_00027_2,1273,1531,B0001,C0041,57,64
U+3053,100249371_00027_2,1275,1608,B0001,C0042,48,68
U+306D,100249371_00027_2,1266,1676,B0001,C0043,58,75
U+4E38,100249371_00027_2,1250,1751,B0001,C0044,82,80
U+3081,100249371_00027_2,1261,1839,B0001,C0045,70,47
U+53F3,100249371_00027_2,1256,1886,B0001,C0046,83,78
U+306B,100249371_00027_2,1294,1960,B0001,C0047,34,35
U+3066,100249371_00027_2,1272,1995,B0001,C0048,55,60
U+5305,100249371_00027_2,1260,2055,B0001,C0049,66,94
U+307F,100249371_00027_2,1281,2149,B0001,C0050,31,61
U+68F9,100249371_00027_2,1235,2214,B0001,C0051,101,94
U+306B,100249371_00027_2,1283,2308,B0001,C0052,24,65
U+3057,100249371_00027_2,1286,2373,B0001,C0053,13,67
U+7AF9,100249371_00027_2,1246,2450,B0001,C0054,84,100
U+306E,100249371_00027_2,1263,2554,B0001,C0055,45,56
U+76AE,100249371_00027_2,1252,2619,B0001,C0056,76,90
U+306B,100249371_00027_2,1087,507,B0001,C0057,67,68
U+5DFB,100249371_00027_2,1084,575,B0001,C0058,61,152
U+3066,100249371_00027_2,1094,727,B0001,C0059,44,70
U+84B8,100249371_00027_2,1075,806,B0001,C0060,88,124
U+3057,100249371_00027_2,1109,939,B0001,C0061,19,93
U+51B7,100249371_00027_2,1079,1037,B0001,C0062,82,86
U+3057,100249371_00027_2,1106,1117,B0001,C0063,23,75
U+3066,100249371_00027_2,1090,1192,B0001,C0064,52,63
U+5207,100249371_00027_2,1054,1279,B0001,C0065,109,56
U+308A,100249371_00027_2,1111,1332,B0001,C0066,31,87
U+7528,100249371_00027_2,1100,1426,B0001,C0067,49,104
U+3086,100249371_00027_2,1091,1531,B0001,C0068,57,66
U+308B,100249371_00027_2,1098,1597,B0001,C0069,40,72
U+306A,100249371_00027_2,1086,1679,B0001,C0070,56,73
U+308A,100249371_00027_2,1105,1752,B0001,C0071,26,89
U+25CB,100249371_00027_2,928,671,B0001,C0072,53,58
U+5BD2,100249371_00027_2,898,765,B0001,C0073,103,156
U+6652,100249371_00027_2,894,951,B0001,C0074,104,80
U+306E,100249371_00027_2,923,1052,B0001,C0075,49,53
U+7C89,100249371_00027_2,903,1125,B0001,C0076,99,97
U+306E,100249371_00027_2,914,1248,B0001,C0077,66,71
U+88FD,100249371_00027_2,909,1337,B0001,C0078,79,131
U+6CD5,100249371_00027_2,898,1486,B0001,C0079,92,101
U+7CEF,100249371_00027_2,722,494,B0001,C0080,100,126
U+7C73,100249371_00027_2,730,620,B0001,C0081,88,132
U+7CB3,100249371_00027_2,719,780,B0001,C0082,96,123
U+7C73,100249371_00027_2,730,903,B0001,C0083,86,120
U+3068,100249371_00027_2,765,1036,B0001,C0084,26,78
U+3082,100249371_00027_2,752,1114,B0001,C0085,46,68
U+6975,100249371_00027_2,728,1216,B0001,C0086,98,90
U+4E0A,100249371_00027_2,741,1317,B0001,C0087,63,90
U+3005,100249371_00027_2,763,1407,B0001,C0088,22,65
U+306E,100249371_00027_2,749,1490,B0001,C0089,52,73
U+767D,100249371_00027_2,741,1571,B0001,C0090,67,92
U+7C73,100249371_00027_2,733,1665,B0001,C0091,78,104
U+3092,100249371_00027_2,737,1793,B0001,C0092,57,61
U+708A,100249371_00027_2,718,1879,B0001,C0093,96,80
U+3057,100249371_00027_2,751,1951,B0001,C0094,28,83
U+3066,100249371_00027_2,737,2034,B0001,C0095,49,71
U+4E03,100249371_00027_2,731,2135,B0001,C0096,67,55
U+65E5,100249371_00027_2,733,2214,B0001,C0097,69,64
U+3064,100249371_00027_2,732,2295,B0001,C0098,68,68
U+3051,100249371_00027_2,734,2363,B0001,C0099,62,86
U+7F6E,100249371_00027_2,722,2449,B0001,C0100,68,102
U+4E5F,100249371_00027_2,735,2576,B0001,C0101,56,70
U+4F46,100249371_00027_2,590,510,B0001,C0102,73,75
U+4E8C,100249371_00027_2,560,628,B0001,C0103,81,73
U+65E5,100249371_00027_2,574,716,B0001,C0104,55,69
U+306B,100249371_00027_2,567,785,B0001,C0105,72,60
U+4E00,100249371_00027_2,558,869,B0001,C0106,88,30
U+5EA6,100249371_00027_2,560,899,B0001,C0107,107,131
U+3064,100249371_00027_2,572,1051,B0001,C0108,65,36
U+309D,100249371_00027_2,606,1087,B0001,C0109,18,32
U+6C34,100249371_00027_2,551,1143,B0001,C0110,95,105
U+3092,100249371_00027_2,568,1252,B0001,C0111,66,70
U+304B,100249371_00027_2,588,1340,B0001,C0112,26,59
U+3078,100249371_00027_2,551,1399,B0001,C0113,87,40
U+308B,100249371_00027_2,584,1448,B0001,C0114,35,67
U+4E03,100249371_00027_2,553,1550,B0001,C0115,89,53
U+65E5,100249371_00027_2,570,1625,B0001,C0116,59,62
U+7D4C,100249371_00027_2,547,1690,B0001,C0117,100,120
U+3066,100249371_00027_2,583,1810,B0001,C0118,25,108
U+77F3,100249371_00027_2,555,1936,B0001,C0119,83,83
U+81FC,100249371_00027_2,546,2035,B0001,C0120,92,83
U+306B,100249371_00027_2,581,2112,B0001,C0121,19,65
U+3066,100249371_00027_2,566,2177,B0001,C0122,40,62
U+633D,100249371_00027_2,538,2249,B0001,C0123,97,98
U+304B,100249371_00027_2,575,2371,B0001,C0124,31,54
U+3059,100249371_00027_2,551,2425,B0001,C0125,62,84
U+3092,100249371_00027_2,558,2514,B0001,C0126,61,72
U+6F09,100249371_00027_2,547,2605,B0001,C0127,91,91
U+3057,100249371_00027_2,524,2572,B0001,C0128,85,146
U+53BB,100249371_00027_2,393,494,B0001,C0129,53,89
U+308A,100249371_00027_2,400,589,B0001,C0130,42,96
U+53C8,100249371_00027_2,375,689,B0001,C0131,83,97
U+6876,100249371_00027_2,362,812,B0001,C0132,97,125
U+3078,100249371_00027_2,384,943,B0001,C0133,65,37
U+5165,100249371_00027_2,370,983,B0001,C0134,98,77
U+4E8C,100249371_00027_2,381,1070,B0001,C0135,73,63
U+65E5,100249371_00027_2,388,1147,B0001,C0136,55,70
U+3070,100249371_00027_2,394,1217,B0001,C0137,85,81
U+304B,100249371_00027_2,407,1298,B0001,C0138,24,49
U+308A,100249371_00027_2,399,1347,B0001,C0139,33,82
U+6DEA,100249371_00027_2,372,1447,B0001,C0140,96,122
U+3055,100249371_00027_2,404,1569,B0001,C0141,26,69
U+305B,100249371_00027_2,383,1638,B0001,C0142,63,87
U+6C34,100249371_00027_2,383,1748,B0001,C0143,67,137
U+3092,100249371_00027_2,384,1885,B0001,C0144,71,63
U+3055,100249371_00027_2,404,1964,B0001,C0145,35,52
U+308A,100249371_00027_2,398,2016,B0001,C0146,34,60
U+9EB9,100249371_00027_2,380,2104,B0001,C0147,91,105
U+3076,100249371_00027_2,375,2231,B0001,C0148,104,71
U+305F,100249371_00027_2,392,2302,B0001,C0149,38,73
U+306B,100249371_00027_2,391,2375,B0001,C0150,27,78
U+7D19,100249371_00027_2,367,2476,B0001,C0151,92,113
U+3092,100249371_00027_2,379,2621,B0001,C0152,66,75
U+6577,100249371_00027_2,211,494,B0001,C0153,87,123
U+4E0A,100249371_00027_2,210,651,B0001,C0154,61,87
U+3052,100249371_00027_2,212,738,B0001,C0155,93,97
U+3066,100249371_00027_2,225,835,B0001,C0156,23,91
U+5E72,100249371_00027_2,196,949,B0001,C0157,65,107
U+304B,100249371_00027_2,202,1064,B0001,C0158,74,51
U+305F,100249371_00027_2,224,1115,B0001,C0159,36,80
U+3081,100249371_00027_2,208,1195,B0001,C0160,66,72
U+7F6E,100249371_00027_2,202,1283,B0001,C0161,64,122
U+306A,100249371_00027_2,210,1422,B0001,C0162,61,81
U+308A,100249371_00027_2,216,1503,B0001,C0163,45,83
U+5E7E,100249371_00027_2,205,1595,B0001,C0164,94,129
U+5E74,100249371_00027_2,202,1720,B0001,C0165,69,144
U+7D4C,100249371_00027_2,194,1885,B0001,C0166,87,109
U+3066,100249371_00027_2,211,1994,B0001,C0167,47,49
U+3082,100249371_00027_2,221,2046,B0001,C0168,45,81
U+866B,100249371_00027_2,198,2142,B0001,C0169,70,99
U+3065,100249371_00027_2,188,2222,B0001,C0170,106,84
U+308B,100249371_00027_2,223,2311,B0001,C0171,29,54
U+4E8B,100249371_00027_2,200,2365,B0001,C0172,61,142
U+306A,100249371_00027_2,207,2507,B0001,C0173,50,89
U+3057,100249371_00027_2,229,2573,B0001,C0174,28,142
U+25CB,100249371_00028_1,1583,667,B0001,C0001,58,58
U+7092,100249371_00028_1,1546,786,B0001,C0002,108,90
U+7C73,100249371_00028_1,1568,912,B0001,C0003,86,106
U+306E,100249371_00028_1,1586,1044,B0001,C0004,45,67
U+88FD,100249371_00028_1,1562,1117,B0001,C0005,85,129
U+6CD5,100249371_00028_1,1567,1270,B0001,C0006,77,103
U+4E0A,100249371_00028_1,1405,488,B0001,C0007,66,99
U+3005,100249371_00028_1,1429,589,B0001,C0008,18,65
U+767D,100249371_00028_1,1401,662,B0001,C0009,65,94
U+7C73,100249371_00028_1,1394,756,B0001,C0010,80,116
U+65B0,100249371_00028_1,1376,943,B0001,C0011,95,107
U+7C73,100249371_00028_1,1390,1055,B0001,C0012,83,109
U+306A,100249371_00028_1,1399,1170,B0001,C0013,69,86
U+308C,100249371_00028_1,1403,1256,B0001,C0014,54,107
U+3070,100249371_00028_1,1399,1352,B0001,C0015,90,68
U+4E00,100249371_00028_1,1382,1463,B0001,C0016,86,21
U+65E5,100249371_00028_1,1406,1503,B0001,C0017,48,62
U+4E00,100249371_00028_1,1390,1597,B0001,C0018,75,24
U+591C,100249371_00028_1,1386,1621,B0001,C0019,81,138
U+6C34,100249371_00028_1,1377,1762,B0001,C0020,94,85
U+306B,100249371_00028_1,1407,1852,B0001,C0021,38,86
U+6D78,100249371_00028_1,1382,1938,B0001,C0022,93,117
U+3057,100249371_00028_1,1414,2049,B0001,C0023,22,87
U+7F6E,100249371_00028_1,1395,2136,B0001,C0024,65,116
U+53D6,100249371_00028_1,1394,2263,B0001,C0025,69,103
U+4E0A,100249371_00028_1,1401,2368,B0001,C0026,60,51
U+3044,100249371_00028_1,1386,2445,B0001,C0027,67,33
U+304B,100249371_00028_1,1420,2496,B0001,C0028,27,38
U+304D,100249371_00028_1,1407,2534,B0001,C0029,36,105
U+3078,100249371_00028_1,1382,2639,B0001,C0030,80,65
U+5165,100249371_00028_1,1200,483,B0001,C0031,104,85
U+6C34,100249371_00028_1,1229,562,B0001,C0032,61,111
U+6C17,100249371_00028_1,1219,673,B0001,C0033,81,126
U+3092,100249371_00028_1,1220,813,B0001,C0034,72,67
U+3088,100249371_00028_1,1245,895,B0001,C0035,31,50
U+304F,100249371_00028_1,1249,945,B0001,C0036,21,66
U+305F,100249371_00028_1,1228,1020,B0001,C0037,66,120
U+3089,100249371_00028_1,1250,1140,B0001,C0038,20,67
U+3057,100249371_00028_1,1249,1211,B0001,C0039,10,79
U+6587,100249371_00028_1,1201,1291,B0001,C0040,85,90
U+6B66,100249371_00028_1,1214,1381,B0001,C0041,77,104
U+706B,100249371_00028_1,1220,1472,B0001,C0042,73,101
U+306B,100249371_00028_1,1242,1573,B0001,C0043,20,64
U+3066,100249371_00028_1,1216,1637,B0001,C0044,64,76
U+7092,100249371_00028_1,1199,1727,B0001,C0045,107,95
U+306A,100249371_00028_1,1226,1825,B0001,C0046,40,79
U+308A,100249371_00028_1,1226,1904,B0001,C0047,43,88
U+53F3,100249371_00028_1,1209,1992,B0001,C0048,75,84
U+7092,100249371_00028_1,1204,2092,B0001,C0049,91,94
U+308A,100249371_00028_1,1229,2187,B0001,C0050,41,88
U+305F,100249371_00028_1,1234,2290,B0001,C0051,35,59
U+308B,100249371_00028_1,1227,2349,B0001,C0052,42,64
U+3092,100249371_00028_1,1211,2419,B0001,C0053,68,67
U+305D,100249371_00028_1,1226,2507,B0001,C0054,51,112
U+306E,100249371_00028_1,1226,2619,B0001,C0055,51,77
U+307E,100249371_00028_1,1063,475,B0001,C0056,51,100
U+309D,100249371_00028_1,1081,575,B0001,C0057,23,64
U+71B1,100249371_00028_1,1030,670,B0001,C0058,99,107
U+304D,100249371_00028_1,1062,777,B0001,C0059,42,116
U+3046,100249371_00028_1,1062,903,B0001,C0060,29,76
U+3061,100249371_00028_1,1054,980,B0001,C0061,46,86
U+306B,100249371_00028_1,1034,1075,B0001,C0062,80,55
U+9ED2,100249371_00028_1,1035,1162,B0001,C0063,85,104
U+7802,100249371_00028_1,1034,1290,B0001,C0064,94,81
U+7CD6,100249371_00028_1,1024,1382,B0001,C0065,91,117
U+91A4,100249371_00028_1,1029,1530,B0001,C0066,81,120
U+6CB9,100249371_00028_1,1032,1656,B0001,C0067,81,86
U+3059,100249371_00028_1,1037,1771,B0001,C0068,69,74
U+3053,100249371_00028_1,1051,1845,B0001,C0069,39,57
U+3057,100249371_00028_1,1065,1902,B0001,C0070,15,96
U+5165,100249371_00028_1,1021,2007,B0001,C0071,94,84
U+64B9,100249371_00028_1,1024,2095,B0001,C0072,93,107
U+305C,100249371_00028_1,1041,2208,B0001,C0073,82,78
U+3088,100249371_00028_1,1057,2297,B0001,C0074,32,68
U+304F,100249371_00028_1,1056,2365,B0001,C0075,27,77
U+3031,100249371_00028_1,1053,2455,B0001,C0076,43,232
U+307E,100249371_00028_1,889,482,B0001,C0077,49,92
U+3076,100249371_00028_1,849,574,B0001,C0078,116,82
U+3057,100249371_00028_1,904,647,B0001,C0079,18,107
U+84CB,100249371_00028_1,862,767,B0001,C0080,84,136
U+3092,100249371_00028_1,871,903,B0001,C0081,69,64
U+3057,100249371_00028_1,897,967,B0001,C0082,26,70
U+3066,100249371_00028_1,881,1037,B0001,C0083,44,75
U+5C11,100249371_00028_1,869,1118,B0001,C0084,75,89
U+3057,100249371_00028_1,899,1207,B0001,C0085,22,82
U+3082,100249371_00028_1,886,1289,B0001,C0086,42,80
U+6C17,100249371_00028_1,873,1385,B0001,C0087,77,119
U+306E,100249371_00028_1,880,1522,B0001,C0088,52,53
U+306C,100249371_00028_1,861,1596,B0001,C0089,84,81
U+3051,100249371_00028_1,871,1677,B0001,C0090,82,82
U+3056,100249371_00028_1,887,1752,B0001,C0091,69,73
U+308B,100249371_00028_1,884,1825,B0001,C0092,42,67
U+3084,100249371_00028_1,862,1903,B0001,C0093,80,49
U+3046,100249371_00028_1,892,1952,B0001,C0094,26,87
U+306B,100249371_00028_1,867,2039,B0001,C0095,72,59
U+8986,100249371_00028_1,872,2113,B0001,C0096,91,141
U+3072,100249371_00028_1,873,2273,B0001,C0097,77,62
U+7F6E,100249371_00028_1,880,2355,B0001,C0098,63,123
U+306F,100249371_00028_1,879,2478,B0001,C0099,66,57
U+66AB,100249371_00028_1,873,2566,B0001,C0100,74,137
U+6642,100249371_00028_1,703,471,B0001,C0101,90,129
U+306E,100249371_00028_1,723,610,B0001,C0102,55,67
U+9593,100249371_00028_1,723,684,B0001,C0103,55,112
U+306B,100249371_00028_1,707,798,B0001,C0104,83,64
U+306F,100249371_00028_1,723,878,B0001,C0105,42,84
U+3089,100249371_00028_1,738,962,B0001,C0106,15,80
U+3031,100249371_00028_1,728,1029,B0001,C0107,51,124
U+3068,100249371_00028_1,731,1153,B0001,C0108,19,73
U+4E7E,100249371_00028_1,711,1241,B0001,C0109,78,107
U+304D,100249371_00028_1,723,1338,B0001,C0110,55,118
U+4E0A,100249371_00028_1,710,1468,B0001,C0111,64,84
U+308A,100249371_00028_1,733,1552,B0001,C0112,32,67
U+3066,100249371_00028_1,728,1619,B0001,C0113,25,90
U+8AA0,100249371_00028_1,700,1720,B0001,C0114,108,118
U+306B,100249371_00028_1,733,1838,B0001,C0115,31,80
U+7D76,100249371_00028_1,707,1932,B0001,C0116,80,126
U+5999,100249371_00028_1,698,2058,B0001,C0117,93,75
U+306E,100249371_00028_1,723,2157,B0001,C0118,49,54
U+597D,100249371_00028_1,705,2212,B0001,C0119,96,75
U+5473,100249371_00028_1,694,2298,B0001,C0120,102,72
U+3068,100249371_00028_1,734,2381,B0001,C0121,21,58
U+306A,100249371_00028_1,715,2439,B0001,C0122,50,56
U+308B,100249371_00028_1,728,2495,B0001,C0123,39,86
U+4E5F,100249371_00028_1,709,2581,B0001,C0124,78,67
U+5C24,100249371_00028_1,526,480,B0001,C0125,86,85
U+9ED2,100249371_00028_1,522,585,B0001,C0126,84,109
U+8C46,100249371_00028_1,531,704,B0001,C0127,68,115
U+306F,100249371_00028_1,526,841,B0001,C0128,60,37
U+5225,100249371_00028_1,514,900,B0001,C0129,90,113
U+6BB5,100249371_00028_1,525,1013,B0001,C0130,85,111
U+306B,100249371_00028_1,519,1139,B0001,C0131,83,59
U+7092,100249371_00028_1,516,1225,B0001,C0132,92,80
U+308A,100249371_00028_1,542,1305,B0001,C0133,48,102
U+7F6E,100249371_00028_1,527,1416,B0001,C0134,69,128
U+3066,100249371_00028_1,533,1544,B0001,C0135,52,69
U+4E00,100249371_00028_1,533,1635,B0001,C0136,66,19
U+8AF8,100249371_00028_1,524,1683,B0001,C0137,92,91
U+306B,100249371_00028_1,550,1774,B0001,C0138,32,59
U+64B9,100249371_00028_1,499,1858,B0001,C0139,105,109
U+305C,100249371_00028_1,538,1967,B0001,C0140,96,80
U+5165,100249371_00028_1,520,2071,B0001,C0141,89,59
U+308C,100249371_00028_1,544,2124,B0001,C0142,42,102
U+308B,100249371_00028_1,551,2226,B0001,C0143,39,72
U+306A,100249371_00028_1,544,2315,B0001,C0144,45,68
U+308A,100249371_00028_1,546,2383,B0001,C0145,39,84
U+3053,100249371_00028_1,539,2480,B0001,C0146,38,62
U+308C,100249371_00028_1,525,2542,B0001,C0147,88,79
U+3082,100249371_00028_1,544,2627,B0001,C0148,50,83
U+3042,100249371_00028_1,352,476,B0001,C0149,71,94
U+3064,100249371_00028_1,351,570,B0001,C0150,63,68
U+304D,100249371_00028_1,363,638,B0001,C0151,41,113
U+5185,100249371_00028_1,352,762,B0001,C0152,75,95
U+306B,100249371_00028_1,354,857,B0001,C0153,68,57
U+4E00,100249371_00028_1,348,962,B0001,C0154,83,14
U+8AF8,100249371_00028_1,350,1022,B0001,C0155,87,79
U+306B,100249371_00028_1,379,1130,B0001,C0156,24,68
U+5165,100249371_00028_1,336,1223,B0001,C0157,91,86
U+308B,100249371_00028_1,380,1309,B0001,C0158,23,80
U+3079,100249371_00028_1,336,1375,B0001,C0159,120,89
U+304D,100249371_00028_1,367,1466,B0001,C0160,37,108
U+306A,100249371_00028_1,350,1593,B0001,C0161,61,96
U+308A,100249371_00028_1,367,1689,B0001,C0162,37,101
U+25CB,100249371_00028_1,184,677,B0001,C0163,56,63
U+84EE,100249371_00028_1,170,790,B0001,C0164,90,158
U+7389,100249371_00028_1,181,1006,B0001,C0165,83,91
U+5B50,100249371_00028_1,197,1135,B0001,C0166,49,85
U+306E,100249371_00028_1,188,1262,B0001,C0167,56,88
U+6CD5,100249371_00028_1,174,1350,B0001,C0168,84,123
U+7AF9,100249371_00028_2,1590,482,B0001,C0001,93,116
U+306E,100249371_00028_2,1608,595,B0001,C0002,59,63
U+7BB8,100249371_00028_2,1587,670,B0001,C0003,99,137
U+306E,100249371_00028_2,1608,820,B0001,C0004,73,87
U+5148,100249371_00028_2,1606,918,B0001,C0005,87,111
U+3092,100249371_00028_2,1610,1054,B0001,C0006,73,62
U+5C16,100249371_00028_2,1611,1138,B0001,C0007,70,111
U+3089,100249371_00028_2,1642,1249,B0001,C0008,18,68
U+3057,100249371_00028_2,1643,1332,B0001,C0009,13,88
U+3066,100249371_00028_2,1624,1435,B0001,C0010,51,55
U+84EE,100249371_00028_2,1603,1503,B0001,C0011,90,127
U+306E,100249371_00028_2,1624,1638,B0001,C0012,56,62
U+5DE3,100249371_00028_2,1610,1714,B0001,C0013,78,120
U+306E,100249371_00028_2,1614,1850,B0001,C0014,69,75
U+4E2D,100249371_00028_2,1607,1925,B0001,C0015,76,104
U+306E,100249371_00028_2,1597,2010,B0001,C0016,106,88
U+7CF8,100249371_00028_2,1607,2098,B0001,C0017,81,133
U+3092,100249371_00028_2,1608,2232,B0001,C0018,71,70
U+3088,100249371_00028_2,1634,2323,B0001,C0019,27,69
U+304F,100249371_00028_2,1629,2394,B0001,C0020,29,91
U+3068,100249371_00028_2,1621,2512,B0001,C0021,46,81
U+308A,100249371_00028_2,1625,2593,B0001,C0022,41,104
U+9D8F,100249371_00028_2,1418,496,B0001,C0023,102,116
U+5375,100249371_00028_2,1424,638,B0001,C0024,95,94
U+306B,100249371_00028_2,1427,762,B0001,C0025,77,65
U+3046,100249371_00028_2,1456,834,B0001,C0026,37,81
U+3069,100249371_00028_2,1447,917,B0001,C0027,82,57
U+3093,100249371_00028_2,1433,974,B0001,C0028,91,80
U+306E,100249371_00028_2,1448,1059,B0001,C0029,53,72
U+7C89,100249371_00028_2,1424,1131,B0001,C0030,111,99
U+306B,100249371_00028_2,1433,1234,B0001,C0031,86,69
U+91A4,100249371_00028_2,1427,1325,B0001,C0032,88,126
U+6CB9,100249371_00028_2,1436,1451,B0001,C0033,93,77
U+3059,100249371_00028_2,1449,1542,B0001,C0034,65,76
U+3053,100249371_00028_2,1458,1620,B0001,C0035,44,54
U+3057,100249371_00028_2,1469,1683,B0001,C0036,18,69
U+548C,100249371_00028_2,1437,1758,B0001,C0037,84,80
U+3057,100249371_00028_2,1474,1838,B0001,C0038,15,69
U+3088,100249371_00028_2,1465,1917,B0001,C0039,29,62
U+304F,100249371_00028_2,1461,1979,B0001,C0040,24,70
U+3031,100249371_00028_2,1466,2020,B0001,C0041,39,108
U+4EA4,100249371_00028_2,1442,2147,B0001,C0042,65,108
U+305B,100249371_00028_2,1443,2255,B0001,C0043,58,73
U+5408,100249371_00028_2,1430,2338,B0001,C0044,85,109
U+3057,100249371_00028_2,1473,2456,B0001,C0045,12,72
U+53F3,100249371_00028_2,1443,2540,B0001,C0046,70,92
U+306E,100249371_00028_2,1449,2643,B0001,C0047,61,56
U+84EE,100249371_00028_2,1243,487,B0001,C0048,91,136
U+306E,100249371_00028_2,1274,646,B0001,C0049,52,46
U+5DE3,100249371_00028_2,1258,712,B0001,C0050,84,107
U+306E,100249371_00028_2,1260,816,B0001,C0051,99,90
U+4E2D,100249371_00028_2,1256,908,B0001,C0052,78,121
U+3078,100249371_00028_2,1252,1029,B0001,C0053,84,59
U+306A,100249371_00028_2,1265,1088,B0001,C0054,74,85
U+304C,100249371_00028_2,1285,1173,B0001,C0055,71,67
U+3057,100249371_00028_2,1296,1240,B0001,C0056,7,44
U+8FBC,100249371_00028_2,1250,1294,B0001,C0057,90,65
U+306A,100249371_00028_2,1274,1385,B0001,C0058,46,60
U+308A,100249371_00028_2,1287,1445,B0001,C0059,33,70
U+3055,100249371_00028_2,1286,1539,B0001,C0060,34,74
U+3066,100249371_00028_2,1276,1613,B0001,C0061,44,63
U+934B,100249371_00028_2,1261,1696,B0001,C0062,90,114
U+306B,100249371_00028_2,1259,1812,B0001,C0063,80,55
U+6E6F,100249371_00028_2,1262,1884,B0001,C0064,91,89
U+3092,100249371_00028_2,1275,1973,B0001,C0065,64,80
U+305F,100249371_00028_2,1291,2068,B0001,C0066,35,82
U+304E,100249371_00028_2,1295,2150,B0001,C0067,73,109
U+3089,100249371_00028_2,1291,2259,B0001,C0068,27,87
U+3057,100249371_00028_2,1296,2349,B0001,C0069,19,87
U+3053,100249371_00028_2,1274,2457,B0001,C0070,64,82
U+308C,100249371_00028_2,1275,2539,B0001,C0071,50,92
U+3092,100249371_00028_2,1271,2631,B0001,C0072,60,85
U+6E6F,100249371_00028_2,1081,488,B0001,C0073,83,93
U+716E,100249371_00028_2,1078,581,B0001,C0074,80,112
U+3057,100249371_00028_2,1107,702,B0001,C0075,21,93
U+716E,100249371_00028_2,1078,796,B0001,C0076,75,130
U+3078,100249371_00028_2,1074,929,B0001,C0077,93,52
U+304B,100249371_00028_2,1112,972,B0001,C0078,28,54
U+305F,100249371_00028_2,1102,1026,B0001,C0079,39,70
U+307E,100249371_00028_2,1098,1096,B0001,C0080,46,106
U+308A,100249371_00028_2,1097,1202,B0001,C0081,49,95
U+305F,100249371_00028_2,1106,1278,B0001,C0082,38,65
U+308B,100249371_00028_2,1107,1343,B0001,C0083,41,77
U+6642,100249371_00028_2,1078,1420,B0001,C0084,98,89
U+8F2A,100249371_00028_2,1074,1536,B0001,C0085,113,101
U+304E,100249371_00028_2,1102,1632,B0001,C0086,84,101
U+308A,100249371_00028_2,1107,1733,B0001,C0087,43,86
U+53C8,100249371_00028_2,1080,1821,B0001,C0088,98,87
U+306F,100249371_00028_2,1100,1910,B0001,C0089,51,29
U+306F,100249371_00028_2,1108,1954,B0001,C0090,45,84
U+3059,100249371_00028_2,1090,2038,B0001,C0091,73,73
U+304B,100249371_00028_2,1117,2111,B0001,C0092,26,40
U+3072,100249371_00028_2,1090,2151,B0001,C0093,80,74
U+306B,100249371_00028_2,1120,2234,B0001,C0094,22,28
U+5207,100249371_00028_2,1076,2277,B0001,C0095,91,65
U+308A,100249371_00028_2,1112,2342,B0001,C0096,31,72
U+7528,100249371_00028_2,1103,2421,B0001,C0097,46,95
U+3086,100249371_00028_2,1094,2516,B0001,C0098,57,61
U+308B,100249371_00028_2,1105,2577,B0001,C0099,33,53
U+4E5F,100249371_00028_2,1084,2633,B0001,C0100,86,58
U+25CB,100249371_00028_2,927,677,B0001,C0101,45,47
U+9B92,100249371_00028_2,896,779,B0001,C0102,108,124
U+6DC0,100249371_00028_2,907,956,B0001,C0103,89,108
U+5DDD,100249371_00028_2,908,1104,B0001,C0104,82,101
U+716E,100249371_00028_2,905,1213,B0001,C0105,93,120
U+306E,100249371_00028_2,924,1367,B0001,C0106,57,79
U+6CD5,100249371_00028_2,906,1446,B0001,C0107,90,114
U+9B92,100249371_00028_2,719,498,B0001,C0108,106,121
U+5F10,100249371_00028_2,733,665,B0001,C0109,83,89
U+4E09,100249371_00028_2,739,779,B0001,C0110,66,72
U+5BF8,100249371_00028_2,742,851,B0001,C0111,55,97
U+3088,100249371_00028_2,758,968,B0001,C0112,29,59
U+308A,100249371_00028_2,755,1027,B0001,C0113,41,94
U+4E94,100249371_00028_2,732,1121,B0001,C0114,81,80
U+516D,100249371_00028_2,737,1207,B0001,C0115,74,69
U+5BF8,100249371_00028_2,734,1286,B0001,C0116,77,92
U+4F4D,100249371_00028_2,726,1403,B0001,C0117,98,84
U+307E,100249371_00028_2,760,1499,B0001,C0118,46,91
U+3066,100249371_00028_2,746,1590,B0001,C0119,46,64
U+306E,100249371_00028_2,746,1667,B0001,C0120,56,65
U+9B5A,100249371_00028_2,737,1734,B0001,C0121,84,120
U+3092,100249371_00028_2,745,1868,B0001,C0122,65,65
U+51E1,100249371_00028_2,738,1949,B0001,C0123,92,76
U+9577,100249371_00028_2,738,2033,B0001,C0124,65,93
U+65E5,100249371_00028_2,742,2135,B0001,C0125,57,48
U+306A,100249371_00028_2,748,2201,B0001,C0126,63,70
U+308C,100249371_00028_2,742,2271,B0001,C0127,51,94
U+3070,100249371_00028_2,743,2355,B0001,C0128,79,67
U+4E8C,100249371_00028_2,730,2445,B0001,C0129,78,54
U+6642,100249371_00028_2,725,2522,B0001,C0130,89,72
U+6597,100249371_00028_2,742,2586,B0001,C0131,52,117
U+77ED,100249371_00028_2,551,500,B0001,C0132,95,110
U+65E5,100249371_00028_2,570,628,B0001,C0133,56,75
U+306A,100249371_00028_2,577,720,B0001,C0134,41,72
U+3089,100249371_00028_2,595,799,B0001,C0135,14,77
U+3070,100249371_00028_2,572,849,B0001,C0136,74,76
U+4E09,100249371_00028_2,563,946,B0001,C0137,63,70
U+6642,100249371_00028_2,555,1033,B0001,C0138,94,120
U+3070,100249371_00028_2,581,1154,B0001,C0139,59,77
U+304B,100249371_00028_2,590,1231,B0001,C0140,22,45
U+308A,100249371_00028_2,579,1289,B0001,C0141,39,82
U+9152,100249371_00028_2,559,1376,B0001,C0142,93,95
U+306B,100249371_00028_2,588,1471,B0001,C0143,28,74
U+6D78,100249371_00028_2,557,1560,B0001,C0144,91,105
U+3057,100249371_00028_2,603,1671,B0001,C0145,13,89
U+7F6E,100249371_00028_2,581,1774,B0001,C0146,55,105
U+306A,100249371_00028_2,579,1895,B0001,C0147,55,82
U+308A,100249371_00028_2,592,1977,B0001,C0148,31,76
U+5C24,100249371_00028_2,576,2090,B0001,C0149,59,89
U+9C57,100249371_00028_2,547,2211,B0001,C0150,100,125
U+306F,100249371_00028_2,567,2350,B0001,C0151,56,30
U+305D,100249371_00028_2,573,2405,B0001,C0152,40,74
U+306E,100249371_00028_2,575,2479,B0001,C0153,53,80
U+307E,100249371_00028_2,572,2559,B0001,C0154,44,71
U+309D,100249371_00028_2,587,2675,B0001,C0155,19,28
U+8178,100249371_00028_2,376,496,B0001,C0156,101,106
U+306F,100249371_00028_2,383,640,B0001,C0157,64,35
U+6CE5,100249371_00028_2,371,705,B0001,C0158,90,107
U+6C99,100249371_00028_2,375,814,B0001,C0159,85,92
U+3092,100249371_00028_2,379,935,B0001,C0160,64,69
U+3088,100249371_00028_2,404,1024,B0001,C0161,31,58
U+304F,100249371_00028_2,402,1082,B0001,C0162,30,71
U+53BB,100249371_00028_2,390,1172,B0001,C0163,60,89
U+308B,100249371_00028_2,397,1261,B0001,C0164,46,72
U+3079,100249371_00028_2,385,1331,B0001,C0165,89,54
U+3057,100249371_00028_2,395,1390,B0001,C0166,32,110
U+53F3,100249371_00028_2,380,1496,B0001,C0167,75,71
U+306E,100249371_00028_2,392,1583,B0001,C0168,53,70
U+304F,100249371_00028_2,412,1737,B0001,C0169,20,75
U+9152,100249371_00028_2,383,1829,B0001,C0170,80,90
U+306B,100249371_00028_2,384,1919,B0001,C0171,72,63
U+3072,100249371_00028_2,390,1998,B0001,C0172,68,67
U+305F,100249371_00028_2,406,2068,B0001,C0173,36,54
U+3057,100249371_00028_2,416,2122,B0001,C0174,17,64
U+305F,100249371_00028_2,379,2174,B0001,C0175,79,64
U+308B,100249371_00028_2,412,2238,B0001,C0176,31,66
U+3082,100249371_00028_2,396,2314,B0001,C0177,37,63
U+306E,100249371_00028_2,388,2377,B0001,C0178,56,49
U+3092,100249371_00028_2,389,2442,B0001,C0179,55,70
U+9152,100249371_00028_2,384,2525,B0001,C0180,81,74
U+6C34,100249371_00028_2,394,2602,B0001,C0181,53,112
U+304A,100249371_00028_2,189,496,B0001,C0182,71,61
U+306E,100249371_00028_2,200,583,B0001,C0183,55,55
U+3031,100249371_00028_2,220,638,B0001,C0184,43,108
U+7B49,100249371_00028_2,205,756,B0001,C0185,61,118
U+5206,100249371_00028_2,216,878,B0001,C0186,56,109
U+306B,100249371_00028_2,220,995,B0001,C0187,34,61
U+3057,100249371_00028_2,232,1056,B0001,C0188,22,57
U+3066,100249371_00028_2,213,1113,B0001,C0189,45,69
U+6587,100249371_00028_2,204,1194,B0001,C0190,74,93
U+6B66,100249371_00028_2,202,1287,B0001,C0191,88,107
U+706B,100249371_00028_2,202,1395,B0001,C0192,73,113
U+306B,100249371_00028_2,225,1508,B0001,C0193,25,53
U+3066,100249371_00028_2,212,1561,B0001,C0194,49,75
U+534A,100249371_00028_2,202,1647,B0001,C0195,74,101
U+65E5,100249371_00028_2,205,1766,B0001,C0196,63,66
U+3070,100249371_00028_2,211,1832,B0001,C0197,104,64
U+304B,100249371_00028_2,228,1896,B0001,C0198,24,41
U+308A,100249371_00028_2,224,1937,B0001,C0199,39,68
U+716E,100249371_00028_2,201,1999,B0001,C0200,81,122
U+3066,100249371_00028_2,220,2125,B0001,C0201,42,64
U+5176,100249371_00028_2,217,2201,B0001,C0202,42,97
U+4E0A,100249371_00028_2,207,2298,B0001,C0203,62,65
U+91A4,100249371_00028_2,195,2381,B0001,C0204,78,117
U+6CB9,100249371_00028_2,202,2498,B0001,C0205,74,90
U+3092,100249371_00028_2,202,2613,B0001,C0206,67,83
U+5C11,100249371_00029_1,1599,490,B0001,C0001,67,104
U+3057,100249371_00029_1,1626,581,B0001,C0002,16,82
U+5165,100249371_00029_1,1584,675,B0001,C0003,76,60
U+308C,100249371_00029_1,1595,731,B0001,C0004,45,93
U+53C8,100249371_00029_1,1586,841,B0001,C0005,81,85
U+9162,100249371_00029_1,1567,931,B0001,C0006,98,90
U+3092,100249371_00029_1,1593,1021,B0001,C0007,60,79
U+5C11,100249371_00029_1,1579,1111,B0001,C0008,79,82
U+3005,100249371_00029_1,1615,1189,B0001,C0009,17,69
U+5165,100249371_00029_1,1568,1266,B0001,C0010,92,69
U+3066,100249371_00029_1,1602,1335,B0001,C0011,25,94
U+307E,100249371_00029_1,1602,1443,B0001,C0012,41,92
U+305F,100249371_00029_1,1598,1535,B0001,C0013,47,75
U+6587,100249371_00029_1,1573,1624,B0001,C0014,88,89
U+6B66,100249371_00029_1,1577,1713,B0001,C0015,89,104
U+706B,100249371_00029_1,1581,1821,B0001,C0016,70,97
U+306B,100249371_00029_1,1598,1918,B0001,C0017,24,64
U+3066,100249371_00029_1,1587,1984,B0001,C0018,43,56
U+5BDB,100249371_00029_1,1576,2050,B0001,C0019,74,135
U+304F,100249371_00029_1,1595,2192,B0001,C0020,29,88
U+534A,100249371_00029_1,1593,2297,B0001,C0021,45,90
U+65E5,100249371_00029_1,1588,2395,B0001,C0022,54,58
U+3070,100249371_00029_1,1588,2472,B0001,C0023,83,80
U+304B,100249371_00029_1,1603,2552,B0001,C0024,30,59
U+308A,100249371_00029_1,1595,2611,B0001,C0025,38,90
U+716E,100249371_00029_1,1415,487,B0001,C0026,79,148
U+308B,100249371_00029_1,1445,635,B0001,C0027,32,79
U+306A,100249371_00029_1,1424,716,B0001,C0028,54,81
U+308A,100249371_00029_1,1437,802,B0001,C0029,32,76
U+524D,100249371_00029_1,1398,887,B0001,C0030,97,104
U+5F8C,100249371_00029_1,1410,991,B0001,C0031,82,117
U+51E1,100249371_00029_1,1418,1112,B0001,C0032,73,97
U+4E00,100249371_00029_1,1409,1237,B0001,C0033,86,25
U+65E5,100249371_00029_1,1423,1287,B0001,C0034,51,67
U+3070,100249371_00029_1,1427,1365,B0001,C0035,74,76
U+304B,100249371_00029_1,1441,1441,B0001,C0036,25,58
U+308A,100249371_00029_1,1426,1499,B0001,C0037,46,62
U+716E,100249371_00029_1,1401,1570,B0001,C0038,84,110
U+308B,100249371_00029_1,1427,1680,B0001,C0039,45,68
U+306A,100249371_00029_1,1409,1771,B0001,C0040,56,88
U+308A,100249371_00029_1,1422,1859,B0001,C0041,39,86
U+4F46,100249371_00029_1,1414,1970,B0001,C0042,75,71
U+3057,100249371_00029_1,1460,2041,B0001,C0043,10,57
U+53F3,100249371_00029_1,1401,2101,B0001,C0044,82,81
U+306E,100249371_00029_1,1411,2199,B0001,C0045,56,75
U+9162,100249371_00029_1,1390,2274,B0001,C0046,97,98
U+3092,100249371_00029_1,1403,2372,B0001,C0047,60,83
U+5165,100249371_00029_1,1372,2468,B0001,C0048,97,74
U+308B,100249371_00029_1,1422,2534,B0001,C0049,27,70
U+8AA0,100249371_00029_1,1236,488,B0001,C0050,110,136
U+306B,100249371_00029_1,1241,624,B0001,C0051,78,83
U+6975,100249371_00029_1,1219,741,B0001,C0052,106,110
U+79D8,100249371_00029_1,1219,852,B0001,C0053,106,108
U+4E8B,100249371_00029_1,1252,960,B0001,C0054,32,129
U+306A,100249371_00029_1,1241,1112,B0001,C0055,57,84
U+308A,100249371_00029_1,1254,1204,B0001,C0056,35,67
U+3055,100249371_00029_1,1225,1284,B0001,C0057,85,107
U+3059,100249371_00029_1,1249,1389,B0001,C0058,42,105
U+308C,100249371_00029_1,1239,1468,B0001,C0059,56,114
U+3070,100249371_00029_1,1239,1582,B0001,C0060,101,49
U+5176,100249371_00029_1,1243,1645,B0001,C0061,39,109
U+9AA8,100249371_00029_1,1209,1762,B0001,C0062,107,129
U+3059,100249371_00029_1,1225,1898,B0001,C0063,66,81
U+3053,100249371_00029_1,1235,1979,B0001,C0064,51,50
U+3057,100249371_00029_1,1255,2029,B0001,C0065,15,96
U+3082,100249371_00029_1,1234,2126,B0001,C0066,47,76
U+6B6F,100249371_00029_1,1205,2216,B0001,C0067,98,127
U+306B,100249371_00029_1,1242,2348,B0001,C0068,27,58
U+3053,100249371_00029_1,1240,2421,B0001,C0069,39,72
U+305F,100249371_00029_1,1241,2493,B0001,C0070,37,81
U+3078,100249371_00029_1,1203,2574,B0001,C0071,106,48
U+305A,100249371_00029_1,1231,2611,B0001,C0072,104,88
U+771F,100249371_00029_1,1073,490,B0001,C0073,66,120
U+306B,100249371_00029_1,1091,619,B0001,C0074,19,141
U+9EA9,100249371_00029_1,1055,782,B0001,C0075,85,136
U+3092,100249371_00029_1,1067,918,B0001,C0076,58,88
U+55AB,100249371_00029_1,1045,1053,B0001,C0077,86,125
U+3068,100249371_00029_1,1083,1181,B0001,C0078,24,80
U+540C,100249371_00029_1,1066,1279,B0001,C0079,59,84
U+3084,100249371_00029_1,1059,1363,B0001,C0080,83,91
U+3046,100249371_00029_1,1075,1454,B0001,C0081,33,110
U+306B,100249371_00029_1,1076,1567,B0001,C0082,22,57
U+306A,100249371_00029_1,1059,1643,B0001,C0083,57,87
U+308B,100249371_00029_1,1071,1730,B0001,C0084,37,79
U+306A,100249371_00029_1,1064,1809,B0001,C0085,37,91
U+308A,100249371_00029_1,1066,1900,B0001,C0086,38,93
U+25CB,100249371_00029_1,891,679,B0001,C0087,55,53
U+80B4,100249371_00029_1,879,767,B0001,C0088,59,158
U+3092,100249371_00029_1,885,925,B0001,C0089,59,83
U+5BD2,100249371_00029_1,877,1029,B0001,C0090,79,166
U+6C34,100249371_00029_1,870,1214,B0001,C0091,94,92
U+306B,100249371_00029_1,903,1306,B0001,C0092,26,73
U+6F2C,100249371_00029_1,869,1397,B0001,C0093,89,125
U+308B,100249371_00029_1,910,1524,B0001,C0094,27,76
U+5869,100249371_00029_1,864,1611,B0001,C0095,95,107
U+52A0,100249371_00029_1,870,1739,B0001,C0096,88,47
U+6E1B,100249371_00029_1,867,1807,B0001,C0097,107,100
U+306E,100249371_00029_1,888,1917,B0001,C0098,51,67
U+6CD5,100249371_00029_1,870,1998,B0001,C0099,92,89
U+9B5A,100249371_00029_1,714,485,B0001,C0100,85,123
U+9CE5,100249371_00029_1,721,621,B0001,C0101,59,140
U+83DC,100249371_00029_1,714,771,B0001,C0102,73,138
U+83D3,100249371_00029_1,716,938,B0001,C0103,60,121
U+4F55,100249371_00029_1,702,1095,B0001,C0104,83,79
U+306B,100249371_00029_1,735,1183,B0001,C0105,20,62
U+3066,100249371_00029_1,722,1245,B0001,C0106,43,66
U+3082,100249371_00029_1,727,1311,B0001,C0107,38,89
U+5BD2,100249371_00029_1,711,1425,B0001,C0108,68,142
U+6C34,100249371_00029_1,699,1567,B0001,C0109,93,99
U+306B,100249371_00029_1,732,1681,B0001,C0110,27,67
U+3064,100249371_00029_1,707,1769,B0001,C0111,75,87
U+3051,100249371_00029_1,717,1862,B0001,C0112,68,86
U+7F6E,100249371_00029_1,709,1961,B0001,C0113,66,97
U+3068,100249371_00029_1,732,2074,B0001,C0114,23,74
U+304D,100249371_00029_1,723,2148,B0001,C0115,29,108
U+5176,100249371_00029_1,711,2270,B0001,C0116,40,104
U+5869,100249371_00029_1,680,2374,B0001,C0117,94,101
U+304B,100249371_00029_1,699,2495,B0001,C0118,83,55
U+3052,100249371_00029_1,710,2559,B0001,C0119,82,77
U+3093,100249371_00029_1,697,2638,B0001,C0120,76,96
U+7B2C,100249371_00029_1,542,488,B0001,C0121,61,146
U+4E00,100249371_00029_1,533,639,B0001,C0122,67,21
U+306A,100249371_00029_1,536,697,B0001,C0123,66,77
U+308A,100249371_00029_1,561,780,B0001,C0124,33,67
U+5176,100249371_00029_1,550,860,B0001,C0125,39,102
U+6CD5,100249371_00029_1,526,964,B0001,C0126,84,102
U+306F,100249371_00029_1,549,1059,B0001,C0127,50,111
U+9D8F,100249371_00029_1,516,1189,B0001,C0128,93,133
U+5375,100249371_00029_1,521,1322,B0001,C0129,87,101
U+3092,100249371_00029_1,530,1443,B0001,C0130,68,64
U+58F1,100249371_00029_1,534,1522,B0001,C0131,55,123
U+3064,100249371_00029_1,537,1645,B0001,C0132,53,55
U+5176,100249371_00029_1,542,1717,B0001,C0133,34,111
U+6C34,100249371_00029_1,529,1986,B0001,C0134,82,84
U+306E,100249371_00029_1,543,2099,B0001,C0135,53,56
U+4E2D,100249371_00029_1,531,2155,B0001,C0136,69,99
U+3078,100249371_00029_1,523,2254,B0001,C0137,78,37
U+5165,100249371_00029_1,511,2305,B0001,C0138,91,72
U+308B,100249371_00029_1,551,2377,B0001,C0139,25,88
U+306B,100249371_00029_1,516,2465,B0001,C0140,72,72
U+5E95,100249371_00029_1,518,2547,B0001,C0141,79,117
U+306B,100249371_00029_1,524,2664,B0001,C0142,74,63
U+6C88,100249371_00029_1,348,492,B0001,C0143,96,105
U+3080,100249371_00029_1,358,597,B0001,C0144,78,93
U+3082,100249371_00029_1,384,714,B0001,C0145,38,97
U+306E,100249371_00029_1,368,811,B0001,C0146,58,65
U+306A,100249371_00029_1,367,887,B0001,C0147,44,69
U+308A,100249371_00029_1,377,956,B0001,C0148,37,81
U+5176,100249371_00029_1,365,1045,B0001,C0149,41,98
U+5074,100249371_00029_1,339,1143,B0001,C0150,93,119
U+3088,100249371_00029_1,377,1245,B0001,C0151,33,67
U+308A,100249371_00029_1,377,1312,B0001,C0152,35,88
U+5869,100249371_00029_1,340,1416,B0001,C0153,85,91
U+3092,100249371_00029_1,358,1529,B0001,C0154,53,73
U+6F38,100249371_00029_1,342,1602,B0001,C0155,88,107
U+3005,100249371_00029_1,375,1717,B0001,C0156,17,48
U+306B,100249371_00029_1,374,1795,B0001,C0157,24,53
U+5165,100249371_00029_1,332,1870,B0001,C0158,102,70
U+308C,100249371_00029_1,363,1921,B0001,C0159,48,115
U+306F,100249371_00029_1,356,2036,B0001,C0160,58,43
U+5869,100249371_00029_1,333,2098,B0001,C0161,95,96
U+52A0,100249371_00029_1,346,2196,B0001,C0162,86,83
U+6E1B,100249371_00029_1,338,2279,B0001,C0163,102,97
U+3088,100249371_00029_1,374,2370,B0001,C0164,21,65
U+304F,100249371_00029_1,371,2438,B0001,C0165,20,62
U+306A,100249371_00029_1,354,2524,B0001,C0166,57,72
U+308A,100249371_00029_1,365,2605,B0001,C0167,41,104
U+305F,100249371_00029_1,214,494,B0001,C0168,34,75
U+308B,100249371_00029_1,208,569,B0001,C0169,43,69
U+3068,100249371_00029_1,215,652,B0001,C0170,28,60
U+304D,100249371_00029_1,199,712,B0001,C0171,50,92
U+5176,100249371_00029_1,203,825,B0001,C0172,46,102
U+5375,100249371_00029_1,179,944,B0001,C0173,90,99
U+304A,100249371_00029_1,185,1061,B0001,C0174,77,49
U+306E,100249371_00029_1,193,1126,B0001,C0175,67,70
U+3065,100249371_00029_1,182,1190,B0001,C0176,107,79
U+304B,100249371_00029_1,211,1266,B0001,C0177,30,49
U+3089,100249371_00029_1,210,1315,B0001,C0178,23,76
U+6D6E,100249371_00029_1,174,1415,B0001,C0179,93,104
U+3042,100249371_00029_1,181,1530,B0001,C0180,73,82
U+304C,100249371_00029_1,202,1621,B0001,C0181,89,45
U+308B,100249371_00029_1,191,1666,B0001,C0182,46,54
U+3082,100249371_00029_1,192,1729,B0001,C0183,46,89
U+306E,100249371_00029_1,185,1818,B0001,C0184,52,87
U+306A,100249371_00029_1,185,1908,B0001,C0185,51,76
U+308A,100249371_00029_1,199,1984,B0001,C0186,35,75
U+662F,100249371_00029_1,184,2075,B0001,C0187,45,117
U+3092,100249371_00029_1,180,2192,B0001,C0188,60,71
U+5EA6,100249371_00029_1,174,2275,B0001,C0189,77,112
U+3068,100249371_00029_1,195,2394,B0001,C0190,30,77
U+3057,100249371_00029_1,206,2471,B0001,C0191,17,75
U+5869,100249371_00029_1,171,2547,B0001,C0192,81,83
U+3092,100249371_00029_1,185,2642,B0001,C0193,61,58
U+3068,100249371_00029_2,1629,506,B0001,C0001,45,69
U+309E,100249371_00029_2,1643,575,B0001,C0002,49,54
U+3081,100249371_00029_2,1615,651,B0001,C0003,63,56
U+5176,100249371_00029_2,1627,723,B0001,C0004,43,132
U+6C34,100249371_00029_2,1616,855,B0001,C0005,63,100
U+306B,100249371_00029_2,1613,965,B0001,C0006,73,57
U+6F2C,100249371_00029_2,1607,1041,B0001,C0007,81,121
U+304A,100249371_00029_2,1603,1162,B0001,C0008,85,74
U+304F,100249371_00029_2,1637,1238,B0001,C0009,26,75
U+306A,100249371_00029_2,1623,1331,B0001,C0010,56,76
U+308A,100249371_00029_2,1631,1407,B0001,C0011,39,76
U+7CBE,100249371_00029_2,1599,1487,B0001,C0012,96,127
U+9032,100249371_00029_2,1630,1605,B0001,C0013,49,107
U+306E,100249371_00029_2,1623,1729,B0001,C0014,46,67
U+7269,100249371_00029_2,1596,1796,B0001,C0015,88,75
U+306F,100249371_00029_2,1618,1898,B0001,C0016,57,33
U+4E00,100249371_00029_2,1609,1960,B0001,C0017,75,29
U+4E21,100249371_00029_2,1614,1997,B0001,C0018,70,109
U+5E74,100249371_00029_2,1605,2112,B0001,C0019,76,120
U+3082,100249371_00029_2,1619,2243,B0001,C0020,44,79
U+4FDD,100249371_00029_2,1594,2341,B0001,C0021,83,98
U+3064,100249371_00029_2,1595,2439,B0001,C0022,75,65
U+3079,100249371_00029_2,1602,2492,B0001,C0023,107,115
U+3057,100249371_00029_2,1626,2607,B0001,C0024,19,95
U+9B5A,100249371_00029_2,1442,502,B0001,C0025,77,105
U+9CE5,100249371_00029_2,1453,607,B0001,C0026,51,129
U+306E,100249371_00029_2,1446,755,B0001,C0027,60,61
U+985E,100249371_00029_2,1432,824,B0001,C0028,87,120
U+306F,100249371_00029_2,1450,958,B0001,C0029,57,35
U+6708,100249371_00029_2,1451,999,B0001,C0030,59,93
U+3092,100249371_00029_2,1453,1092,B0001,C0031,64,91
U+7D4C,100249371_00029_2,1439,1207,B0001,C0032,88,106
U+308B,100249371_00029_2,1463,1313,B0001,C0033,43,65
U+304F,100249371_00029_2,1456,1389,B0001,C0034,47,68
U+3089,100249371_00029_2,1468,1457,B0001,C0035,20,69
U+3090,100249371_00029_2,1431,1527,B0001,C0036,85,77
U+306F,100249371_00029_2,1450,1604,B0001,C0037,58,45
U+4FDD,100249371_00029_2,1438,1671,B0001,C0038,84,99
U+3064,100249371_00029_2,1447,1770,B0001,C0039,68,71
U+306A,100249371_00029_2,1448,1847,B0001,C0040,70,94
U+308A,100249371_00029_2,1463,1941,B0001,C0041,37,90
U+25CB,100249371_00029_2,1276,683,B0001,C0042,56,56
U+8AF8,100249371_00029_2,1254,776,B0001,C0043,91,103
U+9B5A,100249371_00029_2,1262,891,B0001,C0044,78,121
U+985E,100249371_00029_2,1243,1012,B0001,C0045,98,120
U+9AA8,100249371_00029_2,1257,1150,B0001,C0046,83,122
U+307E,100249371_00029_2,1281,1264,B0001,C0047,48,87
U+3067,100249371_00029_2,1276,1324,B0001,C0048,80,95
U+548C,100249371_00029_2,1255,1432,B0001,C0049,87,85
U+3089,100249371_00029_2,1288,1517,B0001,C0050,34,73
U+304B,100249371_00029_2,1283,1590,B0001,C0051,33,50
U+306B,100249371_00029_2,1259,1640,B0001,C0052,82,65
U+716E,100249371_00029_2,1262,1715,B0001,C0053,82,114
U+308B,100249371_00029_2,1282,1832,B0001,C0054,45,75
U+6CD5,100249371_00029_2,1259,1907,B0001,C0055,86,116
U+5C71,100249371_00029_2,1080,591,B0001,C0056,92,70
U+6942,100249371_00029_2,1065,685,B0001,C0057,97,121
U+5B50,100249371_00029_2,1092,806,B0001,C0058,54,94
U+58F1,100249371_00029_2,1091,1347,B0001,C0059,61,116
U+5473,100249371_00029_2,1070,1480,B0001,C0060,108,90
U+53F3,100249371_00029_2,915,499,B0001,C0061,80,97
U+5341,100249371_00029_2,926,610,B0001,C0062,59,84
U+7C92,100249371_00029_2,911,716,B0001,C0063,86,91
U+306F,100249371_00029_2,920,836,B0001,C0064,64,42
U+304B,100249371_00029_2,944,878,B0001,C0065,27,56
U+308A,100249371_00029_2,936,934,B0001,C0066,37,77
U+9B5A,100249371_00029_2,915,1016,B0001,C0067,86,127
U+3092,100249371_00029_2,925,1143,B0001,C0068,62,82
U+716E,100249371_00029_2,918,1229,B0001,C0069,84,116
U+308B,100249371_00029_2,947,1345,B0001,C0070,38,78
U+934B,100249371_00029_2,913,1448,B0001,C0071,97,97
U+3078,100249371_00029_2,920,1545,B0001,C0072,87,58
U+5165,100249371_00029_2,912,1611,B0001,C0073,97,82
U+4E00,100249371_00029_2,930,1708,B0001,C0074,66,20
U+8AF8,100249371_00029_2,917,1764,B0001,C0075,94,79
U+306B,100249371_00029_2,945,1853,B0001,C0076,22,69
U+716E,100249371_00029_2,915,1928,B0001,C0077,83,121
U+308B,100249371_00029_2,935,2049,B0001,C0078,54,67
U+3068,100249371_00029_2,934,2130,B0001,C0079,35,72
U+304D,100249371_00029_2,910,2202,B0001,C0080,88,83
U+306F,100249371_00029_2,909,2308,B0001,C0081,70,39
U+3044,100249371_00029_2,910,2372,B0001,C0082,67,62
U+304B,100249371_00029_2,931,2434,B0001,C0083,25,37
U+3084,100249371_00029_2,888,2471,B0001,C0084,92,77
U+3046,100249371_00029_2,923,2548,B0001,C0085,27,78
U+306E,100249371_00029_2,901,2642,B0001,C0086,63,65
U+9B5A,100249371_00029_2,740,508,B0001,C0087,66,149
U+306B,100249371_00029_2,727,670,B0001,C0088,78,74
U+3066,100249371_00029_2,743,744,B0001,C0089,44,56
U+3082,100249371_00029_2,737,800,B0001,C0090,61,79
U+548C,100249371_00029_2,722,890,B0001,C0091,91,88
U+3089,100249371_00029_2,759,978,B0001,C0092,30,76
U+304B,100249371_00029_2,761,1054,B0001,C0093,27,43
U+306B,100249371_00029_2,735,1097,B0001,C0094,76,60
U+306A,100249371_00029_2,738,1171,B0001,C0095,75,78
U+308B,100249371_00029_2,757,1249,B0001,C0096,38,66
U+4E8B,100249371_00029_2,744,1316,B0001,C0097,62,146
U+5999,100249371_00029_2,723,1494,B0001,C0098,104,82
U+306A,100249371_00029_2,759,1576,B0001,C0099,34,68
U+308A,100249371_00029_2,752,1644,B0001,C0100,42,93
U+53C8,100249371_00029_2,729,1760,B0001,C0101,84,81
U+6B64,100249371_00029_2,733,1848,B0001,C0102,86,74
U+5C71,100249371_00029_2,735,1936,B0001,C0103,82,60
U+6942,100249371_00029_2,724,1996,B0001,C0104,94,118
U+5B50,100249371_00029_2,747,2114,B0001,C0105,61,98
U+306F,100249371_00029_2,742,2228,B0001,C0106,63,38
U+9B5A,100249371_00029_2,735,2281,B0001,C0107,82,127
U+6BD2,100249371_00029_2,720,2419,B0001,C0108,94,138
U+3092,100249371_00029_2,731,2588,B0001,C0109,72,96
U+89E3,100249371_00029_2,553,511,B0001,C0110,97,139
U+3059,100249371_00029_2,585,644,B0001,C0111,48,112
U+529F,100249371_00029_2,565,763,B0001,C0112,84,75
U+80FD,100249371_00029_2,574,841,B0001,C0113,72,102
U+3042,100249371_00029_2,581,979,B0001,C0114,60,65
U+308A,100249371_00029_2,597,1046,B0001,C0115,35,104
U+25CB,100249371_00029_2,400,689,B0001,C0116,54,51
U+716E,100249371_00029_2,382,780,B0001,C0117,80,118
U+3006,100249371_00029_2,375,916,B0001,C0118,69,109
U+9D8F,100249371_00029_2,378,1039,B0001,C0119,91,122
U+5375,100249371_00029_2,377,1161,B0001,C0120,95,127
U+306E,100249371_00029_2,397,1305,B0001,C0121,50,62
U+5FC3,100249371_00029_2,377,1374,B0001,C0122,96,91
U+5F97,100249371_00029_2,382,1465,B0001,C0123,93,126
U+305F,100249371_00029_2,205,495,B0001,C0124,83,97
U+307E,100249371_00029_2,229,592,B0001,C0125,41,105
U+3053,100249371_00029_2,224,697,B0001,C0126,45,73
U+3092,100249371_00029_2,215,789,B0001,C0127,69,65
U+716E,100249371_00029_2,210,864,B0001,C0128,82,115
U+306C,100249371_00029_2,199,1002,B0001,C0129,93,57
U+304D,100249371_00029_2,227,1059,B0001,C0130,55,105
U+3059,100249371_00029_2,217,1184,B0001,C0131,64,74
U+308B,100249371_00029_2,227,1258,B0001,C0132,47,68
U+306B,100249371_00029_2,209,1326,B0001,C0133,82,55
U+9EC4,100249371_00029_2,217,1402,B0001,C0134,71,124
U+8EAB,100249371_00029_2,197,1526,B0001,C0135,76,108
U+4E00,100249371_00029_2,207,1651,B0001,C0136,75,28
U+65B9,100249371_00029_2,222,1679,B0001,C0137,51,133
U+306B,100249371_00029_2,198,1815,B0001,C0138,87,45
U+7247,100249371_00029_2,207,1872,B0001,C0139,78,91
U+3088,100249371_00029_2,226,1963,B0001,C0140,32,56
U+308A,100249371_00029_2,220,2019,B0001,C0141,41,62
U+3066,100249371_00029_2,213,2088,B0001,C0142,47,63
U+898B,100249371_00029_2,207,2162,B0001,C0143,78,95
U+304F,100249371_00029_2,215,2262,B0001,C0144,56,52
U+308B,100249371_00029_2,222,2314,B0001,C0145,43,68
U+3057,100249371_00029_2,236,2383,B0001,C0146,18,105
U+307E,100249371_00029_2,213,2500,B0001,C0147,46,96
U+3065,100249371_00029_2,209,2596,B0001,C0148,87,79
U+6E6F,100249371_00030_1,1553,523,B0001,C0001,102,84
U+306B,100249371_00030_1,1565,610,B0001,C0002,75,58
U+5869,100249371_00030_1,1556,690,B0001,C0003,92,98
U+3092,100249371_00030_1,1576,788,B0001,C0004,61,83
U+5C11,100249371_00030_1,1572,887,B0001,C0005,77,77
U+3057,100249371_00030_1,1609,971,B0001,C0006,12,67
U+5165,100249371_00030_1,1548,1053,B0001,C0007,109,79
U+3088,100249371_00030_1,1600,1117,B0001,C0008,24,68
U+304F,100249371_00030_1,1593,1185,B0001,C0009,25,55
U+3031,100249371_00030_1,1596,1207,B0001,C0010,38,118
U+308F,100249371_00030_1,1571,1335,B0001,C0011,85,50
U+304B,100249371_00030_1,1604,1385,B0001,C0012,24,61
U+3057,100249371_00030_1,1607,1446,B0001,C0013,16,78
U+7389,100249371_00030_1,1579,1507,B0001,C0014,70,77
U+5B50,100249371_00030_1,1583,1589,B0001,C0015,64,87
U+3092,100249371_00030_1,1571,1682,B0001,C0016,63,60
U+5165,100249371_00030_1,1548,1762,B0001,C0017,109,83
U+624B,100249371_00030_1,1580,1815,B0001,C0018,46,104
U+3092,100249371_00030_1,1569,1936,B0001,C0019,73,71
U+6B62,100249371_00030_1,1560,2018,B0001,C0020,89,68
U+3081,100249371_00030_1,1569,2086,B0001,C0021,70,54
U+305A,100249371_00030_1,1568,2140,B0001,C0022,105,79
U+7389,100249371_00030_1,1576,2222,B0001,C0023,71,82
U+5B50,100249371_00030_1,1578,2308,B0001,C0024,53,86
U+3092,100249371_00030_1,1567,2400,B0001,C0025,76,60
U+5EFB,100249371_00030_1,1570,2475,B0001,C0026,64,92
U+3059,100249371_00030_1,1581,2573,B0001,C0027,45,49
U+3079,100249371_00030_1,1577,2622,B0001,C0028,76,50
U+3057,100249371_00030_1,1553,2480,B0001,C0029,53,234
U+25CB,100249371_00030_1,1405,697,B0001,C0030,68,63
U+98A8,100249371_00030_1,1386,798,B0001,C0031,101,100
U+6D41,100249371_00030_1,1386,898,B0001,C0032,104,110
U+306E,100249371_00030_1,1403,1039,B0001,C0033,58,60
U+5438,100249371_00030_1,1379,1119,B0001,C0034,97,91
U+7269,100249371_00030_1,1380,1211,B0001,C0035,106,97
U+306E,100249371_00030_1,1407,1343,B0001,C0036,60,63
U+6CD5,100249371_00030_1,1397,1406,B0001,C0037,80,96
U+98EF,100249371_00030_1,1204,514,B0001,C0038,106,84
U+306E,100249371_00030_1,1236,623,B0001,C0039,47,53
U+7126,100249371_00030_1,1210,697,B0001,C0040,81,123
U+306B,100249371_00030_1,1215,821,B0001,C0041,82,64
U+5C71,100249371_00030_1,1212,918,B0001,C0042,83,72
U+6912,100249371_00030_1,1198,1003,B0001,C0043,109,91
U+306E,100249371_00030_1,1224,1107,B0001,C0044,60,90
U+7C89,100249371_00030_1,1208,1201,B0001,C0045,95,105
U+5C11,100249371_00030_1,1217,1320,B0001,C0046,75,81
U+3057,100249371_00030_1,1249,1412,B0001,C0047,15,86
U+3075,100249371_00030_1,1208,1514,B0001,C0048,79,80
U+308A,100249371_00030_1,1248,1594,B0001,C0049,27,58
U+304B,100249371_00030_1,1242,1665,B0001,C0050,18,39
U+3051,100249371_00030_1,1224,1704,B0001,C0051,57,73
U+7126,100249371_00030_1,1199,1801,B0001,C0052,95,120
U+3056,100249371_00030_1,1231,1921,B0001,C0053,89,75
U+308B,100249371_00030_1,1230,1996,B0001,C0054,43,63
U+65B9,100249371_00030_1,1212,2077,B0001,C0055,70,113
U+3092,100249371_00030_1,1210,2190,B0001,C0056,65,81
U+306F,100249371_00030_1,1216,2283,B0001,C0057,58,41
U+53C8,100249371_00030_1,1214,2337,B0001,C0058,75,92
U+3042,100249371_00030_1,1210,2421,B0001,C0059,65,78
U+3076,100249371_00030_1,1202,2502,B0001,C0060,99,58
U+308A,100249371_00030_1,1226,2560,B0001,C0061,36,80
U+3066,100249371_00030_1,1211,2640,B0001,C0062,49,67
U+3044,100249371_00030_1,1044,525,B0001,C0063,71,40
U+304B,100249371_00030_1,1078,565,B0001,C0064,30,56
U+3084,100249371_00030_1,1053,621,B0001,C0065,66,77
U+3046,100249371_00030_1,1063,698,B0001,C0066,30,79
U+306B,100249371_00030_1,1062,790,B0001,C0067,22,56
U+3082,100249371_00030_1,1046,858,B0001,C0068,45,60
U+5207,100249371_00030_1,1019,953,B0001,C0069,107,64
U+3066,100249371_00030_1,1063,1017,B0001,C0070,22,92
U+6975,100249371_00030_1,1030,1136,B0001,C0071,94,96
U+4E0A,100249371_00030_1,1051,1237,B0001,C0072,50,72
U+306E,100249371_00030_1,1053,1339,B0001,C0073,57,57
U+714E,100249371_00030_1,1037,1414,B0001,C0074,88,99
U+3058,100249371_00030_1,1063,1513,B0001,C0075,83,82
U+8336,100249371_00030_1,1037,1596,B0001,C0076,84,125
U+306B,100249371_00030_1,1068,1721,B0001,C0077,24,73
U+5165,100249371_00030_1,1023,1803,B0001,C0078,91,67
U+3066,100249371_00030_1,1062,1870,B0001,C0079,35,86
U+51FA,100249371_00030_1,1041,1963,B0001,C0080,84,72
U+3059,100249371_00030_1,1045,2035,B0001,C0081,63,80
U+306A,100249371_00030_1,1052,2126,B0001,C0082,54,82
U+308A,100249371_00030_1,1066,2208,B0001,C0083,30,76
U+5C24,100249371_00030_1,1035,2284,B0001,C0084,76,90
U+713C,100249371_00030_1,1030,2372,B0001,C0085,91,120
U+3057,100249371_00030_1,1065,2501,B0001,C0086,17,111
U+307B,100249371_00030_1,1042,2612,B0001,C0087,71,92
U+5C11,100249371_00030_1,880,518,B0001,C0088,83,80
U+3057,100249371_00030_1,907,608,B0001,C0089,9,86
U+3075,100249371_00030_1,858,717,B0001,C0090,85,71
U+308A,100249371_00030_1,902,788,B0001,C0091,31,76
U+304B,100249371_00030_1,902,864,B0001,C0092,23,87
U+3051,100249371_00030_1,883,953,B0001,C0093,60,74
U+308B,100249371_00030_1,890,1037,B0001,C0094,31,66
U+306A,100249371_00030_1,878,1124,B0001,C0095,67,73
U+308A,100249371_00030_1,901,1197,B0001,C0096,33,88
U+25CB,100249371_00030_1,720,711,B0001,C0097,51,52
U+540C,100249371_00030_1,706,837,B0001,C0098,70,91
U+53C8,100249371_00030_1,704,1141,B0001,C0099,65,93
U+65B9,100249371_00030_1,716,1234,B0001,C0100,47,104
U+7ADC,100249371_00030_1,500,511,B0001,C0101,110,139
U+773C,100249371_00030_1,505,677,B0001,C0102,111,94
U+8089,100249371_00030_1,529,794,B0001,C0103,65,100
U+5F10,100249371_00030_1,522,974,B0001,C0104,86,100
U+4E09,100249371_00030_1,527,1095,B0001,C0105,63,64
U+7C92,100249371_00030_1,503,1187,B0001,C0106,98,102
U+84FC,100249371_00030_1,522,1303,B0001,C0107,77,148
U+306E,100249371_00030_1,528,1467,B0001,C0108,57,52
U+7A42,100249371_00030_1,507,1519,B0001,C0109,103,107
U+3059,100249371_00030_1,520,1629,B0001,C0110,70,89
U+3053,100249371_00030_1,540,1718,B0001,C0111,34,65
U+3057,100249371_00030_1,548,1783,B0001,C0112,23,81
U+52A0,100249371_00030_1,509,1875,B0001,C0113,89,65
U+3048,100249371_00030_1,526,1940,B0001,C0114,66,81
U+8584,100249371_00030_1,514,2032,B0001,C0115,76,135
U+91A4,100249371_00030_1,516,2167,B0001,C0116,71,129
U+6CB9,100249371_00030_1,514,2296,B0001,C0117,84,82
U+306E,100249371_00030_1,526,2397,B0001,C0118,58,50
U+52A0,100249371_00030_1,502,2470,B0001,C0119,93,51
U+6E1B,100249371_00030_1,502,2521,B0001,C0120,103,116
U+3082,100249371_00030_1,539,2619,B0001,C0121,32,87
U+3088,100249371_00030_1,383,517,B0001,C0122,27,69
U+304F,100249371_00030_1,374,586,B0001,C0123,29,53
U+3057,100249371_00030_1,381,639,B0001,C0124,24,95
U+3066,100249371_00030_1,359,734,B0001,C0125,50,59
U+51FA,100249371_00030_1,356,824,B0001,C0126,89,64
U+3059,100249371_00030_1,369,903,B0001,C0127,57,75
U+3053,100249371_00030_1,376,1003,B0001,C0128,32,70
U+308C,100249371_00030_1,360,1073,B0001,C0129,54,122
U+53C8,100249371_00030_1,342,1195,B0001,C0130,88,95
U+98A8,100249371_00030_1,354,1295,B0001,C0131,75,94
U+6D41,100249371_00030_1,346,1390,B0001,C0132,90,95
U+306E,100249371_00030_1,359,1506,B0001,C0133,51,52
U+96C5,100249371_00030_1,326,1589,B0001,C0134,93,113
U+5473,100249371_00030_1,326,1702,B0001,C0135,108,110
U+3042,100249371_00030_1,341,1822,B0001,C0136,67,92
U+308B,100249371_00030_1,365,1914,B0001,C0137,33,56
U+3082,100249371_00030_1,362,1970,B0001,C0138,38,83
U+306E,100249371_00030_1,351,2053,B0001,C0139,53,77
U+306A,100249371_00030_1,350,2150,B0001,C0140,64,79
U+308A,100249371_00030_1,377,2229,B0001,C0141,37,79
U+25CB,100249371_00030_1,185,715,B0001,C0142,49,55
U+6804,100249371_00030_1,173,807,B0001,C0143,73,128
U+87BA,100249371_00030_1,161,960,B0001,C0144,96,93
U+751F,100249371_00030_1,180,1071,B0001,C0145,46,90
U+306B,100249371_00030_1,193,1161,B0001,C0146,19,74
U+3066,100249371_00030_1,178,1235,B0001,C0147,45,64
U+8EAB,100249371_00030_1,169,1311,B0001,C0148,64,102
U+306E,100249371_00030_1,175,1421,B0001,C0149,49,50
U+306C,100249371_00030_1,163,1484,B0001,C0150,68,57
U+304D,100249371_00030_1,189,1541,B0001,C0151,34,93
U+3084,100249371_00030_1,174,1634,B0001,C0152,66,75
U+3046,100249371_00030_1,188,1709,B0001,C0153,34,82
U+6804,100249371_00031_1,1561,511,B0001,C0001,84,115
U+87BA,100249371_00031_1,1549,641,B0001,C0002,96,103
U+751F,100249371_00031_1,1566,758,B0001,C0003,57,83
U+306B,100249371_00031_1,1582,854,B0001,C0004,27,68
U+3066,100249371_00031_1,1570,922,B0001,C0005,46,71
U+306F,100249371_00031_1,1567,993,B0001,C0006,56,50
U+4E2D,100249371_00031_1,1560,1049,B0001,C0007,72,106
U+3005,100249371_00031_1,1588,1155,B0001,C0008,22,55
U+8EAB,100249371_00031_1,1554,1223,B0001,C0009,69,94
U+306E,100249371_00031_1,1562,1334,B0001,C0010,61,57
U+306C,100249371_00031_1,1550,1398,B0001,C0011,80,73
U+3051,100249371_00031_1,1566,1471,B0001,C0012,70,76
U+3056,100249371_00031_1,1575,1547,B0001,C0013,66,69
U+308B,100249371_00031_1,1568,1616,B0001,C0014,50,60
U+3082,100249371_00031_1,1570,1683,B0001,C0015,41,82
U+306E,100249371_00031_1,1557,1765,B0001,C0016,50,61
U+4E5F,100249371_00031_1,1555,1826,B0001,C0017,72,59
U+662F,100249371_00031_1,1562,1896,B0001,C0018,57,103
U+3092,100249371_00031_1,1555,2009,B0001,C0019,74,64
U+306C,100249371_00031_1,1545,2082,B0001,C0020,75,52
U+304F,100249371_00031_1,1574,2134,B0001,C0021,36,67
U+306B,100249371_00031_1,1577,2207,B0001,C0022,23,67
U+306F,100249371_00031_1,1563,2274,B0001,C0023,59,45
U+5148,100249371_00031_1,1555,2323,B0001,C0024,75,95
U+9262,100249371_00031_1,1544,2426,B0001,C0025,96,95
U+76BF,100249371_00031_1,1539,2531,B0001,C0026,107,56
U+306B,100249371_00031_1,1580,2591,B0001,C0027,25,49
U+3066,100249371_00031_1,1576,2640,B0001,C0028,41,70
U+3082,100249371_00031_1,1411,510,B0001,C0029,44,71
U+6C34,100249371_00031_1,1383,604,B0001,C0030,96,100
U+3092,100249371_00031_1,1404,704,B0001,C0031,60,71
U+5165,100249371_00031_1,1385,790,B0001,C0032,95,65
U+5176,100249371_00031_1,1412,845,B0001,C0033,38,113
U+4E0A,100249371_00031_1,1402,958,B0001,C0034,54,69
U+3078,100249371_00031_1,1386,1027,B0001,C0035,87,56
U+7AF9,100249371_00031_1,1378,1097,B0001,C0036,99,96
U+306B,100249371_00031_1,1408,1193,B0001,C0037,23,56
U+3066,100249371_00031_1,1387,1249,B0001,C0038,56,57
U+3082,100249371_00031_1,1388,1306,B0001,C0039,55,68
U+6728,100249371_00031_1,1376,1378,B0001,C0040,84,94
U+306B,100249371_00031_1,1405,1472,B0001,C0041,24,57
U+3066,100249371_00031_1,1391,1529,B0001,C0042,50,66
U+3082,100249371_00031_1,1390,1599,B0001,C0043,41,78
U+7D30,100249371_00031_1,1379,1692,B0001,C0044,90,103
U+304D,100249371_00031_1,1395,1788,B0001,C0045,39,92
U+3082,100249371_00031_1,1387,1891,B0001,C0046,47,84
U+306E,100249371_00031_1,1381,1975,B0001,C0047,58,62
U+3092,100249371_00031_1,1379,2041,B0001,C0048,65,80
U+5F10,100249371_00031_1,1375,2130,B0001,C0049,81,91
U+672C,100249371_00031_1,1379,2221,B0001,C0050,63,109
U+6E21,100249371_00031_1,1366,2330,B0001,C0051,95,97
U+3057,100249371_00031_1,1400,2410,B0001,C0052,13,91
U+3053,100249371_00031_1,1383,2503,B0001,C0053,46,57
U+308C,100249371_00031_1,1375,2560,B0001,C0054,60,83
U+306B,100249371_00031_1,1365,2643,B0001,C0055,81,71
U+6804,100249371_00031_1,1213,507,B0001,C0056,74,130
U+87BA,100249371_00031_1,1199,637,B0001,C0057,96,105
U+306E,100249371_00031_1,1226,753,B0001,C0058,56,53
U+3075,100249371_00031_1,1201,817,B0001,C0059,82,71
U+305F,100249371_00031_1,1231,888,B0001,C0060,43,68
U+306E,100249371_00031_1,1228,969,B0001,C0061,53,57
U+65B9,100249371_00031_1,1221,1026,B0001,C0062,55,116
U+3092,100249371_00031_1,1215,1142,B0001,C0063,66,65
U+4E0B,100249371_00031_1,1221,1220,B0001,C0064,60,74
U+3078,100249371_00031_1,1201,1294,B0001,C0065,87,54
U+306A,100249371_00031_1,1218,1349,B0001,C0066,61,71
U+3057,100249371_00031_1,1225,1420,B0001,C0067,32,55
U+3066,100249371_00031_1,1211,1477,B0001,C0068,54,68
U+6C34,100249371_00031_1,1189,1545,B0001,C0069,86,91
U+304B,100249371_00031_1,1197,1650,B0001,C0070,77,50
U+309E,100249371_00031_1,1231,1684,B0001,C0071,78,44
U+307F,100249371_00031_1,1214,1728,B0001,C0072,34,78
U+3092,100249371_00031_1,1204,1806,B0001,C0073,66,75
U+898B,100249371_00031_1,1210,1895,B0001,C0074,60,83
U+3059,100249371_00031_1,1207,1983,B0001,C0075,60,77
U+308C,100249371_00031_1,1207,2060,B0001,C0076,47,89
U+306F,100249371_00031_1,1205,2149,B0001,C0077,61,53
U+5176,100249371_00031_1,1213,2202,B0001,C0078,42,98
U+6BBB,100249371_00031_1,1193,2300,B0001,C0079,79,107
U+304A,100249371_00031_1,1185,2418,B0001,C0080,85,46
U+306E,100249371_00031_1,1197,2483,B0001,C0081,57,42
U+308C,100249371_00031_1,1198,2525,B0001,C0082,60,101
U+3068,100249371_00031_1,1216,2626,B0001,C0083,29,76
U+51FA,100249371_00031_1,1032,508,B0001,C0084,82,74
U+308B,100249371_00031_1,1062,582,B0001,C0085,32,75
U+3082,100249371_00031_1,1052,657,B0001,C0086,47,97
U+306E,100249371_00031_1,1036,754,B0001,C0087,56,65
U+4E5F,100249371_00031_1,1036,819,B0001,C0088,78,71
U+5176,100249371_00031_1,1051,891,B0001,C0089,44,111
U+3068,100249371_00031_1,1056,1002,B0001,C0090,28,64
U+304D,100249371_00031_1,1044,1063,B0001,C0091,48,102
U+6025,100249371_00031_1,1026,1173,B0001,C0092,80,111
U+306B,100249371_00031_1,1050,1284,B0001,C0093,29,69
U+629C,100249371_00031_1,1019,1364,B0001,C0094,98,101
U+51FA,100249371_00031_1,1020,1474,B0001,C0095,87,67
U+3059,100249371_00031_1,1037,1541,B0001,C0096,54,70
U+3079,100249371_00031_1,1010,1611,B0001,C0097,99,71
U+3057,100249371_00031_1,1055,1665,B0001,C0098,14,153
U+25CB,100249371_00031_1,874,683,B0001,C0099,50,54
U+6804,100249371_00031_1,852,764,B0001,C0100,79,114
U+87BA,100249371_00031_1,841,896,B0001,C0101,99,99
U+306E,100249371_00031_1,866,1011,B0001,C0102,52,54
U+58F7,100249371_00031_1,847,1071,B0001,C0103,86,114
U+3084,100249371_00031_1,843,1201,B0001,C0104,92,55
U+304D,100249371_00031_1,873,1256,B0001,C0105,34,101
U+5FC3,100249371_00031_1,842,1366,B0001,C0106,87,78
U+5F97,100249371_00031_1,853,1444,B0001,C0107,74,95
U+3079,100249371_00031_1,846,1539,B0001,C0108,97,65
U+304D,100249371_00031_1,870,1604,B0001,C0109,42,102
U+8853,100249371_00031_1,841,1719,B0001,C0110,94,105
U+6D77,100249371_00031_1,693,493,B0001,C0111,99,99
U+6D5C,100249371_00031_1,688,606,B0001,C0112,82,119
U+306B,100249371_00031_1,717,724,B0001,C0113,20,63
U+3066,100249371_00031_1,703,789,B0001,C0114,43,64
U+6804,100249371_00031_1,689,869,B0001,C0115,75,116
U+87BA,100249371_00031_1,674,1004,B0001,C0116,94,98
U+3092,100249371_00031_1,689,1125,B0001,C0117,70,67
U+5CF6,100249371_00031_1,683,1200,B0001,C0118,70,130
U+3084,100249371_00031_1,671,1342,B0001,C0119,90,72
U+304D,100249371_00031_1,690,1405,B0001,C0120,58,97
U+3068,100249371_00031_1,706,1502,B0001,C0121,28,79
U+3066,100249371_00031_1,686,1581,B0001,C0122,59,78
U+713C,100249371_00031_1,669,1662,B0001,C0123,99,128
U+306A,100249371_00031_1,696,1805,B0001,C0124,57,87
U+308A,100249371_00031_1,687,1892,B0001,C0125,49,103
U+5176,100249371_00031_1,687,1986,B0001,C0126,52,87
U+3068,100249371_00031_1,703,2075,B0001,C0127,24,67
U+304D,100249371_00031_1,682,2134,B0001,C0128,53,105
U+5176,100249371_00031_1,682,2252,B0001,C0129,49,93
U+5B9F,100249371_00031_1,674,2356,B0001,C0130,69,105
U+8C9D,100249371_00031_1,677,2463,B0001,C0131,56,99
U+3092,100249371_00031_1,683,2569,B0001,C0132,61,70
U+306F,100249371_00031_1,678,2646,B0001,C0133,53,89
U+306A,100249371_00031_1,530,498,B0001,C0134,59,78
U+308C,100249371_00031_1,514,576,B0001,C0135,98,77
U+98DB,100249371_00031_1,523,676,B0001,C0136,67,116
U+3076,100249371_00031_1,498,792,B0001,C0137,113,79
U+4E94,100249371_00031_1,504,974,B0001,C0138,96,71
U+516D,100249371_00031_1,519,1057,B0001,C0139,65,72
U+9593,100249371_00031_1,524,1129,B0001,C0140,46,93
U+306B,100249371_00031_1,534,1222,B0001,C0141,22,58
U+3082,100249371_00031_1,514,1280,B0001,C0142,51,64
U+53CA,100249371_00031_1,506,1364,B0001,C0143,74,77
U+3072,100249371_00031_1,513,1443,B0001,C0144,74,81
U+3082,100249371_00031_1,530,1531,B0001,C0145,41,80
U+3057,100249371_00031_1,546,1611,B0001,C0146,13,49
U+4EBA,100249371_00031_1,496,1671,B0001,C0147,91,66
U+306B,100249371_00031_1,530,1739,B0001,C0148,35,65
U+3042,100249371_00031_1,506,1822,B0001,C0149,67,77
U+305F,100249371_00031_1,513,1899,B0001,C0150,44,53
U+308B,100249371_00031_1,511,1952,B0001,C0151,43,80
U+6642,100249371_00031_1,491,2032,B0001,C0152,81,86
U+306F,100249371_00031_1,511,2119,B0001,C0153,28,53
U+7532,100249371_00031_1,495,2180,B0001,C0154,76,87
U+306B,100249371_00031_1,517,2267,B0001,C0155,22,66
U+3066,100249371_00031_1,498,2333,B0001,C0156,47,72
U+50B7,100249371_00031_1,488,2418,B0001,C0157,99,92
U+4ED8,100249371_00031_1,508,2510,B0001,C0158,63,80
U+308B,100249371_00031_1,529,2590,B0001,C0159,24,56
U+77F3,100249371_00031_1,351,498,B0001,C0160,63,84
U+5F13,100249371_00031_1,359,609,B0001,C0161,38,91
U+306E,100249371_00031_1,348,720,B0001,C0162,49,56
U+3057,100249371_00031_1,371,864,B0001,C0163,14,82
U+6050,100249371_00031_1,338,946,B0001,C0164,70,74
U+308B,100249371_00031_1,366,1020,B0001,C0165,30,58
U+3079,100249371_00031_1,321,1073,B0001,C0166,109,67
U+3057,100249371_00031_1,365,1117,B0001,C0167,11,96
U+5148,100249371_00031_1,337,1228,B0001,C0168,74,104
U+3055,100249371_00031_1,355,1345,B0001,C0169,38,64
U+309D,100249371_00031_1,358,1409,B0001,C0170,28,54
U+3090,100249371_00031_1,334,1463,B0001,C0171,65,79
U+3092,100249371_00031_1,333,1542,B0001,C0172,67,75
U+713C,100249371_00031_1,322,1627,B0001,C0173,95,106
U+3093,100249371_00031_1,325,1735,B0001,C0174,95,78
U+3068,100249371_00031_1,357,1813,B0001,C0175,21,79
U+304A,100249371_00031_1,317,1895,B0001,C0176,93,54
U+3082,100249371_00031_1,345,1949,B0001,C0177,38,82
U+3075,100249371_00031_1,296,2031,B0001,C0178,102,67
U+3068,100249371_00031_1,359,2082,B0001,C0179,21,61
U+304D,100249371_00031_1,337,2139,B0001,C0180,46,94
U+5869,100249371_00031_1,322,2240,B0001,C0181,78,100
U+306B,100249371_00031_1,343,2340,B0001,C0182,27,72
U+3066,100249371_00031_1,328,2412,B0001,C0183,49,61
U+3082,100249371_00031_1,331,2473,B0001,C0184,44,80
U+91A4,100249371_00031_1,313,2555,B0001,C0185,84,102
U+6CB9,100249371_00031_1,308,2661,B0001,C0186,87,76
U+306B,100249371_00031_1,187,476,B0001,C0187,27,78
U+3066,100249371_00031_1,170,554,B0001,C0188,57,68
U+3082,100249371_00031_1,165,622,B0001,C0189,60,73
U+6BBB,100249371_00031_1,154,718,B0001,C0190,87,111
U+306E,100249371_00031_1,171,840,B0001,C0191,51,57
U+4E2D,100249371_00031_1,163,897,B0001,C0192,67,113
U+3078,100249371_00031_1,167,1010,B0001,C0193,61,49
U+5165,100249371_00031_1,149,1056,B0001,C0194,89,68
U+308C,100249371_00031_1,171,1124,B0001,C0195,59,93
U+5C0F,100249371_00031_1,156,1239,B0001,C0196,83,62
U+3055,100249371_00031_1,176,1301,B0001,C0197,42,85
U+304D,100249371_00031_1,172,1386,B0001,C0198,43,121
U+706B,100249371_00031_1,155,1507,B0001,C0199,65,94
U+3092,100249371_00031_1,156,1601,B0001,C0200,62,85
U+7532,100249371_00031_1,151,1713,B0001,C0201,77,84
U+306E,100249371_00031_1,162,1800,B0001,C0202,53,42
U+4E0A,100249371_00031_1,150,1842,B0001,C0203,68,75
U+306B,100249371_00031_1,146,1917,B0001,C0204,74,68
U+7F6E,100249371_00031_1,148,1995,B0001,C0205,64,120
U+3066,100249371_00031_1,152,2115,B0001,C0206,46,68
U+306E,100249371_00031_1,150,2195,B0001,C0207,61,55
U+3061,100249371_00031_1,148,2250,B0001,C0208,55,75
U+713C,100249371_00031_1,130,2327,B0001,C0209,89,102
U+3079,100249371_00031_1,133,2429,B0001,C0210,117,55
U+3057,100249371_00031_1,170,2485,B0001,C0211,17,115
U+53D6,100249371_00031_1,137,2607,B0001,C0212,76,102
U+305F,100249371_00031_2,1597,462,B0001,C0001,44,83
U+3066,100249371_00031_2,1592,545,B0001,C0002,46,87
U+306E,100249371_00031_2,1586,647,B0001,C0003,59,62
U+751F,100249371_00031_2,1587,725,B0001,C0004,60,89
U+306E,100249371_00031_2,1573,814,B0001,C0005,94,96
U+3055,100249371_00031_2,1608,925,B0001,C0006,27,62
U+309E,100249371_00031_2,1602,987,B0001,C0007,67,68
U+3090,100249371_00031_2,1584,1055,B0001,C0008,71,68
U+306B,100249371_00031_2,1613,1132,B0001,C0009,15,61
U+3066,100249371_00031_2,1594,1193,B0001,C0010,48,56
U+3082,100249371_00031_2,1589,1251,B0001,C0011,47,69
U+98DB,100249371_00031_2,1588,1348,B0001,C0012,76,104
U+51FA,100249371_00031_2,1572,1471,B0001,C0013,88,72
U+308B,100249371_00031_2,1599,1554,B0001,C0014,38,57
U+306A,100249371_00031_2,1592,1718,B0001,C0015,61,70
U+3057,100249371_00031_2,1620,1788,B0001,C0016,17,86
U+3053,100249371_00031_2,1605,1888,B0001,C0017,35,60
U+308C,100249371_00031_2,1577,1948,B0001,C0018,95,76
U+3055,100249371_00031_2,1605,2037,B0001,C0019,38,69
U+309D,100249371_00031_2,1604,2106,B0001,C0020,31,61
U+3090,100249371_00031_2,1583,2167,B0001,C0021,69,81
U+3092,100249371_00031_2,1589,2248,B0001,C0022,63,63
U+713C,100249371_00031_2,1572,2321,B0001,C0023,86,101
U+79D8,100249371_00031_2,1570,2427,B0001,C0024,104,91
U+6CD5,100249371_00031_2,1573,2518,B0001,C0025,80,92
U+4E5F,100249371_00031_2,1590,2610,B0001,C0026,62,53
U+25CB,100249371_00031_2,1413,648,B0001,C0027,57,59
U+9577,100249371_00031_2,1395,747,B0001,C0028,95,119
U+547D,100249371_00031_2,1397,908,B0001,C0029,101,116
U+9152,100249371_00031_2,1407,1045,B0001,C0030,83,84
U+306E,100249371_00031_2,1426,1163,B0001,C0031,53,54
U+65B9,100249371_00031_2,1426,1235,B0001,C0032,46,115
U+751F,100249371_00031_2,1220,558,B0001,C0033,93,91
U+9152,100249371_00031_2,1221,792,B0001,C0034,88,90
U+58F1,100249371_00031_2,1253,1371,B0001,C0035,58,119
U+5347,100249371_00031_2,1236,1548,B0001,C0036,64,130
U+6C37,100249371_00031_2,1046,554,B0001,C0037,89,91
U+7802,100249371_00031_2,1042,685,B0001,C0038,95,73
U+7CD6,100249371_00031_2,1046,787,B0001,C0039,89,105
U+767E,100249371_00031_2,1069,1387,B0001,C0040,77,89
U+76EE,100249371_00031_2,1085,1572,B0001,C0041,48,91
U+6885,100249371_00031_2,875,570,B0001,C0042,111,95
U+5E72,100249371_00031_2,889,789,B0001,C0043,74,106
U+4E09,100249371_00031_2,904,1379,B0001,C0044,71,84
U+5341,100249371_00031_2,903,1535,B0001,C0045,63,122
U+3088,100249371_00031_2,921,1727,B0001,C0046,28,58
U+304F,100249371_00031_2,923,1785,B0001,C0047,20,48
U+3042,100249371_00031_2,905,1835,B0001,C0048,60,69
U+3089,100249371_00031_2,928,1909,B0001,C0049,16,59
U+3072,100249371_00031_2,909,1968,B0001,C0050,66,72
U+5869,100249371_00031_2,894,2050,B0001,C0051,82,92
U+3092,100249371_00031_2,910,2142,B0001,C0052,53,71
U+51FA,100249371_00031_2,898,2222,B0001,C0053,74,58
U+3057,100249371_00031_2,930,2277,B0001,C0054,22,64
U+7F6E,100249371_00031_2,904,2341,B0001,C0055,58,99
U+4E5F,100249371_00031_2,912,2440,B0001,C0056,79,62
U+53F3,100249371_00031_2,707,484,B0001,C0057,73,91
U+4E09,100249371_00031_2,709,611,B0001,C0058,70,74
U+5473,100249371_00031_2,698,702,B0001,C0059,97,94
U+4E00,100249371_00031_2,711,841,B0001,C0060,84,14
U+8AF8,100249371_00031_2,709,898,B0001,C0061,80,85
U+306B,100249371_00031_2,736,983,B0001,C0062,29,67
U+58F7,100249371_00031_2,709,1059,B0001,C0063,90,135
U+306B,100249371_00031_2,742,1204,B0001,C0064,32,56
U+5165,100249371_00031_2,699,1265,B0001,C0065,96,73
U+53E3,100249371_00031_2,729,1352,B0001,C0066,48,57
U+3092,100249371_00031_2,727,1409,B0001,C0067,68,82
U+3088,100249371_00031_2,743,1493,B0001,C0068,31,58
U+304F,100249371_00031_2,738,1552,B0001,C0069,26,76
U+5C01,100249371_00031_2,713,1634,B0001,C0070,86,119
U+3057,100249371_00031_2,748,1739,B0001,C0071,14,92
U+571F,100249371_00031_2,719,1848,B0001,C0072,76,66
U+4E2D,100249371_00031_2,718,1928,B0001,C0073,75,112
U+306B,100249371_00031_2,716,2040,B0001,C0074,79,61
U+57CB,100249371_00031_2,700,2124,B0001,C0075,99,90
U+3081,100249371_00031_2,731,2237,B0001,C0076,56,61
U+304A,100249371_00031_2,718,2315,B0001,C0077,79,54
U+304F,100249371_00031_2,746,2382,B0001,C0078,32,69
U+4E8B,100249371_00031_2,729,2476,B0001,C0079,66,209
U+4E94,100249371_00031_2,531,497,B0001,C0080,75,61
U+5341,100249371_00031_2,528,571,B0001,C0081,82,79
U+65E5,100249371_00031_2,545,659,B0001,C0082,48,59
U+306B,100249371_00031_2,565,735,B0001,C0083,27,59
U+3057,100249371_00031_2,573,794,B0001,C0084,18,82
U+3066,100249371_00031_2,549,876,B0001,C0085,47,68
U+53D6,100249371_00031_2,538,951,B0001,C0086,65,103
U+51FA,100249371_00031_2,542,1057,B0001,C0087,82,68
U+3057,100249371_00031_2,574,1125,B0001,C0088,17,81
U+7528,100249371_00031_2,550,1218,B0001,C0089,54,98
U+3086,100249371_00031_2,550,1316,B0001,C0090,61,77
U+308B,100249371_00031_2,562,1394,B0001,C0091,37,60
U+306A,100249371_00031_2,558,1471,B0001,C0092,51,82
U+308A,100249371_00031_2,563,1553,B0001,C0093,30,89
U+6885,100249371_00031_2,535,1657,B0001,C0094,109,99
U+306E,100249371_00031_2,558,1764,B0001,C0095,52,54
U+9999,100249371_00031_2,543,1829,B0001,C0096,64,138
U+3092,100249371_00031_2,550,1967,B0001,C0097,66,85
U+767A,100249371_00031_2,544,2057,B0001,C0098,77,137
U+3057,100249371_00031_2,581,2198,B0001,C0099,14,89
U+98A8,100249371_00031_2,549,2308,B0001,C0100,76,99
U+5473,100249371_00031_2,532,2407,B0001,C0101,101,99
U+683C,100249371_00031_2,531,2547,B0001,C0102,105,125
U+5225,100249371_00031_2,352,504,B0001,C0103,80,102
U+306B,100249371_00031_2,358,611,B0001,C0104,72,55
U+3088,100249371_00031_2,392,678,B0001,C0105,30,90
U+308D,100249371_00031_2,357,768,B0001,C0106,69,80
U+3057,100249371_00031_2,387,852,B0001,C0107,19,68
U+304F,100249371_00031_2,382,920,B0001,C0108,21,75
U+75F0,100249371_00031_2,350,1010,B0001,C0109,90,127
U+3092,100249371_00031_2,371,1139,B0001,C0110,56,69
U+6CBB,100249371_00031_2,359,1208,B0001,C0111,80,103
U+3057,100249371_00031_2,400,1299,B0001,C0112,12,77
U+6C17,100249371_00031_2,368,1372,B0001,C0113,68,120
U+8840,100249371_00031_2,356,1492,B0001,C0114,90,74
U+3092,100249371_00031_2,369,1567,B0001,C0115,70,80
U+3081,100249371_00031_2,370,1659,B0001,C0116,70,54
U+3050,100249371_00031_2,374,1713,B0001,C0117,96,65
U+3089,100249371_00031_2,396,1784,B0001,C0118,22,65
U+3057,100249371_00031_2,391,1849,B0001,C0119,18,96
U+814E,100249371_00031_2,367,1958,B0001,C0120,94,121
U+6C34,100249371_00031_2,364,2083,B0001,C0121,89,78
U+3092,100249371_00031_2,379,2165,B0001,C0122,67,88
U+307E,100249371_00031_2,389,2253,B0001,C0123,41,105
U+3057,100249371_00031_2,405,2358,B0001,C0124,12,63
U+759D,100249371_00031_2,357,2426,B0001,C0125,92,120
U+6C17,100249371_00031_2,383,2546,B0001,C0126,62,120
U+3092,100249371_00031_2,183,517,B0001,C0127,74,67
U+6CBB,100249371_00031_2,182,595,B0001,C0128,84,107
U+3059,100249371_00031_2,192,702,B0001,C0129,57,73
U+308B,100249371_00031_2,200,775,B0001,C0130,37,49
U+52B9,100249371_00031_2,179,847,B0001,C0131,78,117
U+80FD,100249371_00031_2,181,968,B0001,C0132,85,86
U+3042,100249371_00031_2,202,1082,B0001,C0133,61,91
U+308A,100249371_00031_2,211,1173,B0001,C0134,41,101
U+25CB,100249371_00032_1,1582,662,B0001,C0001,57,58
U+5C71,100249371_00032_1,1571,753,B0001,C0002,86,69
U+306E,100249371_00032_1,1582,854,B0001,C0003,61,60
U+828B,100249371_00032_1,1558,914,B0001,C0004,84,146
U+3092,100249371_00032_1,1577,1063,B0001,C0005,70,71
U+7D50,100249371_00032_1,1565,1156,B0001,C0006,85,111
U+3075,100249371_00032_1,1560,1270,B0001,C0007,87,74
U+6CD5,100249371_00032_1,1565,1373,B0001,C0008,89,99
U+5C71,100249371_00032_1,1394,487,B0001,C0009,88,71
U+306E,100249371_00032_1,1415,581,B0001,C0010,44,64
U+3044,100249371_00032_1,1413,655,B0001,C0011,49,35
U+3082,100249371_00032_1,1415,690,B0001,C0012,38,75
U+3092,100249371_00032_1,1403,785,B0001,C0013,80,64
U+7D30,100249371_00032_1,1395,880,B0001,C0014,93,79
U+304F,100249371_00032_1,1441,959,B0001,C0015,20,48
U+304D,100249371_00032_1,1429,1018,B0001,C0016,39,97
U+308A,100249371_00032_1,1420,1115,B0001,C0017,37,72
U+3066,100249371_00032_1,1410,1187,B0001,C0018,40,59
U+66AB,100249371_00032_1,1399,1257,B0001,C0019,68,113
U+304F,100249371_00032_1,1423,1387,B0001,C0020,27,75
U+5869,100249371_00032_1,1388,1488,B0001,C0021,95,108
U+3092,100249371_00032_1,1413,1596,B0001,C0022,61,63
U+3075,100249371_00032_1,1384,1683,B0001,C0023,85,78
U+308A,100249371_00032_1,1428,1761,B0001,C0024,28,59
U+304B,100249371_00032_1,1416,1820,B0001,C0025,29,52
U+3051,100249371_00032_1,1403,1872,B0001,C0026,67,80
U+304A,100249371_00032_1,1395,1952,B0001,C0027,86,62
U+304D,100249371_00032_1,1422,2014,B0001,C0028,39,108
U+662F,100249371_00032_1,1400,2141,B0001,C0029,60,129
U+3092,100249371_00032_1,1401,2270,B0001,C0030,73,89
U+3080,100249371_00032_1,1400,2375,B0001,C0031,76,76
U+3059,100249371_00032_1,1411,2451,B0001,C0032,57,82
U+3072,100249371_00032_1,1398,2541,B0001,C0033,77,76
U+3066,100249371_00032_1,1401,2627,B0001,C0034,59,68
U+306E,100249371_00032_1,1228,504,B0001,C0035,48,63
U+3061,100249371_00032_1,1232,567,B0001,C0036,44,78
U+6C34,100249371_00032_1,1224,670,B0001,C0037,77,92
U+306B,100249371_00032_1,1246,763,B0001,C0038,26,59
U+3064,100249371_00032_1,1223,839,B0001,C0039,65,57
U+3051,100249371_00032_1,1233,896,B0001,C0040,60,82
U+5869,100249371_00032_1,1207,997,B0001,C0041,98,104
U+6C17,100249371_00032_1,1229,1101,B0001,C0042,59,137
U+3092,100249371_00032_1,1224,1238,B0001,C0043,57,82
U+3055,100249371_00032_1,1244,1343,B0001,C0044,39,71
U+308A,100249371_00032_1,1241,1414,B0001,C0045,33,91
U+716E,100249371_00032_1,1221,1504,B0001,C0046,77,127
U+3066,100249371_00032_1,1235,1631,B0001,C0047,50,66
U+7528,100249371_00032_1,1230,1721,B0001,C0048,52,100
U+3086,100249371_00032_1,1222,1821,B0001,C0049,61,79
U+3079,100249371_00032_1,1214,1900,B0001,C0050,100,58
U+3057,100249371_00032_1,1249,1952,B0001,C0051,17,147
U+25CB,100249371_00032_1,1057,659,B0001,C0052,60,63
U+5C71,100249371_00032_1,1036,766,B0001,C0053,87,66
U+8475,100249371_00032_1,1042,847,B0001,C0054,91,131
U+306A,100249371_00032_1,1048,990,B0001,C0055,78,82
U+304D,100249371_00032_1,1064,1077,B0001,C0056,43,96
U+3068,100249371_00032_1,1066,1176,B0001,C0057,36,70
U+304D,100249371_00032_1,1057,1246,B0001,C0058,46,95
U+9020,100249371_00032_1,1035,1359,B0001,C0059,76,133
U+308B,100249371_00032_1,1059,1492,B0001,C0060,37,76
U+6CD5,100249371_00032_1,1041,1568,B0001,C0061,84,105
U+751F,100249371_00032_1,873,496,B0001,C0062,58,91
U+59DC,100249371_00032_1,847,603,B0001,C0063,108,133
U+3068,100249371_00032_1,893,758,B0001,C0064,37,82
U+82A5,100249371_00032_1,860,959,B0001,C0065,86,119
U+5B50,100249371_00032_1,882,1078,B0001,C0066,56,80
U+3068,100249371_00032_1,899,1174,B0001,C0067,27,79
U+7B49,100249371_00032_1,869,1261,B0001,C0068,74,120
U+5206,100249371_00032_1,893,1395,B0001,C0069,51,109
U+306B,100249371_00032_1,872,1514,B0001,C0070,72,59
U+3088,100249371_00032_1,895,1583,B0001,C0071,39,73
U+304F,100249371_00032_1,895,1656,B0001,C0072,27,70
U+3059,100249371_00032_1,869,1743,B0001,C0073,73,85
U+308A,100249371_00032_1,885,1828,B0001,C0074,43,51
U+307E,100249371_00032_1,888,1879,B0001,C0075,39,102
U+305C,100249371_00032_1,872,1981,B0001,C0076,107,94
U+7528,100249371_00032_1,884,2092,B0001,C0077,56,116
U+3086,100249371_00032_1,881,2208,B0001,C0078,58,66
U+308B,100249371_00032_1,893,2274,B0001,C0079,36,62
U+306B,100249371_00032_1,871,2336,B0001,C0080,82,56
U+5176,100249371_00032_1,886,2404,B0001,C0081,51,116
U+3042,100249371_00032_1,875,2520,B0001,C0082,63,84
U+3058,100249371_00032_1,905,2609,B0001,C0083,49,100
U+306F,100249371_00032_1,717,501,B0001,C0084,34,92
U+3072,100249371_00032_1,706,595,B0001,C0085,69,78
U+5C71,100249371_00032_1,709,694,B0001,C0086,70,73
U+8475,100249371_00032_1,694,767,B0001,C0087,89,147
U+306B,100249371_00032_1,701,914,B0001,C0088,82,64
U+304B,100249371_00032_1,701,1014,B0001,C0089,81,74
U+306F,100249371_00032_1,710,1088,B0001,C0090,49,85
U+308B,100249371_00032_1,716,1173,B0001,C0091,43,117
U+4E8B,100249371_00032_1,706,1291,B0001,C0092,63,182
U+306A,100249371_00032_1,707,1485,B0001,C0093,70,90
U+3057,100249371_00032_1,742,1575,B0001,C0094,18,123
U+25CB,100249371_00032_1,526,682,B0001,C0095,62,63
U+9999,100249371_00032_1,523,814,B0001,C0096,60,154
U+714E,100249371_00032_1,521,968,B0001,C0097,81,132
U+306E,100249371_00032_1,539,1137,B0001,C0098,46,76
U+65B9,100249371_00032_1,534,1215,B0001,C0099,49,125
U+98EF,100249371_00032_1,322,589,B0001,C0100,101,95
U+306E,100249371_00032_1,357,707,B0001,C0101,50,58
U+3053,100249371_00032_1,363,790,B0001,C0102,38,71
U+3052,100249371_00032_1,360,868,B0001,C0103,71,89
U+934B,100249371_00032_1,391,1051,B0001,C0104,85,91
U+3088,100249371_00032_1,425,1149,B0001,C0105,22,58
U+308A,100249371_00032_1,424,1207,B0001,C0106,25,71
U+304A,100249371_00032_1,404,1283,B0001,C0107,63,44
U+3053,100249371_00032_1,428,1327,B0001,C0108,28,47
U+3057,100249371_00032_1,430,1375,B0001,C0109,12,87
U+3066,100249371_00032_1,418,1462,B0001,C0110,36,52
U+70AD,100249371_00032_1,408,1530,B0001,C0111,63,111
U+706B,100249371_00032_1,417,1647,B0001,C0112,50,69
U+306B,100249371_00032_1,432,1722,B0001,C0113,18,57
U+3066,100249371_00032_1,418,1779,B0001,C0114,48,62
U+3042,100249371_00032_1,403,1847,B0001,C0115,76,79
U+307F,100249371_00032_1,437,1931,B0001,C0116,24,70
U+306B,100249371_00032_1,406,2001,B0001,C0117,75,57
U+304B,100249371_00032_1,426,2072,B0001,C0118,29,39
U+3051,100249371_00032_1,420,2111,B0001,C0119,56,54
U+3046,100249371_00032_1,436,2165,B0001,C0120,23,75
U+3089,100249371_00032_1,431,2240,B0001,C0121,23,62
U+304A,100249371_00032_1,408,2302,B0001,C0122,65,53
U+3082,100249371_00032_1,433,2355,B0001,C0123,27,74
U+3066,100249371_00032_1,424,2429,B0001,C0124,47,58
U+3088,100249371_00032_1,435,2495,B0001,C0125,27,71
U+308A,100249371_00032_1,431,2566,B0001,C0126,32,74
U+3088,100249371_00032_1,320,1054,B0001,C0127,31,63
U+304F,100249371_00032_1,326,1117,B0001,C0128,22,58
U+3042,100249371_00032_1,309,1196,B0001,C0129,55,62
U+3076,100249371_00032_1,302,1259,B0001,C0130,77,58
U+308A,100249371_00032_1,320,1317,B0001,C0131,34,86
U+85AC,100249371_00032_1,301,1433,B0001,C0132,63,119
U+7814,100249371_00032_1,292,1552,B0001,C0133,86,121
U+306B,100249371_00032_1,333,1673,B0001,C0134,18,61
U+3066,100249371_00032_1,322,1734,B0001,C0135,43,64
U+304A,100249371_00032_1,303,1803,B0001,C0136,72,63
U+308D,100249371_00032_1,319,1871,B0001,C0137,53,61
U+3057,100249371_00032_1,342,1929,B0001,C0138,10,84
U+7D30,100249371_00032_1,313,2026,B0001,C0139,71,84
U+672B,100249371_00032_1,315,2110,B0001,C0140,67,86
U+306B,100249371_00032_1,342,2212,B0001,C0141,20,34
U+3059,100249371_00032_1,322,2264,B0001,C0142,48,71
U+3079,100249371_00032_1,308,2335,B0001,C0143,80,45
U+3057,100249371_00032_1,337,2380,B0001,C0144,18,130
U+767D,100249371_00032_1,178,590,B0001,C0145,75,84
U+3054,100249371_00032_1,198,697,B0001,C0146,63,66
U+307E,100249371_00032_1,183,776,B0001,C0147,64,50
U+306E,100249371_00032_1,220,836,B0001,C0148,33,30
U+7C89,100249371_00032_1,170,870,B0001,C0149,102,90
U+7092,100249371_00032_1,168,1067,B0001,C0150,84,100
U+5C71,100249371_00032_2,1584,557,B0001,C0001,92,78
U+6912,100249371_00032_2,1576,659,B0001,C0002,115,93
U+306E,100249371_00032_2,1599,795,B0001,C0003,66,96
U+7C89,100249371_00032_2,1582,893,B0001,C0004,96,111
U+53F3,100249371_00032_2,1420,471,B0001,C0005,77,106
U+4E09,100249371_00032_2,1422,595,B0001,C0006,77,79
U+5473,100249371_00032_2,1402,691,B0001,C0007,100,80
U+7D30,100249371_00032_2,1409,801,B0001,C0008,100,104
U+672B,100249371_00032_2,1422,906,B0001,C0009,79,90
U+306B,100249371_00032_2,1456,1004,B0001,C0010,19,52
U+3057,100249371_00032_2,1459,1056,B0001,C0011,16,91
U+3066,100249371_00032_2,1450,1147,B0001,C0012,20,99
U+7528,100249371_00032_2,1445,1263,B0001,C0013,48,100
U+3086,100249371_00032_2,1433,1364,B0001,C0014,57,82
U+3078,100249371_00032_2,1412,1447,B0001,C0015,92,42
U+3057,100249371_00032_2,1450,1476,B0001,C0016,25,116
U+9999,100249371_00032_2,1422,1603,B0001,C0017,70,128
U+714E,100249371_00032_2,1421,1731,B0001,C0018,92,117
U+306B,100249371_00032_2,1456,1857,B0001,C0019,23,60
U+304B,100249371_00032_2,1420,1926,B0001,C0020,86,53
U+306F,100249371_00032_2,1436,1986,B0001,C0021,62,61
U+308B,100249371_00032_2,1444,2047,B0001,C0022,39,64
U+4E8B,100249371_00032_2,1447,2111,B0001,C0023,29,127
U+306A,100249371_00032_2,1435,2246,B0001,C0024,59,77
U+3057,100249371_00032_2,1460,2323,B0001,C0025,19,99
U+25CB,100249371_00032_2,1253,653,B0001,C0026,62,64
U+96EA,100249371_00032_2,1243,757,B0001,C0027,72,131
U+82B1,100249371_00032_2,1239,888,B0001,C0028,91,129
U+83DC,100249371_00032_2,1244,1017,B0001,C0029,83,141
U+6F2C,100249371_00032_2,1241,1162,B0001,C0030,91,132
U+306E,100249371_00032_2,1264,1306,B0001,C0031,53,67
U+6CD5,100249371_00032_2,1257,1373,B0001,C0032,75,103
U+5473,100249371_00032_2,1052,476,B0001,C0033,98,98
U+564C,100249371_00032_2,1056,605,B0001,C0034,86,112
U+3092,100249371_00032_2,1069,735,B0001,C0035,75,75
U+3064,100249371_00032_2,1081,832,B0001,C0036,63,46
U+304D,100249371_00032_2,1091,878,B0001,C0037,45,107
U+4ED5,100249371_00032_2,1067,1000,B0001,C0038,88,73
U+8FBC,100249371_00032_2,1060,1105,B0001,C0039,94,59
U+3068,100249371_00032_2,1099,1179,B0001,C0040,29,79
U+304D,100249371_00032_2,1094,1258,B0001,C0041,38,114
U+5473,100249371_00032_2,1059,1394,B0001,C0042,100,106
U+564C,100249371_00032_2,1058,1519,B0001,C0043,106,112
U+6876,100249371_00032_2,1063,1646,B0001,C0044,98,93
U+306E,100249371_00032_2,1097,1759,B0001,C0045,47,58
U+5E95,100249371_00032_2,1074,1818,B0001,C0046,76,128
U+306B,100249371_00032_2,1104,1946,B0001,C0047,24,68
U+8C46,100249371_00032_2,1086,2035,B0001,C0048,65,104
U+8150,100249371_00032_2,1066,2146,B0001,C0049,92,163
U+306E,100249371_00032_2,1091,2315,B0001,C0050,52,56
U+7C95,100249371_00032_2,1071,2406,B0001,C0051,96,91
U+3092,100249371_00032_2,1088,2506,B0001,C0052,68,74
U+516D,100249371_00032_2,1080,2610,B0001,C0053,74,71
U+4E03,100249371_00032_2,897,503,B0001,C0054,74,78
U+5347,100249371_00032_2,907,587,B0001,C0055,55,112
U+3057,100249371_00032_2,899,708,B0001,C0056,81,86
U+304D,100249371_00032_2,927,795,B0001,C0057,33,93
U+3066,100249371_00032_2,914,888,B0001,C0058,51,64
U+5176,100249371_00032_2,918,961,B0001,C0059,39,108
U+4E0A,100249371_00032_2,916,1069,B0001,C0060,52,88
U+3078,100249371_00032_2,903,1157,B0001,C0061,81,59
U+5473,100249371_00032_2,886,1225,B0001,C0062,101,97
U+564C,100249371_00032_2,894,1322,B0001,C0063,94,117
U+3092,100249371_00032_2,907,1455,B0001,C0064,72,76
U+4ED5,100249371_00032_2,902,1555,B0001,C0065,82,65
U+8FBC,100249371_00032_2,896,1652,B0001,C0066,92,66
U+304A,100249371_00032_2,900,1735,B0001,C0067,90,64
U+304D,100249371_00032_2,925,1799,B0001,C0068,36,100
U+5473,100249371_00032_2,896,1907,B0001,C0069,93,81
U+564C,100249371_00032_2,891,1988,B0001,C0070,93,113
U+8FFD,100249371_00032_2,909,2101,B0001,C0071,69,121
U+3005,100249371_00032_2,947,2222,B0001,C0072,21,62
U+3064,100249371_00032_2,916,2310,B0001,C0073,62,43
U+304B,100249371_00032_2,930,2353,B0001,C0074,35,64
U+3072,100249371_00032_2,912,2417,B0001,C0075,82,82
U+7D42,100249371_00032_2,907,2499,B0001,C0076,85,96
U+308A,100249371_00032_2,934,2595,B0001,C0077,35,87
U+3066,100249371_00032_2,740,500,B0001,C0078,47,72
U+306E,100249371_00032_2,734,599,B0001,C0079,52,61
U+3061,100249371_00032_2,746,662,B0001,C0080,43,94
U+306B,100249371_00032_2,728,756,B0001,C0081,73,48
U+53F3,100249371_00032_2,729,824,B0001,C0082,72,87
U+306E,100249371_00032_2,744,934,B0001,C0083,48,53
U+7C95,100249371_00032_2,720,1011,B0001,C0084,93,91
U+3092,100249371_00032_2,736,1102,B0001,C0085,63,90
U+3068,100249371_00032_2,755,1204,B0001,C0086,37,75
U+308A,100249371_00032_2,758,1279,B0001,C0087,31,71
U+51FA,100249371_00032_2,725,1352,B0001,C0088,89,68
U+3059,100249371_00032_2,747,1423,B0001,C0089,48,78
U+3079,100249371_00032_2,724,1501,B0001,C0090,112,45
U+3057,100249371_00032_2,766,1541,B0001,C0091,16,106
U+7D76,100249371_00032_2,718,1660,B0001,C0092,100,111
U+5999,100249371_00032_2,726,1772,B0001,C0093,105,87
U+306E,100249371_00032_2,749,1859,B0001,C0094,52,64
U+597D,100249371_00032_2,723,1941,B0001,C0095,93,84
U+5473,100249371_00032_2,720,2025,B0001,C0096,97,88
U+3068,100249371_00032_2,757,2139,B0001,C0097,34,86
U+306A,100249371_00032_2,744,2225,B0001,C0098,60,83
U+308B,100249371_00032_2,750,2308,B0001,C0099,41,76
U+4E5F,100249371_00032_2,739,2384,B0001,C0100,75,82
U+25CB,100249371_00032_2,558,655,B0001,C0101,67,67
U+67DA,100249371_00032_2,530,766,B0001,C0102,115,95
U+306E,100249371_00032_2,560,889,B0001,C0103,56,62
U+9752,100249371_00032_2,561,978,B0001,C0104,54,122
U+6F2C,100249371_00032_2,543,1111,B0001,C0105,94,116
U+306E,100249371_00032_2,569,1260,B0001,C0106,57,64
U+6CD5,100249371_00032_2,551,1324,B0001,C0107,86,113
U+9752,100249371_00032_2,384,480,B0001,C0108,53,117
U+67DA,100249371_00032_2,353,623,B0001,C0109,105,80
U+4E38,100249371_00032_2,354,727,B0001,C0110,100,97
U+306A,100249371_00032_2,377,831,B0001,C0111,63,75
U+304C,100249371_00032_2,401,895,B0001,C0112,62,67
U+3089,100249371_00032_2,377,962,B0001,C0113,41,94
U+308F,100249371_00032_2,365,1074,B0001,C0114,80,69
U+3055,100249371_00032_2,391,1143,B0001,C0115,34,63
U+3073,100249371_00032_2,374,1209,B0001,C0116,106,89
U+304A,100249371_00032_2,367,1322,B0001,C0117,83,67
U+308D,100249371_00032_2,372,1389,B0001,C0118,71,85
U+3057,100249371_00032_2,408,1464,B0001,C0119,16,107
U+306B,100249371_00032_2,401,1572,B0001,C0120,18,63
U+3066,100249371_00032_2,388,1635,B0001,C0121,54,63
U+304A,100249371_00032_2,368,1709,B0001,C0122,83,60
U+308D,100249371_00032_2,377,1771,B0001,C0123,68,81
U+3057,100249371_00032_2,408,1848,B0001,C0124,15,86
U+5176,100249371_00032_2,389,1952,B0001,C0125,39,106
U+8089,100249371_00032_2,377,2058,B0001,C0126,71,114
U+58F1,100249371_00032_2,386,2163,B0001,C0127,57,126
U+5347,100249371_00032_2,385,2289,B0001,C0128,63,110
U+306B,100249371_00032_2,402,2416,B0001,C0129,21,61
U+3057,100249371_00032_2,371,2487,B0001,C0130,73,111
U+307B,100249371_00032_2,374,2601,B0001,C0131,80,85
U+5F10,100249371_00032_2,188,484,B0001,C0132,92,90
U+5408,100249371_00032_2,192,582,B0001,C0133,78,121
U+534A,100249371_00032_2,200,703,B0001,C0134,52,114
U+307E,100249371_00032_2,210,827,B0001,C0135,40,95
U+305C,100249371_00032_2,199,922,B0001,C0136,100,91
U+5408,100249371_00032_2,186,1016,B0001,C0137,82,123
U+75B5,100249371_00032_2,183,1151,B0001,C0138,101,119
U+306E,100249371_00032_2,208,1290,B0001,C0139,58,70
U+306A,100249371_00032_2,211,1360,B0001,C0140,58,100
U+304D,100249371_00032_2,222,1460,B0001,C0141,39,115
U+9752,100249371_00032_2,214,1585,B0001,C0142,52,136
U+67DA,100249371_00032_2,189,1723,B0001,C0143,94,88
U+3092,100249371_00032_2,207,1828,B0001,C0144,68,82
U+5176,100249371_00032_2,221,1924,B0001,C0145,38,109
U+307E,100249371_00032_2,213,2033,B0001,C0146,40,106
U+309D,100249371_00032_2,224,2139,B0001,C0147,20,58
U+53F3,100249371_00032_2,187,2203,B0001,C0148,88,93
U+306E,100249371_00032_2,212,2311,B0001,C0149,52,61
U+8089,100249371_00032_2,206,2372,B0001,C0150,64,92
U+306B,100249371_00032_2,221,2469,B0001,C0151,30,61
U+4EA4,100249371_00032_2,203,2534,B0001,C0152,59,111
U+3057,100249371_00032_2,190,2495,B0001,C0153,98,199
U+7AF9,100249371_00033_1,1585,492,B0001,C0001,78,98
U+306E,100249371_00033_1,1608,602,B0001,C0002,49,62
U+7B52,100249371_00033_1,1592,664,B0001,C0003,72,132
U+306B,100249371_00033_1,1598,805,B0001,C0004,69,54
U+4ED5,100249371_00033_1,1581,873,B0001,C0005,87,90
U+3053,100249371_00033_1,1613,982,B0001,C0006,40,57
U+307F,100249371_00033_1,1615,1042,B0001,C0007,27,78
U+6728,100249371_00033_1,1584,1140,B0001,C0008,86,105
U+306B,100249371_00033_1,1615,1245,B0001,C0009,21,67
U+3066,100249371_00033_1,1598,1312,B0001,C0010,52,58
U+84CB,100249371_00033_1,1590,1396,B0001,C0011,80,142
U+3092,100249371_00033_1,1593,1538,B0001,C0012,77,79
U+3057,100249371_00033_1,1619,1629,B0001,C0013,22,124
U+6C17,100249371_00033_1,1588,1736,B0001,C0014,73,144
U+306E,100249371_00033_1,1596,1880,B0001,C0015,57,63
U+306C,100249371_00033_1,1584,1952,B0001,C0016,79,80
U+3051,100249371_00033_1,1602,2032,B0001,C0017,61,81
U+3056,100249371_00033_1,1613,2106,B0001,C0018,67,70
U+308B,100249371_00033_1,1611,2179,B0001,C0019,33,66
U+3084,100249371_00033_1,1601,2245,B0001,C0020,63,45
U+3046,100249371_00033_1,1615,2290,B0001,C0021,30,89
U+306B,100249371_00033_1,1621,2379,B0001,C0022,36,44
U+8CAF,100249371_00033_1,1577,2437,B0001,C0023,88,93
U+3079,100249371_00033_1,1588,2530,B0001,C0024,83,58
U+3057,100249371_00033_1,1618,2577,B0001,C0025,19,117
U+25CB,100249371_00033_1,1432,650,B0001,C0026,58,57
U+624B,100249371_00033_1,1427,740,B0001,C0027,48,99
U+88FD,100249371_00033_1,1407,853,B0001,C0028,87,121
U+80E1,100249371_00033_1,1397,1004,B0001,C0029,100,88
U+9EBB,100249371_00033_1,1403,1095,B0001,C0030,98,128
U+6CB9,100249371_00033_1,1404,1250,B0001,C0031,97,93
U+306E,100249371_00033_1,1430,1364,B0001,C0032,52,60
U+6CD5,100249371_00033_1,1413,1424,B0001,C0033,84,100
U+80E1,100249371_00033_1,1221,485,B0001,C0034,103,97
U+9EBB,100249371_00033_1,1225,595,B0001,C0035,96,131
U+4E00,100249371_00033_1,1232,783,B0001,C0036,91,19
U+5473,100249371_00033_1,1224,824,B0001,C0037,102,117
U+3092,100249371_00033_1,1238,941,B0001,C0038,75,92
U+3059,100249371_00033_1,1245,1057,B0001,C0039,64,71
U+308A,100249371_00033_1,1260,1128,B0001,C0040,33,84
U+9262,100249371_00033_1,1235,1212,B0001,C0041,89,147
U+306B,100249371_00033_1,1264,1366,B0001,C0042,19,69
U+3066,100249371_00033_1,1249,1435,B0001,C0043,47,65
U+6975,100249371_00033_1,1220,1526,B0001,C0044,102,86
U+3053,100249371_00033_1,1255,1623,B0001,C0045,42,56
U+307E,100249371_00033_1,1244,1679,B0001,C0046,52,95
U+304B,100249371_00033_1,1250,1774,B0001,C0047,37,56
U+306B,100249371_00033_1,1237,1838,B0001,C0048,79,52
U+306A,100249371_00033_1,1231,1909,B0001,C0049,79,83
U+308B,100249371_00033_1,1254,1992,B0001,C0050,36,63
U+307E,100249371_00033_1,1252,2055,B0001,C0051,37,88
U+3066,100249371_00033_1,1236,2143,B0001,C0052,61,65
U+80FD,100249371_00033_1,1228,2227,B0001,C0053,80,99
U+3059,100249371_00033_1,1237,2326,B0001,C0054,64,74
U+308A,100249371_00033_1,1252,2400,B0001,C0055,36,74
U+5E03,100249371_00033_1,1229,2476,B0001,C0056,80,106
U+306E,100249371_00033_1,1251,2582,B0001,C0057,43,53
U+5207,100249371_00033_1,1223,2645,B0001,C0058,92,57
U+306B,100249371_00033_1,1089,489,B0001,C0059,21,61
U+3064,100249371_00033_1,1059,580,B0001,C0060,74,40
U+309D,100249371_00033_1,1094,633,B0001,C0061,25,30
U+307F,100249371_00033_1,1082,664,B0001,C0062,30,80
U+934B,100249371_00033_1,1053,770,B0001,C0063,96,103
U+306B,100249371_00033_1,1090,886,B0001,C0064,25,48
U+6C34,100249371_00033_1,1059,949,B0001,C0065,83,92
U+3092,100249371_00033_1,1064,1054,B0001,C0066,75,78
U+6CA2,100249371_00033_1,1059,1151,B0001,C0067,83,99
U+5C71,100249371_00033_1,1059,1263,B0001,C0068,81,67
U+306B,100249371_00033_1,1084,1347,B0001,C0069,28,50
U+5165,100249371_00033_1,1039,1418,B0001,C0070,103,69
U+308C,100249371_00033_1,1072,1473,B0001,C0071,49,101
U+3059,100249371_00033_1,1065,1591,B0001,C0072,63,78
U+308A,100249371_00033_1,1087,1669,B0001,C0073,25,63
U+9262,100249371_00033_1,1057,1734,B0001,C0074,85,111
U+3092,100249371_00033_1,1063,1856,B0001,C0075,64,65
U+3082,100249371_00033_1,1071,1921,B0001,C0076,44,84
U+3088,100249371_00033_1,1085,2023,B0001,C0077,27,48
U+304F,100249371_00033_1,1075,2071,B0001,C0078,29,86
U+3042,100249371_00033_1,1068,2159,B0001,C0079,66,82
U+3089,100249371_00033_1,1077,2241,B0001,C0080,29,75
U+3072,100249371_00033_1,1066,2316,B0001,C0081,68,67
U+3066,100249371_00033_1,1069,2383,B0001,C0082,62,68
U+5176,100249371_00033_1,1077,2457,B0001,C0083,40,93
U+6C34,100249371_00033_1,1058,2557,B0001,C0084,70,82
U+3082,100249371_00033_1,1084,2640,B0001,C0085,35,63
U+5165,100249371_00033_1,874,490,B0001,C0086,103,75
U+308C,100249371_00033_1,902,565,B0001,C0087,44,110
U+3064,100249371_00033_1,877,701,B0001,C0088,86,52
U+3088,100249371_00033_1,916,753,B0001,C0089,27,78
U+304D,100249371_00033_1,907,831,B0001,C0090,32,102
U+706B,100249371_00033_1,893,940,B0001,C0091,68,99
U+306B,100249371_00033_1,913,1040,B0001,C0092,25,64
U+3066,100249371_00033_1,896,1104,B0001,C0093,51,58
U+716E,100249371_00033_1,881,1173,B0001,C0094,79,136
U+7ACB,100249371_00033_1,891,1309,B0001,C0095,67,109
U+308B,100249371_00033_1,903,1418,B0001,C0096,37,59
U+3068,100249371_00033_1,913,1499,B0001,C0097,26,73
U+304D,100249371_00033_1,900,1572,B0001,C0098,53,107
U+306F,100249371_00033_1,893,1683,B0001,C0099,54,50
U+6CB9,100249371_00033_1,882,1767,B0001,C0100,81,86
U+306E,100249371_00033_1,902,1869,B0001,C0101,48,71
U+6E6F,100249371_00033_1,877,1949,B0001,C0102,88,96
U+306E,100249371_00033_1,894,2067,B0001,C0103,58,63
U+4E0A,100249371_00033_1,887,2130,B0001,C0104,69,64
U+306B,100249371_00033_1,913,2209,B0001,C0105,23,59
U+6D6E,100249371_00033_1,882,2293,B0001,C0106,84,95
U+4E0A,100249371_00033_1,898,2389,B0001,C0107,60,73
U+308B,100249371_00033_1,923,2463,B0001,C0108,22,93
U+306A,100249371_00033_1,898,2560,B0001,C0109,44,54
U+308A,100249371_00033_1,911,2614,B0001,C0110,36,84
U+5176,100249371_00033_1,739,476,B0001,C0111,44,106
U+3046,100249371_00033_1,755,582,B0001,C0112,22,79
U+304D,100249371_00033_1,736,653,B0001,C0113,48,111
U+305F,100249371_00033_1,733,764,B0001,C0114,43,57
U+308B,100249371_00033_1,732,821,B0001,C0115,48,70
U+6CB9,100249371_00033_1,719,903,B0001,C0116,90,90
U+3092,100249371_00033_1,735,998,B0001,C0117,62,71
U+305B,100249371_00033_1,733,1088,B0001,C0118,60,77
U+3093,100249371_00033_1,718,1165,B0001,C0119,74,68
U+3050,100249371_00033_1,733,1234,B0001,C0120,73,58
U+308A,100249371_00033_1,747,1292,B0001,C0121,30,78
U+3031,100249371_00033_1,745,1345,B0001,C0122,50,127
U+91D1,100249371_00033_1,721,1484,B0001,C0123,72,139
U+6753,100249371_00033_1,705,1623,B0001,C0124,95,94
U+5B50,100249371_00033_1,731,1740,B0001,C0125,54,81
U+306B,100249371_00033_1,740,1828,B0001,C0126,23,55
U+3066,100249371_00033_1,725,1883,B0001,C0127,57,72
U+3059,100249371_00033_1,734,1972,B0001,C0128,56,77
U+304F,100249371_00033_1,734,2049,B0001,C0129,42,73
U+3072,100249371_00033_1,728,2122,B0001,C0130,72,77
U+3068,100249371_00033_1,753,2202,B0001,C0131,29,66
U+308A,100249371_00033_1,749,2268,B0001,C0132,33,81
U+3055,100249371_00033_1,742,2351,B0001,C0133,35,89
U+3064,100249371_00033_1,729,2440,B0001,C0134,66,59
U+306F,100249371_00033_1,739,2499,B0001,C0135,41,86
U+308A,100249371_00033_1,751,2585,B0001,C0136,34,98
U+6CB9,100249371_00033_1,538,485,B0001,C0137,93,77
U+306E,100249371_00033_1,557,573,B0001,C0138,50,59
U+306A,100249371_00033_1,541,657,B0001,C0139,77,85
U+304D,100249371_00033_1,559,743,B0001,C0140,37,102
U+307E,100249371_00033_1,556,851,B0001,C0141,40,94
U+3067,100249371_00033_1,549,933,B0001,C0142,81,78
U+53D6,100249371_00033_1,546,1012,B0001,C0143,63,115
U+5C3D,100249371_00033_1,554,1127,B0001,C0144,55,124
U+3057,100249371_00033_1,569,1251,B0001,C0145,20,142
U+3055,100249371_00033_1,563,1406,B0001,C0146,32,77
U+3066,100249371_00033_1,552,1483,B0001,C0147,49,83
U+934B,100249371_00033_1,537,1596,B0001,C0148,94,88
U+306E,100249371_00033_1,558,1708,B0001,C0149,53,66
U+6C34,100249371_00033_1,540,1781,B0001,C0150,83,99
U+3092,100249371_00033_1,552,1880,B0001,C0151,64,78
U+53D6,100249371_00033_1,553,1973,B0001,C0152,61,103
U+3059,100249371_00033_1,557,2076,B0001,C0153,57,85
U+3066,100249371_00033_1,556,2161,B0001,C0154,49,60
U+6551,100249371_00033_1,531,2247,B0001,C0155,100,84
U+3072,100249371_00033_1,549,2331,B0001,C0156,76,87
U+305F,100249371_00033_1,570,2415,B0001,C0157,35,68
U+308B,100249371_00033_1,564,2483,B0001,C0158,39,58
U+6CB9,100249371_00033_1,552,2584,B0001,C0159,76,88
U+306F,100249371_00033_1,379,485,B0001,C0160,46,85
U+304B,100249371_00033_1,385,570,B0001,C0161,31,64
U+308A,100249371_00033_1,389,634,B0001,C0162,35,85
U+3092,100249371_00033_1,376,719,B0001,C0163,63,88
U+716E,100249371_00033_1,361,823,B0001,C0164,78,126
U+8A70,100249371_00033_1,358,968,B0001,C0165,87,103
U+308B,100249371_00033_1,392,1071,B0001,C0166,37,64
U+4E5F,100249371_00033_1,374,1149,B0001,C0167,66,60
U+6C34,100249371_00033_1,360,1232,B0001,C0168,90,91
U+6C17,100249371_00033_1,375,1323,B0001,C0169,54,128
U+306F,100249371_00033_1,368,1451,B0001,C0170,54,49
U+81EA,100249371_00033_1,382,1518,B0001,C0171,27,114
U+7136,100249371_00033_1,355,1632,B0001,C0172,109,82
U+3068,100249371_00033_1,386,1714,B0001,C0173,33,70
U+3044,100249371_00033_1,375,1787,B0001,C0174,48,48
U+308A,100249371_00033_1,389,1835,B0001,C0175,26,76
U+3064,100249371_00033_1,364,1915,B0001,C0176,74,44
U+304D,100249371_00033_1,380,1959,B0001,C0177,46,94
U+3066,100249371_00033_1,364,2053,B0001,C0178,56,59
U+6CB9,100249371_00033_1,357,2146,B0001,C0179,93,70
U+3070,100249371_00033_1,375,2223,B0001,C0180,78,70
U+304B,100249371_00033_1,382,2293,B0001,C0181,32,61
U+308A,100249371_00033_1,381,2354,B0001,C0182,32,74
U+306B,100249371_00033_1,388,2433,B0001,C0183,34,48
U+306A,100249371_00033_1,375,2492,B0001,C0184,56,94
U+308B,100249371_00033_1,384,2595,B0001,C0185,38,66
U+306A,100249371_00033_1,206,484,B0001,C0186,39,64
U+308A,100249371_00033_1,216,548,B0001,C0187,27,77
U+3053,100249371_00033_1,214,654,B0001,C0188,36,75
U+308C,100249371_00033_1,210,739,B0001,C0189,40,87
U+3092,100249371_00033_1,204,826,B0001,C0190,60,93
U+624B,100249371_00033_1,214,950,B0001,C0191,48,95
U+88FD,100249371_00033_1,187,1054,B0001,C0192,79,128
U+3054,100249371_00033_1,214,1204,B0001,C0193,77,60
U+307E,100249371_00033_1,215,1264,B0001,C0194,41,100
U+306E,100249371_00033_1,207,1368,B0001,C0195,46,63
U+3042,100249371_00033_1,203,1439,B0001,C0196,60,77
U+3076,100249371_00033_1,194,1509,B0001,C0197,97,72
U+3089,100249371_00033_1,218,1581,B0001,C0198,27,78
U+3068,100249371_00033_1,214,1669,B0001,C0199,34,86
U+3044,100249371_00033_1,208,1755,B0001,C0200,45,41
U+3075,100249371_00033_1,195,1796,B0001,C0201,63,77
U+4E5F,100249371_00033_1,201,1873,B0001,C0202,62,65
U+25CB,100249371_00033_2,1570,675,B0001,C0001,63,64
U+677E,100249371_00033_2,1548,779,B0001,C0002,104,91
U+8338,100249371_00033_2,1562,879,B0001,C0003,85,173
U+306E,100249371_00033_2,1575,1067,B0001,C0004,57,58
U+8CAF,100249371_00033_2,1559,1148,B0001,C0005,89,117
U+3078,100249371_00033_2,1551,1268,B0001,C0006,102,52
U+308B,100249371_00033_2,1593,1326,B0001,C0007,29,79
U+6CD5,100249371_00033_2,1561,1407,B0001,C0008,88,106
U+677E,100249371_00033_2,1370,496,B0001,C0009,102,91
U+8338,100249371_00033_2,1392,587,B0001,C0010,73,158
U+306E,100249371_00033_2,1404,759,B0001,C0011,52,61
U+968F,100249371_00033_2,1376,843,B0001,C0012,99,111
U+5206,100249371_00033_2,1383,946,B0001,C0013,92,132
U+65B0,100249371_00033_2,1380,1092,B0001,C0014,95,100
U+3089,100249371_00033_2,1428,1192,B0001,C0015,29,63
U+3057,100249371_00033_2,1429,1255,B0001,C0016,19,92
U+304D,100249371_00033_2,1413,1347,B0001,C0017,42,109
U+4E2D,100249371_00033_2,1400,1462,B0001,C0018,72,112
U+3073,100249371_00033_2,1401,1575,B0001,C0019,112,78
U+3089,100249371_00033_2,1438,1655,B0001,C0020,14,68
U+304D,100249371_00033_2,1413,1723,B0001,C0021,48,127
U+306A,100249371_00033_2,1406,1860,B0001,C0022,67,67
U+308B,100249371_00033_2,1416,1931,B0001,C0023,40,74
U+3092,100249371_00033_2,1400,2006,B0001,C0024,73,72
U+77F3,100249371_00033_2,1398,2100,B0001,C0025,72,83
U+7A81,100249371_00033_2,1396,2186,B0001,C0026,75,137
U+3092,100249371_00033_2,1398,2326,B0001,C0027,74,68
U+3088,100249371_00033_2,1425,2396,B0001,C0028,29,57
U+304F,100249371_00033_2,1422,2453,B0001,C0029,28,59
U+53BB,100249371_00033_2,1394,2522,B0001,C0030,66,88
U+308A,100249371_00033_2,1407,2610,B0001,C0031,36,113
U+539A,100249371_00033_2,1214,500,B0001,C0032,65,144
U+7D19,100249371_00033_2,1205,654,B0001,C0033,98,116
U+3092,100249371_00033_2,1231,768,B0001,C0034,56,60
U+888B,100249371_00033_2,1208,838,B0001,C0035,108,129
U+306B,100249371_00033_2,1245,971,B0001,C0036,21,58
U+3057,100249371_00033_2,1253,1029,B0001,C0037,13,67
U+3066,100249371_00033_2,1221,1099,B0001,C0038,57,72
U+5176,100249371_00033_2,1231,1179,B0001,C0039,52,109
U+4E2D,100249371_00033_2,1216,1288,B0001,C0040,73,97
U+3078,100249371_00033_2,1220,1394,B0001,C0041,84,38
U+5165,100249371_00033_2,1209,1435,B0001,C0042,103,60
U+308C,100249371_00033_2,1241,1484,B0001,C0043,48,101
U+7159,100249371_00033_2,1213,1602,B0001,C0044,101,91
U+306E,100249371_00033_2,1240,1715,B0001,C0045,51,51
U+5165,100249371_00033_2,1202,1760,B0001,C0046,101,76
U+3089,100249371_00033_2,1259,1816,B0001,C0047,24,57
U+3056,100249371_00033_2,1253,1873,B0001,C0048,57,54
U+308B,100249371_00033_2,1239,1927,B0001,C0049,41,48
U+3084,100249371_00033_2,1223,1976,B0001,C0050,87,60
U+3046,100249371_00033_2,1252,2036,B0001,C0051,28,70
U+306B,100249371_00033_2,1225,2106,B0001,C0052,74,62
U+53E3,100249371_00033_2,1236,2183,B0001,C0053,55,41
U+3092,100249371_00033_2,1236,2227,B0001,C0054,66,73
U+3088,100249371_00033_2,1256,2313,B0001,C0055,23,51
U+304F,100249371_00033_2,1251,2364,B0001,C0056,23,60
U+5C01,100249371_00033_2,1222,2435,B0001,C0057,86,100
U+3058,100249371_00033_2,1255,2535,B0001,C0058,63,166
U+5E38,100249371_00033_2,1038,502,B0001,C0059,67,162
U+306B,100249371_00033_2,1039,672,B0001,C0060,72,60
U+7159,100249371_00033_2,1028,758,B0001,C0061,87,89
U+306E,100249371_00033_2,1054,862,B0001,C0062,53,65
U+306A,100249371_00033_2,1047,943,B0001,C0063,64,76
U+304D,100249371_00033_2,1057,1019,B0001,C0064,41,109
U+6240,100249371_00033_2,1043,1142,B0001,C0065,79,83
U+306B,100249371_00033_2,1066,1230,B0001,C0066,44,47
U+3064,100249371_00033_2,1044,1301,B0001,C0067,73,51
U+308A,100249371_00033_2,1076,1352,B0001,C0068,31,79
U+7F6E,100249371_00033_2,1055,1434,B0001,C0069,63,101
U+5165,100249371_00033_2,1029,1541,B0001,C0070,103,72
U+7528,100249371_00033_2,1065,1612,B0001,C0071,49,90
U+306E,100249371_00033_2,1067,1713,B0001,C0072,44,44
U+7BC0,100249371_00033_2,1050,1763,B0001,C0073,78,136
U+53D6,100249371_00033_2,1052,1884,B0001,C0074,61,94
U+51FA,100249371_00033_2,1041,1984,B0001,C0075,86,68
U+3057,100249371_00033_2,1079,2052,B0001,C0076,12,95
U+7C73,100249371_00033_2,1040,2152,B0001,C0077,88,99
U+6CD4,100249371_00033_2,1038,2257,B0001,C0078,90,99
U+6C34,100249371_00033_2,1036,2361,B0001,C0079,85,88
U+306B,100249371_00033_2,1070,2450,B0001,C0080,25,59
U+6D78,100249371_00033_2,1041,2511,B0001,C0081,85,104
U+3057,100249371_00033_2,1076,2598,B0001,C0082,16,103
U+3064,100249371_00033_2,874,511,B0001,C0083,65,50
U+304B,100249371_00033_2,900,561,B0001,C0084,28,53
U+3075,100249371_00033_2,863,614,B0001,C0085,78,70
U+5176,100249371_00033_2,890,690,B0001,C0086,36,99
U+5302,100249371_00033_2,877,789,B0001,C0087,66,111
U+5931,100249371_00033_2,877,907,B0001,C0088,71,112
U+305B,100249371_00033_2,883,1020,B0001,C0089,63,77
U+305A,100249371_00033_2,879,1097,B0001,C0090,88,105
U+751F,100249371_00033_2,879,1208,B0001,C0091,61,97
U+306E,100249371_00033_2,890,1309,B0001,C0092,50,59
U+3057,100249371_00033_2,906,1453,B0001,C0093,23,120
U+25CB,100249371_00033_2,707,687,B0001,C0094,56,54
U+67FF,100249371_00033_2,678,790,B0001,C0095,106,101
U+3092,100249371_00033_2,697,915,B0001,C0096,74,67
U+305F,100249371_00033_2,713,995,B0001,C0097,55,106
U+304F,100249371_00033_2,718,1101,B0001,C0098,30,80
U+306F,100249371_00033_2,722,1190,B0001,C0099,29,80
U+3075,100249371_00033_2,685,1270,B0001,C0100,86,83
U+306E,100249371_00033_2,711,1360,B0001,C0101,54,69
U+6CD5,100249371_00033_2,702,1429,B0001,C0102,79,105
U+968F,100249371_00033_2,511,505,B0001,C0103,106,83
U+5206,100249371_00033_2,547,583,B0001,C0104,57,90
U+65B0,100249371_00033_2,515,673,B0001,C0105,87,123
U+3089,100249371_00033_2,548,797,B0001,C0106,28,66
U+3057,100249371_00033_2,556,864,B0001,C0107,17,86
U+304D,100249371_00033_2,537,969,B0001,C0108,42,93
U+67FF,100249371_00033_2,518,1083,B0001,C0109,98,117
U+3092,100249371_00033_2,538,1223,B0001,C0110,67,68
U+751F,100249371_00033_2,540,1313,B0001,C0111,51,86
U+3057,100249371_00033_2,558,1401,B0001,C0112,18,79
U+3076,100249371_00033_2,518,1486,B0001,C0113,112,80
U+306B,100249371_00033_2,553,1573,B0001,C0114,22,59
U+3064,100249371_00033_2,534,1655,B0001,C0115,57,61
U+3051,100249371_00033_2,534,1718,B0001,C0116,63,70
U+7F6E,100249371_00033_2,528,1795,B0001,C0117,64,119
U+306F,100249371_00033_2,529,1914,B0001,C0118,62,55
U+767E,100249371_00033_2,521,1978,B0001,C0119,86,96
U+306B,100249371_00033_2,527,2076,B0001,C0120,71,53
U+4E00,100249371_00033_2,510,2155,B0001,C0121,93,22
U+3064,100249371_00033_2,545,2181,B0001,C0122,41,54
U+3082,100249371_00033_2,537,2235,B0001,C0123,36,75
U+640D,100249371_00033_2,499,2315,B0001,C0124,105,108
U+305A,100249371_00033_2,536,2413,B0001,C0125,108,88
U+308B,100249371_00033_2,538,2501,B0001,C0126,37,62
U+4E8B,100249371_00033_2,526,2568,B0001,C0127,53,128
U+306A,100249371_00033_2,345,497,B0001,C0128,54,81
U+304F,100249371_00033_2,364,578,B0001,C0129,20,85
U+540C,100249371_00033_2,345,684,B0001,C0130,66,77
U+6C17,100249371_00033_2,355,759,B0001,C0131,64,110
U+76F8,100249371_00033_2,340,875,B0001,C0132,72,106
U+3082,100249371_00033_2,359,985,B0001,C0133,36,73
U+3068,100249371_00033_2,361,1058,B0001,C0134,41,64
U+3080,100249371_00033_2,345,1122,B0001,C0135,84,72
U+308B,100249371_00033_2,368,1195,B0001,C0136,35,55
U+306E,100249371_00033_2,361,1261,B0001,C0137,50,60
U+7406,100249371_00033_2,347,1347,B0001,C0138,78,83
U+306A,100249371_00033_2,356,1443,B0001,C0139,63,72
U+308B,100249371_00033_2,364,1515,B0001,C0140,40,62
U+3079,100249371_00033_2,349,1571,B0001,C0141,88,62
U+3057,100249371_00033_2,380,1621,B0001,C0142,15,108
U+7269,100249371_00033_2,339,1729,B0001,C0143,103,75
U+985E,100249371_00033_2,329,1814,B0001,C0144,108,92
U+306E,100249371_00033_2,371,1906,B0001,C0145,44,46
U+611F,100249371_00033_2,355,1953,B0001,C0146,82,105
U+901A,100249371_00033_2,356,2060,B0001,C0147,80,98
U+3059,100249371_00033_2,359,2170,B0001,C0148,66,74
U+308B,100249371_00033_2,371,2244,B0001,C0149,36,69
U+3092,100249371_00033_2,382,2311,B0001,C0150,28,73
U+5999,100249371_00033_2,339,2379,B0001,C0151,111,59
U+3068,100249371_00033_2,374,2439,B0001,C0152,41,62
U+3044,100249371_00033_2,362,2502,B0001,C0153,47,35
U+3075,100249371_00033_2,360,2537,B0001,C0154,59,66
U+3078,100249371_00033_2,354,2603,B0001,C0155,93,68
U+3057,100249371_00033_2,338,2480,B0001,C0156,82,208
U+25CB,100249371_00033_2,180,681,B0001,C0157,56,59
U+304B,100249371_00033_2,163,784,B0001,C0158,92,62
U+3089,100249371_00033_2,218,846,B0001,C0159,16,65
U+307F,100249371_00033_2,191,911,B0001,C0160,38,87
U+5927,100249371_00033_2,170,1001,B0001,C0161,86,88
U+6839,100249371_00033_2,163,1089,B0001,C0162,103,98
U+306A,100249371_00033_2,186,1193,B0001,C0163,65,93
U+304D,100249371_00033_2,201,1286,B0001,C0164,34,114
U+6642,100249371_00033_2,177,1400,B0001,C0165,86,82
U+306E,100249371_00033_2,201,1503,B0001,C0166,58,70
U+6CD5,100249371_00033_2,190,1573,B0001,C0167,78,121
U+5148,100249371_00034_1,1593,512,B0001,C0001,84,106
U+5E38,100249371_00034_1,1588,634,B0001,C0002,70,145
U+306E,100249371_00034_1,1602,774,B0001,C0003,54,64
U+304F,100249371_00034_1,1612,903,B0001,C0004,27,76
U+5927,100249371_00034_1,1586,990,B0001,C0005,79,81
U+6839,100249371_00034_1,1574,1074,B0001,C0006,95,97
U+306E,100249371_00034_1,1600,1193,B0001,C0007,50,63
U+7D5E,100249371_00034_1,1580,1263,B0001,C0008,96,110
U+308A,100249371_00034_1,1618,1373,B0001,C0009,27,60
U+6C41,100249371_00034_1,1591,1434,B0001,C0010,85,151
U+3092,100249371_00034_1,1593,1576,B0001,C0011,50,71
U+3053,100249371_00034_1,1601,1663,B0001,C0012,30,56
U+3057,100249371_00034_1,1609,1719,B0001,C0013,20,67
U+3089,100249371_00034_1,1593,1786,B0001,C0014,38,65
U+3078,100249371_00034_1,1570,1851,B0001,C0015,91,72
U+4F55,100249371_00034_1,1565,1927,B0001,C0016,96,83
U+306B,100249371_00034_1,1603,2010,B0001,C0017,20,53
U+3066,100249371_00034_1,1589,2063,B0001,C0018,53,54
U+3082,100249371_00034_1,1611,2117,B0001,C0019,26,81
U+6DF1,100249371_00034_1,1576,2219,B0001,C0020,85,93
U+304D,100249371_00034_1,1607,2312,B0001,C0021,30,106
U+5668,100249371_00034_1,1573,2430,B0001,C0022,86,99
U+306B,100249371_00034_1,1611,2529,B0001,C0023,29,65
U+5165,100249371_00034_1,1567,2615,B0001,C0024,99,84
U+5869,100249371_00034_1,1393,512,B0001,C0025,101,97
U+3092,100249371_00034_1,1419,611,B0001,C0026,71,75
U+5C11,100249371_00034_1,1417,695,B0001,C0027,76,83
U+3057,100249371_00034_1,1443,769,B0001,C0028,23,59
U+5408,100249371_00034_1,1398,823,B0001,C0029,98,97
U+305B,100249371_00034_1,1415,920,B0001,C0030,59,64
U+8336,100249371_00034_1,1415,992,B0001,C0031,76,130
U+7B4C,100249371_00034_1,1411,1122,B0001,C0032,81,130
U+306B,100249371_00034_1,1437,1258,B0001,C0033,21,52
U+3066,100249371_00034_1,1419,1310,B0001,C0034,57,56
U+3082,100249371_00034_1,1427,1366,B0001,C0035,38,76
U+7BB8,100249371_00034_1,1407,1442,B0001,C0036,66,129
U+306B,100249371_00034_1,1428,1571,B0001,C0037,22,61
U+3066,100249371_00034_1,1412,1632,B0001,C0038,57,57
U+3082,100249371_00034_1,1422,1700,B0001,C0039,38,72
U+624B,100249371_00034_1,1417,1782,B0001,C0040,52,96
U+3092,100249371_00034_1,1399,1884,B0001,C0041,89,50
U+6B62,100249371_00034_1,1393,1943,B0001,C0042,88,55
U+3081,100249371_00034_1,1407,2003,B0001,C0043,69,52
U+305A,100249371_00034_1,1400,2055,B0001,C0044,104,92
U+968F,100249371_00034_1,1396,2149,B0001,C0045,92,93
U+5206,100249371_00034_1,1433,2232,B0001,C0046,50,94
U+3064,100249371_00034_1,1410,2341,B0001,C0047,78,48
U+3088,100249371_00034_1,1440,2389,B0001,C0048,29,56
U+304F,100249371_00034_1,1435,2445,B0001,C0049,23,54
U+3075,100249371_00034_1,1396,2499,B0001,C0050,77,72
U+308A,100249371_00034_1,1436,2571,B0001,C0051,23,57
U+3066,100249371_00034_1,1406,2630,B0001,C0052,65,72
U+826F,100249371_00034_1,1249,502,B0001,C0053,62,121
U+3057,100249371_00034_1,1224,637,B0001,C0054,85,75
U+3070,100249371_00034_1,1239,711,B0001,C0055,100,59
U+3089,100249371_00034_1,1263,775,B0001,C0056,22,69
U+304F,100249371_00034_1,1254,847,B0001,C0057,28,72
U+3075,100249371_00034_1,1215,923,B0001,C0058,89,76
U+308A,100249371_00034_1,1251,999,B0001,C0059,39,54
U+7ACB,100249371_00034_1,1238,1053,B0001,C0060,72,92
U+308C,100249371_00034_1,1250,1140,B0001,C0061,46,112
U+306F,100249371_00034_1,1247,1252,B0001,C0062,53,39
U+5176,100249371_00034_1,1246,1298,B0001,C0063,45,89
U+6C17,100249371_00034_1,1232,1387,B0001,C0064,79,111
U+9F3B,100249371_00034_1,1223,1503,B0001,C0065,93,116
U+3092,100249371_00034_1,1235,1629,B0001,C0066,74,66
U+3064,100249371_00034_1,1231,1706,B0001,C0067,86,83
U+304F,100249371_00034_1,1263,1789,B0001,C0068,29,50
U+3084,100249371_00034_1,1227,1846,B0001,C0069,82,49
U+3046,100249371_00034_1,1261,1895,B0001,C0070,23,72
U+306B,100249371_00034_1,1231,1973,B0001,C0071,75,44
U+751A,100249371_00034_1,1235,2027,B0001,C0072,71,108
U+9999,100249371_00034_1,1226,2145,B0001,C0073,64,118
U+3088,100249371_00034_1,1254,2277,B0001,C0074,25,43
U+304F,100249371_00034_1,1248,2320,B0001,C0075,28,75
U+306A,100249371_00034_1,1232,2394,B0001,C0076,62,77
U+308B,100249371_00034_1,1236,2471,B0001,C0077,40,54
U+306A,100249371_00034_1,1232,2536,B0001,C0078,52,86
U+308A,100249371_00034_1,1239,2622,B0001,C0079,33,85
U+4E45,100249371_00034_1,1060,505,B0001,C0080,88,89
U+3057,100249371_00034_1,1097,585,B0001,C0081,13,68
U+304F,100249371_00034_1,1086,653,B0001,C0082,25,79
U+632F,100249371_00034_1,1039,745,B0001,C0083,115,82
U+308B,100249371_00034_1,1084,840,B0001,C0084,29,69
U+307B,100249371_00034_1,1053,909,B0001,C0085,83,84
U+3069,100249371_00034_1,1088,982,B0001,C0086,70,68
U+3088,100249371_00034_1,1095,1064,B0001,C0087,24,59
U+308D,100249371_00034_1,1062,1123,B0001,C0088,66,77
U+3057,100249371_00034_1,1091,1189,B0001,C0089,16,88
U+4F55,100249371_00034_1,1047,1273,B0001,C0090,93,74
U+307B,100249371_00034_1,1052,1349,B0001,C0091,79,75
U+3069,100249371_00034_1,1090,1400,B0001,C0092,77,75
U+7518,100249371_00034_1,1052,1475,B0001,C0093,77,81
U+304D,100249371_00034_1,1076,1559,B0001,C0094,43,96
U+5927,100249371_00034_1,1055,1658,B0001,C0095,71,89
U+6839,100249371_00034_1,1037,1747,B0001,C0096,106,83
U+306B,100249371_00034_1,1084,1837,B0001,C0097,19,62
U+3066,100249371_00034_1,1061,1899,B0001,C0098,58,56
U+3082,100249371_00034_1,1059,1967,B0001,C0099,47,69
U+8F9B,100249371_00034_1,1045,2047,B0001,C0100,77,116
U+304F,100249371_00034_1,1068,2163,B0001,C0101,34,74
U+306A,100249371_00034_1,1058,2242,B0001,C0102,63,74
U+308B,100249371_00034_1,1064,2316,B0001,C0103,41,50
U+4E8B,100249371_00034_1,1066,2374,B0001,C0104,32,96
U+5999,100249371_00034_1,1037,2479,B0001,C0105,103,64
U+4E5F,100249371_00034_1,1058,2543,B0001,C0106,77,65
U+25CB,100249371_00034_1,893,701,B0001,C0107,61,56
U+9905,100249371_00034_1,876,803,B0001,C0108,103,155
U+306B,100249371_00034_1,914,958,B0001,C0109,20,62
U+304B,100249371_00034_1,900,1039,B0001,C0110,33,62
U+3073,100249371_00034_1,885,1072,B0001,C0111,96,102
U+51FA,100249371_00034_1,876,1202,B0001,C0112,89,72
U+3056,100249371_00034_1,905,1281,B0001,C0113,61,71
U+308B,100249371_00034_1,896,1352,B0001,C0114,41,92
U+6CD5,100249371_00034_1,875,1444,B0001,C0115,91,102
U+9905,100249371_00034_1,709,515,B0001,C0116,109,107
U+3092,100249371_00034_1,724,622,B0001,C0117,75,101
U+6417,100249371_00034_1,707,750,B0001,C0118,104,121
U+3068,100249371_00034_1,748,871,B0001,C0119,35,71
U+304D,100249371_00034_1,735,942,B0001,C0120,49,127
U+9905,100249371_00034_1,710,1081,B0001,C0121,108,120
U+7C73,100249371_00034_1,726,1208,B0001,C0122,70,102
U+4E00,100249371_00034_1,725,1342,B0001,C0123,75,16
U+6597,100249371_00034_1,727,1383,B0001,C0124,61,123
U+306E,100249371_00034_1,732,1508,B0001,C0125,51,61
U+4E2D,100249371_00034_1,716,1569,B0001,C0126,74,113
U+3078,100249371_00034_1,714,1693,B0001,C0127,74,44
U+6C37,100249371_00034_1,707,1742,B0001,C0128,88,104
U+3056,100249371_00034_1,731,1846,B0001,C0129,97,73
U+3068,100249371_00034_1,735,1934,B0001,C0130,35,73
U+3046,100249371_00034_1,734,2007,B0001,C0131,28,91
U+58F1,100249371_00034_1,728,2087,B0001,C0132,57,133
U+4E21,100249371_00034_1,722,2220,B0001,C0133,62,86
U+3092,100249371_00034_1,720,2327,B0001,C0134,71,63
U+3068,100249371_00034_1,742,2402,B0001,C0135,33,61
U+308A,100249371_00034_1,738,2463,B0001,C0136,31,79
U+6C34,100249371_00034_1,715,2542,B0001,C0137,68,99
U+306E,100249371_00034_1,728,2646,B0001,C0138,51,64
U+4E2D,100249371_00034_1,543,521,B0001,C0139,72,133
U+3078,100249371_00034_1,536,655,B0001,C0140,78,61
U+5165,100249371_00034_1,525,719,B0001,C0141,99,72
U+308C,100249371_00034_1,551,781,B0001,C0142,47,111
U+308B,100249371_00034_1,560,892,B0001,C0143,36,67
U+3068,100249371_00034_1,565,971,B0001,C0144,33,74
U+304D,100249371_00034_1,551,1045,B0001,C0145,53,102
U+306F,100249371_00034_1,544,1151,B0001,C0146,55,48
U+4F55,100249371_00034_1,529,1232,B0001,C0147,89,86
U+6642,100249371_00034_1,533,1319,B0001,C0148,86,93
U+3082,100249371_00034_1,557,1427,B0001,C0149,43,81
U+304B,100249371_00034_1,534,1531,B0001,C0150,78,76
U+3072,100249371_00034_1,541,1607,B0001,C0151,71,77
U+51FA,100249371_00034_1,539,1697,B0001,C0152,87,71
U+3056,100249371_00034_1,558,1778,B0001,C0153,79,69
U+308B,100249371_00034_1,552,1847,B0001,C0154,41,93
U+4E8B,100249371_00034_1,552,1940,B0001,C0155,54,134
U+5947,100249371_00034_1,530,2074,B0001,C0156,83,119
U+5999,100249371_00034_1,527,2239,B0001,C0157,100,79
U+306A,100249371_00034_1,538,2392,B0001,C0158,62,69
U+308A,100249371_00034_1,555,2461,B0001,C0159,35,98
U+25CB,100249371_00034_1,380,703,B0001,C0160,57,54
U+9162,100249371_00034_1,351,821,B0001,C0161,113,103
U+306B,100249371_00034_1,387,939,B0001,C0162,33,71
U+767D,100249371_00034_1,370,1033,B0001,C0163,59,102
U+8863,100249371_00034_1,360,1138,B0001,C0164,85,102
U+306E,100249371_00034_1,375,1259,B0001,C0165,51,65
U+751F,100249371_00034_1,375,1341,B0001,C0166,45,74
U+305B,100249371_00034_1,374,1435,B0001,C0167,53,75
U+3056,100249371_00034_1,379,1510,B0001,C0168,70,76
U+308B,100249371_00034_1,372,1586,B0001,C0169,41,77
U+6CD5,100249371_00034_1,359,1663,B0001,C0170,80,96
U+9162,100249371_00034_1,177,519,B0001,C0171,103,104
U+58F1,100249371_00034_1,198,682,B0001,C0172,52,118
U+5347,100249371_00034_1,194,800,B0001,C0173,60,106
U+306E,100249371_00034_1,202,916,B0001,C0174,48,61
U+4E2D,100249371_00034_1,190,977,B0001,C0175,64,122
U+3078,100249371_00034_1,189,1099,B0001,C0176,91,67
U+713C,100249371_00034_1,182,1156,B0001,C0177,97,138
U+3057,100249371_00034_1,208,1294,B0001,C0178,33,91
U+307B,100249371_00034_1,185,1385,B0001,C0179,88,81
U+3092,100249371_00034_1,191,1471,B0001,C0180,77,71
U+8706,100249371_00034_1,181,1554,B0001,C0181,113,93
U+8C9D,100249371_00034_1,205,1647,B0001,C0182,60,134
U+306B,100249371_00034_1,219,1783,B0001,C0183,28,64
U+4E00,100249371_00034_1,203,1869,B0001,C0184,53,12
U+676F,100249371_00034_1,184,1909,B0001,C0185,104,87
U+307B,100249371_00034_1,191,2001,B0001,C0186,82,79
U+3068,100249371_00034_1,242,2064,B0001,C0187,21,63
U+5165,100249371_00034_1,184,2133,B0001,C0188,95,58
U+304A,100249371_00034_1,206,2199,B0001,C0189,80,51
U+304F,100249371_00034_1,231,2238,B0001,C0190,27,74
U+3068,100249371_00034_1,226,2304,B0001,C0191,35,68
U+304D,100249371_00034_1,219,2372,B0001,C0192,52,96
U+306F,100249371_00034_1,213,2469,B0001,C0193,54,49
U+767D,100249371_00034_1,214,2523,B0001,C0194,58,71
U+304D,100249371_00034_1,222,2594,B0001,C0195,50,99
U+304B,100249371_00034_2,1568,514,B0001,C0001,86,68
U+3073,100249371_00034_2,1577,582,B0001,C0002,92,95
U+751F,100249371_00034_2,1591,692,B0001,C0003,43,95
U+305A,100249371_00034_2,1587,791,B0001,C0004,92,78
U+308B,100249371_00034_2,1592,871,B0001,C0005,45,85
U+4E8B,100249371_00034_2,1599,956,B0001,C0006,34,122
U+6C7A,100249371_00034_2,1578,1095,B0001,C0007,69,132
U+3066,100249371_00034_2,1606,1227,B0001,C0008,18,108
U+306A,100249371_00034_2,1585,1359,B0001,C0009,65,89
U+3057,100249371_00034_2,1615,1453,B0001,C0010,16,128
U+25CB,100249371_00034_2,1421,687,B0001,C0011,54,52
U+5F01,100249371_00034_2,1411,762,B0001,C0012,70,135
U+5F53,100249371_00034_2,1406,897,B0001,C0013,77,119
U+91CD,100249371_00034_2,1414,1036,B0001,C0014,59,98
U+7BB1,100249371_00034_2,1403,1144,B0001,C0015,79,117
U+7B49,100249371_00034_2,1401,1261,B0001,C0016,81,66
U+306B,100249371_00034_2,1430,1341,B0001,C0017,29,53
U+716E,100249371_00034_2,1394,1398,B0001,C0018,89,130
U+305F,100249371_00034_2,1427,1528,B0001,C0019,42,51
U+308B,100249371_00034_2,1424,1586,B0001,C0020,42,63
U+7269,100249371_00034_2,1398,1664,B0001,C0021,93,84
U+3092,100249371_00034_2,1419,1748,B0001,C0022,67,67
U+5165,100249371_00034_2,1398,1822,B0001,C0023,107,72
U+308C,100249371_00034_2,1427,1869,B0001,C0024,47,111
U+3066,100249371_00034_2,1431,1988,B0001,C0025,47,57
U+3046,100249371_00034_2,1423,2053,B0001,C0026,44,88
U+3064,100249371_00034_2,1400,2133,B0001,C0027,81,50
U+308A,100249371_00034_2,1425,2183,B0001,C0028,38,71
U+55C5,100249371_00034_2,1398,2239,B0001,C0029,110,122
U+306A,100249371_00034_2,1413,2372,B0001,C0030,64,80
U+304F,100249371_00034_2,1430,2452,B0001,C0031,29,79
U+53C8,100249371_00034_2,1218,771,B0001,C0032,96,96
U+590F,100249371_00034_2,1236,860,B0001,C0033,64,137
U+65E5,100249371_00034_2,1244,1006,B0001,C0034,51,75
U+306B,100249371_00034_2,1250,1081,B0001,C0035,29,72
U+98A8,100249371_00034_2,1229,1169,B0001,C0036,91,88
U+5473,100249371_00034_2,1222,1257,B0001,C0037,97,93
U+304B,100249371_00034_2,1248,1367,B0001,C0038,42,67
U+306F,100249371_00034_2,1245,1434,B0001,C0039,53,49
U+3089,100249371_00034_2,1270,1483,B0001,C0040,18,85
U+3056,100249371_00034_2,1260,1568,B0001,C0041,67,64
U+308B,100249371_00034_2,1253,1632,B0001,C0042,41,68
U+6CD5,100249371_00034_2,1230,1717,B0001,C0043,86,94
U+9B5A,100249371_00034_2,1053,499,B0001,C0044,85,107
U+9CE5,100249371_00034_2,1065,611,B0001,C0045,53,115
U+91CE,100249371_00034_2,1052,744,B0001,C0046,78,107
U+83DC,100249371_00034_2,1058,860,B0001,C0047,73,132
U+7B49,100249371_00034_2,1065,1001,B0001,C0048,56,129
U+716E,100249371_00034_2,1055,1135,B0001,C0049,73,129
U+305F,100249371_00034_2,1080,1264,B0001,C0050,41,65
U+308B,100249371_00034_2,1071,1329,B0001,C0051,43,59
U+7269,100249371_00034_2,1057,1390,B0001,C0052,81,88
U+3092,100249371_00034_2,1071,1497,B0001,C0053,65,69
U+5F01,100249371_00034_2,1049,1587,B0001,C0054,89,115
U+5F53,100249371_00034_2,1063,1703,B0001,C0055,76,109
U+91CD,100249371_00034_2,1070,1819,B0001,C0056,48,92
U+7BB1,100249371_00034_2,1057,1914,B0001,C0057,74,132
U+306B,100249371_00034_2,1088,2046,B0001,C0058,22,69
U+5165,100249371_00034_2,1025,2131,B0001,C0059,112,80
U+308B,100249371_00034_2,1096,2199,B0001,C0060,18,61
U+309D,100249371_00034_2,1095,2260,B0001,C0061,16,54
U+3068,100249371_00034_2,1090,2316,B0001,C0062,29,66
U+304D,100249371_00034_2,1075,2382,B0001,C0063,46,114
U+306F,100249371_00034_2,1064,2496,B0001,C0064,58,41
U+6F06,100249371_00034_2,1052,2537,B0001,C0065,85,86
U+306E,100249371_00034_2,1070,2631,B0001,C0066,50,77
U+3046,100249371_00034_2,910,512,B0001,C0067,22,78
U+3064,100249371_00034_2,878,597,B0001,C0068,72,48
U+308A,100249371_00034_2,902,645,B0001,C0069,30,65
U+9999,100249371_00034_2,886,700,B0001,C0070,54,109
U+53C8,100249371_00034_2,877,835,B0001,C0071,87,84
U+306F,100249371_00034_2,897,912,B0001,C0072,47,101
U+4ED6,100249371_00034_2,886,1015,B0001,C0073,89,96
U+306E,100249371_00034_2,898,1123,B0001,C0074,58,46
U+3046,100249371_00034_2,910,1179,B0001,C0075,23,80
U+3064,100249371_00034_2,886,1259,B0001,C0076,65,37
U+308A,100249371_00034_2,904,1299,B0001,C0077,34,71
U+9999,100249371_00034_2,893,1362,B0001,C0078,54,133
U+7B49,100249371_00034_2,891,1495,B0001,C0079,56,115
U+306B,100249371_00034_2,915,1624,B0001,C0080,18,62
U+3066,100249371_00034_2,897,1686,B0001,C0081,51,62
U+590F,100249371_00034_2,901,1759,B0001,C0082,65,121
U+65E5,100249371_00034_2,911,1892,B0001,C0083,53,70
U+306B,100249371_00034_2,888,2080,B0001,C0084,81,67
U+65E9,100249371_00034_2,911,2165,B0001,C0085,35,74
U+304F,100249371_00034_2,917,2239,B0001,C0086,27,82
U+304F,100249371_00034_2,897,2328,B0001,C0087,56,74
U+3055,100249371_00034_2,915,2402,B0001,C0088,38,64
U+308A,100249371_00034_2,918,2466,B0001,C0089,33,87
U+3066,100249371_00034_2,910,2553,B0001,C0090,45,132
U+5927,100249371_00034_2,713,507,B0001,C0091,67,87
U+306B,100249371_00034_2,742,596,B0001,C0092,20,53
U+56F0,100249371_00034_2,712,669,B0001,C0093,68,98
U+308B,100249371_00034_2,732,767,B0001,C0094,28,71
U+306A,100249371_00034_2,717,955,B0001,C0095,61,78
U+308A,100249371_00034_2,734,1033,B0001,C0096,31,85
U+5176,100249371_00034_2,724,1118,B0001,C0097,43,123
U+6642,100249371_00034_2,707,1241,B0001,C0098,84,91
U+306F,100249371_00034_2,726,1334,B0001,C0099,50,53
U+5F01,100249371_00034_2,712,1409,B0001,C0100,79,111
U+5F53,100249371_00034_2,718,1531,B0001,C0101,68,95
U+306B,100249371_00034_2,740,1642,B0001,C0102,20,53
U+3066,100249371_00034_2,717,1695,B0001,C0103,58,59
U+3082,100249371_00034_2,715,1761,B0001,C0104,51,78
U+91CD,100249371_00034_2,721,1852,B0001,C0105,59,119
U+7BB1,100249371_00034_2,710,1971,B0001,C0106,80,106
U+306B,100249371_00034_2,742,2078,B0001,C0107,21,59
U+3066,100249371_00034_2,721,2137,B0001,C0108,59,70
U+3082,100249371_00034_2,728,2207,B0001,C0109,42,78
U+716E,100249371_00034_2,715,2293,B0001,C0110,79,115
U+7269,100249371_00034_2,706,2408,B0001,C0111,85,86
U+3092,100249371_00034_2,720,2501,B0001,C0112,65,60
U+5165,100249371_00034_2,693,2558,B0001,C0113,104,68
U+308C,100249371_00034_2,726,2601,B0001,C0114,60,96
U+5176,100249371_00034_2,553,508,B0001,C0115,48,111
U+3046,100249371_00034_2,554,619,B0001,C0116,32,81
U+3078,100249371_00034_2,517,700,B0001,C0117,103,50
U+306B,100249371_00034_2,563,747,B0001,C0118,27,59
U+6885,100249371_00034_2,523,815,B0001,C0119,112,114
U+5E72,100249371_00034_2,540,922,B0001,C0120,70,98
U+4E94,100249371_00034_2,533,1033,B0001,C0121,89,71
U+3064,100249371_00034_2,554,1104,B0001,C0122,47,58
U+516D,100249371_00034_2,531,1170,B0001,C0123,85,64
U+3064,100249371_00034_2,555,1239,B0001,C0124,44,60
U+306F,100249371_00034_2,554,1289,B0001,C0125,43,84
U+304B,100249371_00034_2,567,1373,B0001,C0126,26,46
U+308A,100249371_00034_2,560,1420,B0001,C0127,34,84
U+898B,100249371_00034_2,548,1495,B0001,C0128,60,102
U+5408,100249371_00034_2,541,1593,B0001,C0129,81,104
U+306B,100249371_00034_2,572,1702,B0001,C0130,29,55
U+5165,100249371_00034_2,529,1760,B0001,C0131,96,71
U+7F6E,100249371_00034_2,552,1831,B0001,C0132,56,105
U+3079,100249371_00034_2,530,1936,B0001,C0133,112,47
U+3057,100249371_00034_2,570,1978,B0001,C0134,16,96
U+3055,100249371_00034_2,543,2082,B0001,C0135,82,97
U+3059,100249371_00034_2,552,2179,B0001,C0136,44,78
U+308C,100249371_00034_2,555,2261,B0001,C0137,45,98
U+306F,100249371_00034_2,545,2359,B0001,C0138,65,51
U+53F3,100249371_00034_2,538,2410,B0001,C0139,75,77
U+306E,100249371_00034_2,557,2495,B0001,C0140,53,49
U+3046,100249371_00034_2,566,2544,B0001,C0141,30,83
U+3064,100249371_00034_2,539,2629,B0001,C0142,63,58
U+308A,100249371_00034_2,380,516,B0001,C0143,39,84
U+9999,100249371_00034_2,360,615,B0001,C0144,57,121
U+3092,100249371_00034_2,355,742,B0001,C0145,78,64
U+3088,100249371_00034_2,381,814,B0001,C0146,31,71
U+304F,100249371_00034_2,369,885,B0001,C0147,31,82
U+9632,100249371_00034_2,351,967,B0001,C0148,81,92
U+3050,100249371_00034_2,384,1070,B0001,C0149,82,71
U+306A,100249371_00034_2,374,1141,B0001,C0150,50,82
U+308A,100249371_00034_2,382,1223,B0001,C0151,37,73
U+98EF,100249371_00034_2,356,1310,B0001,C0152,81,105
U+83DC,100249371_00034_2,365,1416,B0001,C0153,72,137
U+80B4,100249371_00034_2,357,1565,B0001,C0154,65,139
U+7B49,100249371_00034_2,361,1700,B0001,C0155,79,66
U+4E8C,100249371_00034_2,357,1782,B0001,C0156,80,70
U+4E09,100249371_00034_2,360,1863,B0001,C0157,74,63
U+65E5,100249371_00034_2,367,1937,B0001,C0158,58,66
U+3092,100249371_00034_2,365,2004,B0001,C0159,68,74
U+7D4C,100249371_00034_2,356,2091,B0001,C0160,86,103
U+3066,100249371_00034_2,384,2196,B0001,C0161,35,56
U+3082,100249371_00034_2,376,2252,B0001,C0162,47,71
U+3059,100249371_00034_2,379,2328,B0001,C0163,55,89
U+3078,100249371_00034_2,350,2417,B0001,C0164,87,44
U+308B,100249371_00034_2,395,2461,B0001,C0165,22,71
U+4E8B,100249371_00034_2,373,2532,B0001,C0166,60,145
U+306A,100249371_00034_2,189,510,B0001,C0167,69,61
U+3057,100249371_00034_2,226,571,B0001,C0168,20,83
U+65C5,100249371_00034_2,174,666,B0001,C0169,100,87
U+884C,100249371_00034_2,179,753,B0001,C0170,65,98
U+306E,100249371_00034_2,192,862,B0001,C0171,54,54
U+4EBA,100249371_00034_2,166,916,B0001,C0172,97,86
U+307E,100249371_00034_2,198,992,B0001,C0173,45,89
U+305F,100249371_00034_2,201,1081,B0001,C0174,38,71
U+306F,100249371_00034_2,190,1157,B0001,C0175,58,32
U+6B66,100249371_00034_2,185,1191,B0001,C0176,80,106
U+5BB6,100249371_00034_2,188,1294,B0001,C0177,76,102
U+306E,100249371_00034_2,201,1406,B0001,C0178,48,48
U+5728,100249371_00034_2,193,1454,B0001,C0179,60,101
U+756A,100249371_00034_2,196,1555,B0001,C0180,63,124
U+306E,100249371_00034_2,200,1693,B0001,C0181,51,46
U+4EBA,100249371_00034_2,182,1739,B0001,C0182,91,94
U+306A,100249371_00034_2,199,1823,B0001,C0183,59,78
U+3068,100249371_00034_2,215,1903,B0001,C0184,33,67
U+61D0,100249371_00034_2,177,1980,B0001,C0185,98,110
U+4E2D,100249371_00034_2,198,2090,B0001,C0186,64,108
U+5F01,100249371_00034_2,194,2198,B0001,C0187,69,105
U+5F53,100249371_00034_2,189,2308,B0001,C0188,73,104
U+306B,100249371_00034_2,213,2418,B0001,C0189,21,54
U+306F,100249371_00034_2,197,2472,B0001,C0190,55,47
U+6B64,100249371_00034_2,188,2517,B0001,C0191,76,73
U+6CD5,100249371_00034_2,192,2590,B0001,C0192,82,89
U+6B20,100249371_00035_1,1581,510,B0001,C0001,50,87
U+3079,100249371_00035_1,1559,601,B0001,C0002,114,56
U+304B,100249371_00035_1,1594,647,B0001,C0003,33,54
U+3089,100249371_00035_1,1588,701,B0001,C0004,27,66
U+305A,100249371_00035_1,1579,738,B0001,C0005,90,112
U+304D,100249371_00035_1,1596,857,B0001,C0006,31,96
U+3081,100249371_00035_1,1578,954,B0001,C0007,69,58
U+3046,100249371_00035_1,1605,1013,B0001,C0008,25,67
U+306E,100249371_00035_1,1589,1081,B0001,C0009,48,54
U+8853,100249371_00035_1,1564,1165,B0001,C0010,90,84
U+306A,100249371_00035_1,1576,1249,B0001,C0011,59,92
U+308A,100249371_00035_1,1591,1341,B0001,C0012,33,79
U+25CB,100249371_00035_1,1406,680,B0001,C0013,55,59
U+590F,100249371_00035_1,1396,766,B0001,C0014,63,108
U+65E5,100249371_00035_1,1411,891,B0001,C0015,49,65
U+9162,100249371_00035_1,1380,971,B0001,C0016,107,85
U+53C8,100249371_00035_1,1374,1071,B0001,C0017,99,80
U+306F,100249371_00035_1,1400,1172,B0001,C0018,64,40
U+6885,100249371_00035_1,1378,1219,B0001,C0019,110,101
U+9162,100249371_00035_1,1374,1323,B0001,C0020,105,78
U+6F2C,100249371_00035_1,1385,1405,B0001,C0021,88,121
U+306B,100249371_00035_1,1390,1534,B0001,C0022,80,52
U+91AD,100249371_00035_1,1376,1603,B0001,C0023,100,114
U+3092,100249371_00035_1,1404,1723,B0001,C0024,66,79
U+51FA,100249371_00035_1,1390,1806,B0001,C0025,86,92
U+3055,100249371_00035_1,1412,1892,B0001,C0026,32,80
U+306C,100249371_00035_1,1386,1972,B0001,C0027,84,83
U+6CD5,100249371_00035_1,1382,2055,B0001,C0028,97,101
U+590F,100249371_00035_1,1220,497,B0001,C0029,64,134
U+65E5,100249371_00035_1,1225,647,B0001,C0030,50,71
U+6885,100249371_00035_1,1200,738,B0001,C0031,103,99
U+9162,100249371_00035_1,1209,840,B0001,C0032,90,85
U+307E,100249371_00035_1,1230,935,B0001,C0033,50,92
U+305F,100249371_00035_1,1229,1027,B0001,C0034,38,73
U+306F,100249371_00035_1,1223,1101,B0001,C0035,58,52
U+7C73,100249371_00035_1,1216,1159,B0001,C0036,70,92
U+306E,100249371_00035_1,1225,1256,B0001,C0037,49,60
U+9162,100249371_00035_1,1199,1316,B0001,C0038,97,83
U+306B,100249371_00035_1,1218,1416,B0001,C0039,67,51
U+7B4D,100249371_00035_1,1222,1496,B0001,C0040,59,135
U+3081,100249371_00035_1,1216,1641,B0001,C0041,69,57
U+3046,100249371_00035_1,1240,1698,B0001,C0042,26,81
U+304C,100249371_00035_1,1235,1756,B0001,C0043,58,69
U+751F,100249371_00035_1,1222,1847,B0001,C0044,47,80
U+59DC,100249371_00035_1,1199,1927,B0001,C0045,89,114
U+306A,100249371_00035_1,1222,2058,B0001,C0046,55,70
U+3068,100249371_00035_1,1245,2128,B0001,C0047,21,58
U+6F2C,100249371_00035_1,1212,2197,B0001,C0048,89,113
U+7F6E,100249371_00035_1,1219,2310,B0001,C0049,62,112
U+4E8B,100249371_00035_1,1229,2422,B0001,C0050,34,106
U+91CD,100249371_00035_1,1214,2529,B0001,C0051,63,94
U+5B9D,100249371_00035_1,1215,2623,B0001,C0052,77,97
U+306A,100249371_00035_1,1048,501,B0001,C0053,67,71
U+308C,100249371_00035_1,1040,572,B0001,C0054,82,68
U+3068,100249371_00035_1,1071,631,B0001,C0055,22,58
U+3082,100249371_00035_1,1052,689,B0001,C0056,44,63
U+56DB,100249371_00035_1,1044,785,B0001,C0057,71,53
U+4E94,100249371_00035_1,1031,838,B0001,C0058,85,76
U+65E5,100249371_00035_1,1049,919,B0001,C0059,46,58
U+306E,100249371_00035_1,1047,985,B0001,C0060,52,51
U+3046,100249371_00035_1,1061,1036,B0001,C0061,21,71
U+3061,100249371_00035_1,1053,1107,B0001,C0062,44,73
U+306B,100249371_00035_1,1061,1191,B0001,C0063,25,59
U+304B,100249371_00035_1,1029,1268,B0001,C0064,90,60
U+3073,100249371_00035_1,1047,1331,B0001,C0065,99,71
U+51FA,100249371_00035_1,1044,1411,B0001,C0066,72,63
U+3066,100249371_00035_1,1066,1474,B0001,C0067,23,96
U+5176,100249371_00035_1,1054,1581,B0001,C0068,42,98
U+5473,100249371_00035_1,1027,1682,B0001,C0069,101,78
U+3082,100249371_00035_1,1051,1760,B0001,C0070,44,85
U+5909,100249371_00035_1,1038,1853,B0001,C0071,66,136
U+305A,100249371_00035_1,1045,1989,B0001,C0072,89,63
U+308B,100249371_00035_1,1052,2052,B0001,C0073,36,44
U+3082,100249371_00035_1,1054,2122,B0001,C0074,45,84
U+306E,100249371_00035_1,1041,2210,B0001,C0075,59,62
U+4E5F,100249371_00035_1,1044,2272,B0001,C0076,58,64
U+662F,100249371_00035_1,1047,2347,B0001,C0077,53,116
U+3092,100249371_00035_1,1041,2466,B0001,C0078,68,68
U+9632,100249371_00035_1,1031,2534,B0001,C0079,79,86
U+3050,100249371_00035_1,1059,2617,B0001,C0080,76,77
U+6CD5,100249371_00035_1,865,504,B0001,C0081,78,90
U+306F,100249371_00035_1,875,605,B0001,C0082,57,46
U+767D,100249371_00035_1,866,673,B0001,C0083,59,79
U+82A5,100249371_00035_1,865,756,B0001,C0084,83,110
U+5B50,100249371_00035_1,876,866,B0001,C0085,46,81
U+306E,100249371_00035_1,873,970,B0001,C0086,54,60
U+7D30,100249371_00035_1,858,1049,B0001,C0087,96,95
U+672B,100249371_00035_1,867,1144,B0001,C0088,78,102
U+3092,100249371_00035_1,862,1247,B0001,C0089,75,79
U+7D79,100249371_00035_1,865,1351,B0001,C0090,70,92
U+306B,100249371_00035_1,888,1444,B0001,C0091,26,65
U+3066,100249371_00035_1,873,1509,B0001,C0092,59,63
U+3082,100249371_00035_1,881,1570,B0001,C0093,43,71
U+5E03,100249371_00035_1,860,1661,B0001,C0094,86,96
U+306B,100249371_00035_1,893,1750,B0001,C0095,24,63
U+3066,100249371_00035_1,873,1813,B0001,C0096,53,45
U+3082,100249371_00035_1,878,1858,B0001,C0097,43,71
U+888B,100249371_00035_1,860,1937,B0001,C0098,82,116
U+3068,100249371_00035_1,894,2059,B0001,C0099,28,70
U+3057,100249371_00035_1,897,2131,B0001,C0100,13,84
U+9162,100249371_00035_1,863,2219,B0001,C0101,82,95
U+306E,100249371_00035_1,880,2319,B0001,C0102,49,57
U+4E2D,100249371_00035_1,865,2376,B0001,C0103,66,90
U+3078,100249371_00035_1,864,2466,B0001,C0104,81,53
U+6C88,100249371_00035_1,866,2530,B0001,C0105,89,88
U+3081,100249371_00035_1,869,2618,B0001,C0106,70,80
U+304A,100249371_00035_1,687,502,B0001,C0107,88,63
U+3051,100249371_00035_1,712,565,B0001,C0108,56,79
U+306F,100249371_00035_1,708,648,B0001,C0109,56,36
U+91AD,100249371_00035_1,693,709,B0001,C0110,90,117
U+51FA,100249371_00035_1,705,832,B0001,C0111,72,63
U+308B,100249371_00035_1,723,898,B0001,C0112,35,80
U+6C7A,100249371_00035_1,688,1087,B0001,C0113,87,122
U+3066,100249371_00035_1,722,1209,B0001,C0114,30,115
U+306A,100249371_00035_1,707,1325,B0001,C0115,64,74
U+3057,100249371_00035_1,735,1399,B0001,C0116,16,96
U+795E,100249371_00035_1,690,1513,B0001,C0117,90,116
U+79D8,100249371_00035_1,687,1629,B0001,C0118,102,90
U+306E,100249371_00035_1,709,1729,B0001,C0119,53,59
U+5999,100249371_00035_1,687,1796,B0001,C0120,111,83
U+65B9,100249371_00035_1,699,1882,B0001,C0121,55,115
U+306A,100249371_00035_1,700,2008,B0001,C0122,70,82
U+308A,100249371_00035_1,708,2090,B0001,C0123,39,82
U+53C8,100249371_00035_1,701,2175,B0001,C0124,73,88
U+590F,100249371_00035_1,707,2263,B0001,C0125,66,121
U+65E5,100249371_00035_1,717,2402,B0001,C0126,45,56
U+91A4,100249371_00035_1,701,2471,B0001,C0127,62,110
U+6CB9,100249371_00035_1,702,2616,B0001,C0128,83,88
U+306E,100249371_00035_1,521,520,B0001,C0129,59,55
U+304B,100249371_00035_1,510,600,B0001,C0130,80,76
U+3073,100249371_00035_1,520,676,B0001,C0131,99,71
U+51FA,100249371_00035_1,519,767,B0001,C0132,78,70
U+308B,100249371_00035_1,536,847,B0001,C0133,39,51
U+306B,100249371_00035_1,550,898,B0001,C0134,17,56
U+3082,100249371_00035_1,518,956,B0001,C0135,60,89
U+6B64,100249371_00035_1,521,1053,B0001,C0136,75,78
U+65B9,100249371_00035_1,534,1130,B0001,C0137,43,114
U+306B,100249371_00035_1,542,1250,B0001,C0138,28,73
U+3066,100249371_00035_1,547,1323,B0001,C0139,43,68
U+3068,100249371_00035_1,539,1408,B0001,C0140,35,68
U+307E,100249371_00035_1,540,1476,B0001,C0141,35,99
U+308B,100249371_00035_1,533,1575,B0001,C0142,41,69
U+5999,100249371_00035_1,516,1754,B0001,C0143,84,64
U+4E5F,100249371_00035_1,538,1818,B0001,C0144,62,81
U+25CB,100249371_00035_1,351,703,B0001,C0145,54,51
U+9152,100249371_00035_1,336,791,B0001,C0146,87,103
U+306E,100249371_00035_1,345,906,B0001,C0147,58,75
U+6301,100249371_00035_1,323,968,B0001,C0148,91,98
U+308F,100249371_00035_1,357,1069,B0001,C0149,32,71
U+308B,100249371_00035_1,350,1140,B0001,C0150,50,73
U+304D,100249371_00035_1,361,1213,B0001,C0151,45,108
U+9676,100249371_00035_1,338,1351,B0001,C0152,84,118
U+3092,100249371_00035_1,352,1476,B0001,C0153,67,69
U+3088,100249371_00035_1,371,1561,B0001,C0154,25,62
U+304F,100249371_00035_1,368,1623,B0001,C0155,28,70
U+9152,100249371_00035_1,339,1708,B0001,C0156,81,112
U+3092,100249371_00035_1,347,1832,B0001,C0157,65,69
U+3082,100249371_00035_1,362,1923,B0001,C0158,42,77
U+305F,100249371_00035_1,366,2004,B0001,C0159,34,81
U+3059,100249371_00035_1,350,2092,B0001,C0160,60,73
U+6CD5,100249371_00035_1,340,2179,B0001,C0161,76,87
U+9152,100249371_00035_1,162,516,B0001,C0162,78,82
U+3082,100249371_00035_1,177,610,B0001,C0163,33,72
U+3061,100249371_00035_1,176,694,B0001,C0164,38,67
U+3042,100249371_00035_1,170,775,B0001,C0165,62,76
U+3057,100249371_00035_1,195,851,B0001,C0166,29,78
U+304F,100249371_00035_1,188,929,B0001,C0167,26,70
U+9152,100249371_00035_1,164,1020,B0001,C0168,79,85
U+3092,100249371_00035_1,183,1105,B0001,C0169,55,75
U+640D,100249371_00035_1,157,1190,B0001,C0170,83,108
U+305A,100249371_00035_1,174,1298,B0001,C0171,82,77
U+308B,100249371_00035_1,180,1375,B0001,C0172,37,56
U+9676,100249371_00035_1,159,1454,B0001,C0173,87,99
U+306F,100249371_00035_1,177,1553,B0001,C0174,57,55
U+590F,100249371_00035_1,180,1630,B0001,C0175,55,127
U+306E,100249371_00035_1,179,1774,B0001,C0176,61,70
U+571F,100249371_00035_1,181,1847,B0001,C0177,62,63
U+7528,100249371_00035_1,180,1923,B0001,C0178,52,103
U+4E2D,100249371_00035_1,167,2026,B0001,C0179,70,109
U+306E,100249371_00035_1,178,2135,B0001,C0180,52,60
U+7BC0,100249371_00035_1,176,2202,B0001,C0181,66,108
U+306B,100249371_00035_1,175,2319,B0001,C0182,74,56
U+6C34,100249371_00035_1,171,2393,B0001,C0183,85,86
U+3092,100249371_00035_1,186,2479,B0001,C0184,62,69
U+5165,100249371_00035_1,163,2554,B0001,C0185,102,70
U+3066,100249371_00035_1,207,2612,B0001,C0186,37,104
U+5341,100249371_00035_2,1605,478,B0001,C0001,69,66
U+56DB,100249371_00035_2,1599,567,B0001,C0002,77,59
U+4E94,100249371_00035_2,1598,626,B0001,C0003,89,69
U+65E5,100249371_00035_2,1614,705,B0001,C0004,53,57
U+304A,100249371_00035_2,1595,782,B0001,C0005,84,54
U+304D,100249371_00035_2,1624,836,B0001,C0006,34,97
U+3066,100249371_00035_2,1606,933,B0001,C0007,56,61
U+5176,100249371_00035_2,1617,1015,B0001,C0008,41,103
U+6C34,100249371_00035_2,1604,1133,B0001,C0009,70,107
U+3092,100249371_00035_2,1600,1257,B0001,C0010,61,67
U+6368,100249371_00035_2,1584,1343,B0001,C0011,95,96
U+3066,100249371_00035_2,1621,1446,B0001,C0012,24,94
U+306E,100249371_00035_2,1602,1576,B0001,C0013,58,55
U+3061,100249371_00035_2,1606,1633,B0001,C0014,49,95
U+9152,100249371_00035_2,1591,1728,B0001,C0015,80,90
U+3092,100249371_00035_2,1593,1833,B0001,C0016,66,58
U+5165,100249371_00035_2,1579,1913,B0001,C0017,84,60
U+308B,100249371_00035_2,1614,1973,B0001,C0018,29,84
U+3078,100249371_00035_2,1573,2057,B0001,C0019,95,35
U+3057,100249371_00035_2,1622,2095,B0001,C0020,16,85
U+5DF2,100249371_00035_2,1604,2206,B0001,C0021,40,82
U+5F8C,100249371_00035_2,1578,2289,B0001,C0022,85,102
U+306F,100249371_00035_2,1593,2406,B0001,C0023,53,33
U+5E7E,100249371_00035_2,1572,2462,B0001,C0024,87,126
U+65E5,100249371_00035_2,1586,2636,B0001,C0025,51,72
U+9152,100249371_00035_2,1425,487,B0001,C0026,81,87
U+3092,100249371_00035_2,1430,574,B0001,C0027,63,86
U+5165,100249371_00035_2,1415,681,B0001,C0028,99,63
U+304A,100249371_00035_2,1426,747,B0001,C0029,76,64
U+304D,100249371_00035_2,1450,812,B0001,C0030,32,95
U+3066,100249371_00035_2,1431,907,B0001,C0031,53,53
U+3082,100249371_00035_2,1435,960,B0001,C0032,46,67
U+9152,100249371_00035_2,1421,1056,B0001,C0033,87,89
U+5473,100249371_00035_2,1415,1145,B0001,C0034,88,84
U+305D,100249371_00035_2,1442,1247,B0001,C0035,41,84
U+3093,100249371_00035_2,1417,1332,B0001,C0036,88,61
U+3059,100249371_00035_2,1439,1407,B0001,C0037,63,74
U+308B,100249371_00035_2,1441,1481,B0001,C0038,46,58
U+4E8B,100249371_00035_2,1438,1539,B0001,C0039,61,139
U+306A,100249371_00035_2,1434,1689,B0001,C0040,57,74
U+3057,100249371_00035_2,1451,1763,B0001,C0041,27,111
U+25CB,100249371_00035_2,1267,652,B0001,C0042,55,55
U+80E1,100249371_00035_2,1238,739,B0001,C0043,91,88
U+6912,100249371_00035_2,1226,846,B0001,C0044,111,91
U+3092,100249371_00035_2,1248,962,B0001,C0045,70,75
U+7C89,100249371_00035_2,1235,1037,B0001,C0046,118,110
U+306B,100249371_00035_2,1274,1147,B0001,C0047,27,68
U+3059,100249371_00035_2,1261,1235,B0001,C0048,55,71
U+308B,100249371_00035_2,1264,1306,B0001,C0049,43,70
U+6CD5,100249371_00035_2,1246,1376,B0001,C0050,84,111
U+80E1,100249371_00035_2,1061,476,B0001,C0051,101,84
U+6912,100249371_00035_2,1058,589,B0001,C0052,109,93
U+3092,100249371_00035_2,1079,699,B0001,C0053,58,74
U+8336,100249371_00035_2,1073,791,B0001,C0054,70,130
U+308F,100249371_00035_2,1095,940,B0001,C0055,25,74
U+3093,100249371_00035_2,1061,1014,B0001,C0056,91,72
U+306B,100249371_00035_2,1095,1102,B0001,C0057,34,54
U+5165,100249371_00035_2,1059,1172,B0001,C0058,87,66
U+3072,100249371_00035_2,1073,1254,B0001,C0059,76,73
U+3084,100249371_00035_2,1064,1327,B0001,C0060,84,64
U+3046,100249371_00035_2,1093,1391,B0001,C0061,32,82
U+305F,100249371_00035_2,1090,1473,B0001,C0062,34,63
U+3093,100249371_00035_2,1059,1536,B0001,C0063,91,72
U+306E,100249371_00035_2,1079,1623,B0001,C0064,59,53
U+5C3B,100249371_00035_2,1068,1676,B0001,C0065,93,106
U+306B,100249371_00035_2,1094,1794,B0001,C0066,23,66
U+3066,100249371_00035_2,1081,1860,B0001,C0067,37,55
U+3059,100249371_00035_2,1076,1938,B0001,C0068,62,77
U+308B,100249371_00035_2,1080,2015,B0001,C0069,46,64
U+3079,100249371_00035_2,1061,2061,B0001,C0070,93,61
U+3057,100249371_00035_2,1093,2127,B0001,C0071,26,111
U+66AB,100249371_00035_2,1065,2241,B0001,C0072,74,117
U+6642,100249371_00035_2,1055,2358,B0001,C0073,86,107
U+306B,100249371_00035_2,1086,2465,B0001,C0074,27,89
U+7D30,100249371_00035_2,1050,2593,B0001,C0075,93,97
U+672B,100249371_00035_2,916,484,B0001,C0076,67,81
U+306B,100249371_00035_2,927,592,B0001,C0077,30,83
U+306A,100249371_00035_2,908,675,B0001,C0078,70,92
U+308B,100249371_00035_2,925,767,B0001,C0079,37,72
U+4E8B,100249371_00035_2,911,839,B0001,C0080,62,148
U+5999,100249371_00035_2,893,995,B0001,C0081,91,78
U+306A,100249371_00035_2,913,1074,B0001,C0082,41,74
U+308A,100249371_00035_2,921,1148,B0001,C0083,35,86
U+662F,100249371_00035_2,917,1252,B0001,C0084,56,110
U+4E0D,100249371_00035_2,900,1397,B0001,C0085,79,87
U+601D,100249371_00035_2,898,1502,B0001,C0086,80,83
U+5100,100249371_00035_2,877,1585,B0001,C0087,103,104
U+306E,100249371_00035_2,909,1702,B0001,C0088,52,62
U+5999,100249371_00035_2,894,1764,B0001,C0089,92,87
U+7406,100249371_00035_2,888,1851,B0001,C0090,91,103
U+306F,100249371_00035_2,915,1962,B0001,C0091,38,91
U+304B,100249371_00035_2,914,2053,B0001,C0092,36,62
U+308B,100249371_00035_2,906,2115,B0001,C0093,42,76
U+3079,100249371_00035_2,881,2168,B0001,C0094,108,74
U+304B,100249371_00035_2,926,2235,B0001,C0095,30,41
U+3089,100249371_00035_2,931,2276,B0001,C0096,19,65
U+305A,100249371_00035_2,899,2329,B0001,C0097,99,104
U+8AF8,100249371_00035_2,594,582,B0001,C0098,138,130
U+96D1,100249371_00035_2,591,767,B0001,C0099,126,144
U+9580,100249371_00035_2,602,959,B0001,C0100,112,139
U+58A8,100249371_00035_2,366,741,B0001,C0101,92,127
U+306B,100249371_00035_2,406,884,B0001,C0102,21,58
U+3066,100249371_00035_2,383,942,B0001,C0103,52,58
U+6587,100249371_00035_2,369,1012,B0001,C0104,90,89
U+5B57,100249371_00035_2,378,1101,B0001,C0105,63,105
U+3092,100249371_00035_2,383,1221,B0001,C0106,68,59
U+66F8,100249371_00035_2,371,1280,B0001,C0107,69,74
U+6C34,100249371_00035_2,382,1370,B0001,C0108,59,94
U+306B,100249371_00035_2,398,1464,B0001,C0109,27,66
U+3064,100249371_00035_2,375,1552,B0001,C0110,70,58
U+3051,100249371_00035_2,383,1610,B0001,C0111,68,81
U+7D19,100249371_00035_2,366,1707,B0001,C0112,93,93
U+306F,100249371_00035_2,384,1810,B0001,C0113,52,29
U+305D,100249371_00035_2,385,1849,B0001,C0114,37,85
U+3053,100249371_00035_2,370,1934,B0001,C0115,75,87
U+306B,100249371_00035_2,399,2021,B0001,C0116,19,63
U+6C88,100249371_00035_2,366,2104,B0001,C0117,89,86
U+307F,100249371_00035_2,396,2190,B0001,C0118,25,59
U+6587,100249371_00035_2,380,2270,B0001,C0119,70,104
U+5B57,100249371_00035_2,372,2376,B0001,C0120,63,99
U+306F,100249371_00035_2,375,2495,B0001,C0121,56,24
U+6C34,100249371_00035_2,223,728,B0001,C0122,68,102
U+4E0A,100249371_00035_2,234,841,B0001,C0123,53,49
U+306B,100249371_00035_2,244,909,B0001,C0124,28,51
U+306E,100249371_00035_2,221,987,B0001,C0125,65,56
U+3053,100249371_00035_2,243,1049,B0001,C0126,29,59
U+308A,100249371_00035_2,241,1108,B0001,C0127,36,58
U+5916,100249371_00035_2,218,1182,B0001,C0128,93,102
U+306E,100249371_00035_2,236,1305,B0001,C0129,47,42
U+7D19,100249371_00035_2,213,1380,B0001,C0130,95,95
U+306B,100249371_00035_2,245,1476,B0001,C0131,22,62
U+3066,100249371_00035_2,231,1538,B0001,C0132,39,58
U+304A,100249371_00035_2,207,1613,B0001,C0133,80,64
U+307B,100249371_00035_2,216,1677,B0001,C0134,68,74
U+3072,100249371_00035_2,216,1751,B0001,C0135,70,79
U+3066,100249371_00035_2,223,1830,B0001,C0136,47,58
U+5176,100249371_00035_2,226,1895,B0001,C0137,51,97
U+6587,100249371_00035_2,207,1992,B0001,C0138,78,87
U+5B57,100249371_00035_2,218,2082,B0001,C0139,56,98
U+3092,100249371_00035_2,213,2197,B0001,C0140,69,43
U+3068,100249371_00035_2,238,2258,B0001,C0141,26,44
U+308B,100249371_00035_2,227,2302,B0001,C0142,39,57
U+4F1D,100249371_00035_2,206,2375,B0001,C0143,85,84
U+767D,100249371_00036_1,177,772,B0001,C0001,63,81
U+7D19,100249371_00036_1,165,880,B0001,C0002,89,95
U+3092,100249371_00036_1,175,988,B0001,C0003,51,54
U+706B,100249371_00036_1,167,1064,B0001,C0004,76,88
U+306B,100249371_00036_1,196,1152,B0001,C0005,20,59
U+3042,100249371_00036_1,172,1296,B0001,C0006,69,60
U+3076,100249371_00036_1,166,1352,B0001,C0007,98,70
U+308C,100249371_00036_1,179,1422,B0001,C0008,51,118
U+306F,100249371_00036_1,171,1540,B0001,C0009,56,44
U+6587,100249371_00036_1,166,1614,B0001,C0010,83,76
U+5B57,100249371_00036_1,182,1694,B0001,C0011,55,95
U+9855,100249371_00036_1,157,1811,B0001,C0012,84,87
U+308B,100249371_00036_1,202,1898,B0001,C0013,28,71
U+6CD5,100249371_00036_1,167,2044,B0001,C0014,82,96
U+767D,100249371_00036_2,1249,746,B0001,C0001,76,87
U+7D19,100249371_00036_2,1234,852,B0001,C0002,97,93
U+306B,100249371_00036_2,1277,948,B0001,C0003,25,61
U+706B,100249371_00036_2,1254,1031,B0001,C0004,68,102
U+3092,100249371_00036_2,1252,1133,B0001,C0005,68,56
U+3064,100249371_00036_2,1250,1224,B0001,C0006,68,87
U+304F,100249371_00036_2,1263,1311,B0001,C0007,43,61
U+308C,100249371_00036_2,1258,1372,B0001,C0008,49,93
U+306F,100249371_00036_2,1253,1465,B0001,C0009,63,54
U+3057,100249371_00036_2,1248,1532,B0001,C0010,83,82
U+305C,100249371_00036_2,1260,1614,B0001,C0011,80,81
U+3093,100249371_00036_2,1238,1695,B0001,C0012,90,64
U+306B,100249371_00036_2,1272,1760,B0001,C0013,24,53
U+6587,100249371_00036_2,1257,1836,B0001,C0014,66,101
U+5B57,100249371_00036_2,1249,1940,B0001,C0015,62,104
U+713C,100249371_00036_2,1238,2054,B0001,C0016,96,105
U+306C,100249371_00036_2,1246,2176,B0001,C0017,69,75
U+3051,100249371_00036_2,1266,2251,B0001,C0018,57,82
U+308B,100249371_00036_2,1276,2331,B0001,C0019,24,65
U+65B9,100249371_00036_2,1259,2396,B0001,C0020,59,110
U+767D,100249371_00036_2,557,750,B0001,C0021,65,82
U+7D19,100249371_00036_2,539,854,B0001,C0022,97,100
U+3092,100249371_00036_2,559,969,B0001,C0023,53,58
U+6C34,100249371_00036_2,550,1045,B0001,C0024,85,82
U+306B,100249371_00036_2,583,1136,B0001,C0025,22,60
U+3064,100249371_00036_2,561,1208,B0001,C0026,58,61
U+3051,100249371_00036_2,562,1270,B0001,C0027,66,75
U+3066,100249371_00036_2,574,1345,B0001,C0028,31,95
U+6587,100249371_00036_2,562,1453,B0001,C0029,73,92
U+5B57,100249371_00036_2,555,1545,B0001,C0030,72,119
U+3042,100249371_00036_2,558,1683,B0001,C0031,58,77
U+3089,100249371_00036_2,582,1760,B0001,C0032,13,58
U+306F,100249371_00036_2,551,1818,B0001,C0033,63,52
U+308B,100249371_00036_2,566,1870,B0001,C0034,45,60
U+309D,100249371_00036_2,576,1930,B0001,C0035,22,44
U+65B9,100249371_00036_2,556,1991,B0001,C0036,56,100
U+714E,100249371_00037_1,1562,730,B0001,C0001,91,113
U+3058,100249371_00037_1,1607,844,B0001,C0002,41,75
U+305F,100249371_00037_1,1591,919,B0001,C0003,35,57
U+308B,100249371_00037_1,1585,976,B0001,C0004,42,70
U+8336,100249371_00037_1,1568,1052,B0001,C0005,72,108
U+8336,100249371_00037_1,1563,1184,B0001,C0006,76,136
U+7897,100249371_00037_1,1555,1320,B0001,C0007,101,97
U+306E,100249371_00037_1,1584,1443,B0001,C0008,43,51
U+4E2D,100249371_00037_1,1568,1494,B0001,C0009,72,89
U+306B,100249371_00037_1,1591,1583,B0001,C0010,20,68
U+3066,100249371_00037_1,1579,1651,B0001,C0011,54,59
U+6C34,100249371_00037_1,1569,1729,B0001,C0012,84,87
U+3068,100249371_00037_1,1598,1816,B0001,C0013,27,65
U+308F,100249371_00037_1,1602,1899,B0001,C0014,29,66
U+3051,100249371_00037_1,1587,1975,B0001,C0015,66,59
U+308B,100249371_00037_1,1602,2034,B0001,C0016,34,68
U+6CD5,100249371_00037_1,1576,2105,B0001,C0017,84,93
U+7AF9,100249371_00037_1,1208,739,B0001,C0018,89,97
U+306E,100249371_00037_1,1224,830,B0001,C0019,63,64
U+7B52,100249371_00037_1,1218,894,B0001,C0020,76,115
U+306B,100249371_00037_1,1217,1009,B0001,C0021,76,54
U+86CD,100249371_00037_1,1215,1078,B0001,C0022,71,111
U+3092,100249371_00037_1,1220,1192,B0001,C0023,56,74
U+5165,100249371_00037_1,1210,1275,B0001,C0024,86,68
U+5916,100249371_00037_1,1219,1354,B0001,C0025,88,96
U+3088,100249371_00037_1,1240,1457,B0001,C0026,30,60
U+308A,100249371_00037_1,1231,1517,B0001,C0027,43,72
U+5176,100249371_00037_1,1233,1589,B0001,C0028,44,110
U+5149,100249371_00037_1,1222,1699,B0001,C0029,64,109
U+308A,100249371_00037_1,1236,1808,B0001,C0030,46,88
U+898B,100249371_00037_1,1229,1904,B0001,C0031,68,97
U+3086,100249371_00037_1,1235,2001,B0001,C0032,60,67
U+308B,100249371_00037_1,1234,2068,B0001,C0033,47,54
U+6CD5,100249371_00037_1,1223,2122,B0001,C0034,85,99
U+8C46,100249371_00037_1,707,757,B0001,C0035,66,105
U+8150,100249371_00037_1,681,878,B0001,C0036,101,158
U+306B,100249371_00037_1,721,1045,B0001,C0037,30,71
U+7D75,100249371_00037_1,699,1116,B0001,C0038,88,114
U+3092,100249371_00037_1,710,1230,B0001,C0039,55,85
U+66F8,100249371_00037_1,702,1317,B0001,C0040,68,64
U+3066,100249371_00037_1,726,1381,B0001,C0041,37,108
U+304A,100249371_00037_1,700,1485,B0001,C0042,79,73
U+3061,100249371_00037_1,726,1558,B0001,C0043,38,70
U+3055,100249371_00037_1,726,1628,B0001,C0044,32,61
U+308B,100249371_00037_1,719,1689,B0001,C0045,41,57
U+6CD5,100249371_00037_1,704,1746,B0001,C0046,72,92
U+6B69,100249371_00037_1,179,759,B0001,C0047,67,110
U+884C,100249371_00037_1,176,869,B0001,C0048,64,102
U+3059,100249371_00037_1,184,987,B0001,C0049,50,64
U+308B,100249371_00037_1,192,1051,B0001,C0050,39,77
U+306B,100249371_00037_1,195,1128,B0001,C0051,35,63
U+80A1,100249371_00037_1,161,1220,B0001,C0052,101,96
U+3059,100249371_00037_1,192,1316,B0001,C0053,40,63
U+308C,100249371_00037_1,168,1379,B0001,C0054,103,57
U+3059,100249371_00037_1,188,1447,B0001,C0055,51,77
U+308B,100249371_00037_1,194,1524,B0001,C0056,39,62
U+3092,100249371_00037_1,187,1586,B0001,C0057,56,73
U+6CBB,100249371_00037_1,174,1678,B0001,C0058,82,81
U+3059,100249371_00037_1,188,1759,B0001,C0059,55,69
U+308B,100249371_00037_1,191,1828,B0001,C0060,42,56
U+65B9,100249371_00037_1,188,1998,B0001,C0061,57,89
U+8349,100249371_00037_2,1217,700,B0001,C0001,63,132
U+82B1,100249371_00037_2,1198,832,B0001,C0002,99,125
U+3088,100249371_00037_2,1243,969,B0001,C0003,27,55
U+308A,100249371_00037_2,1231,1030,B0001,C0004,35,82
U+7D05,100249371_00037_2,1211,1133,B0001,C0005,81,107
U+7C89,100249371_00037_2,1210,1240,B0001,C0006,91,105
U+3092,100249371_00037_2,1218,1359,B0001,C0007,60,75
U+3068,100249371_00037_2,1230,1450,B0001,C0008,42,61
U+308B,100249371_00037_2,1223,1515,B0001,C0009,48,73
U+6CD5,100249371_00037_2,1208,1588,B0001,C0010,79,103
U+8C9D,100249371_00038_1,1416,780,B0001,C0001,58,120
U+308B,100249371_00038_1,1428,900,B0001,C0002,34,86
U+3044,100249371_00038_1,1407,996,B0001,C0003,78,43
U+8C61,100249371_00038_1,1404,1064,B0001,C0004,80,123
U+7259,100249371_00038_1,1404,1197,B0001,C0005,74,100
U+89D2,100249371_00038_1,1401,1301,B0001,C0006,72,118
U+308B,100249371_00038_1,1420,1419,B0001,C0007,28,75
U+3044,100249371_00038_1,1390,1494,B0001,C0008,74,50
U+306B,100249371_00038_1,1418,1563,B0001,C0009,33,30
U+6587,100249371_00038_1,1399,1613,B0001,C0010,84,97
U+5B57,100249371_00038_1,1402,1712,B0001,C0011,65,106
U+53C8,100249371_00038_1,1385,1832,B0001,C0012,97,73
U+306F,100249371_00038_1,1408,1911,B0001,C0013,59,31
U+7D75,100249371_00038_1,1395,1966,B0001,C0014,94,96
U+3092,100249371_00038_1,1405,2079,B0001,C0015,70,61
U+3044,100249371_00038_1,1411,2161,B0001,C0016,51,81
U+308C,100249371_00038_1,1404,2242,B0001,C0017,61,109
U+3064,100249371_00038_1,1396,2351,B0001,C0018,82,66
U+304D,100249371_00038_1,1415,2417,B0001,C0019,51,102
U+306E,100249371_00038_1,1410,2519,B0001,C0020,67,86
U+3084,100249371_00038_1,1217,789,B0001,C0021,94,57
U+3046,100249371_00038_1,1261,848,B0001,C0022,30,88
U+306B,100249371_00038_1,1236,956,B0001,C0023,72,52
U+3042,100249371_00038_1,1232,1036,B0001,C0024,75,87
U+3089,100249371_00038_1,1246,1123,B0001,C0025,35,95
U+306F,100249371_00038_1,1238,1218,B0001,C0026,54,58
U+3059,100249371_00038_1,1227,1276,B0001,C0027,61,99
U+5999,100249371_00038_1,1219,1373,B0001,C0028,101,78
U+65B9,100249371_00038_1,1233,1451,B0001,C0029,56,115
U+5149,100249371_00038_1,537,813,B0001,C0030,72,120
U+6CA2,100249371_00038_1,527,972,B0001,C0031,91,152
U+5E03,100249371_00038_1,526,1144,B0001,C0032,74,157
U+306E,100249371_00038_1,542,1341,B0001,C0033,50,58
U+6CD5,100249371_00038_1,525,1432,B0001,C0034,81,89
U+5373,100249371_00039_1,1374,782,B0001,C0001,92,108
U+5E2D,100249371_00039_1,1366,908,B0001,C0002,92,142
U+713C,100249371_00039_1,1366,1065,B0001,C0003,101,114
U+5370,100249371_00039_1,1367,1198,B0001,C0004,101,102
U+306E,100249371_00039_1,1393,1337,B0001,C0005,49,64
U+8853,100249371_00039_1,1366,1404,B0001,C0006,98,104
U+4E38,100249371_00039_1,856,780,B0001,C0007,76,94
U+7AF9,100249371_00039_1,844,890,B0001,C0008,85,99
U+306E,100249371_00039_1,868,997,B0001,C0009,50,48
U+7BC0,100249371_00039_1,860,1058,B0001,C0010,80,139
U+3092,100249371_00039_1,864,1205,B0001,C0011,73,63
U+306C,100249371_00039_1,857,1285,B0001,C0012,79,58
U+304F,100249371_00039_1,886,1345,B0001,C0013,28,71
U+8853,100249371_00039_1,851,1433,B0001,C0014,89,100
U+8671,100249371_00039_1,155,796,B0001,C0015,91,97
U+7D10,100249371_00039_1,155,956,B0001,C0016,89,93
U+306E,100249371_00039_1,172,1091,B0001,C0017,54,73
U+6CD5,100249371_00039_1,159,1166,B0001,C0018,85,103
U+61D0,100249371_00039_2,374,742,B0001,C0001,105,134
U+4E2D,100249371_00039_2,378,918,B0001,C0002,89,131
U+874B,100249371_00039_2,368,1062,B0001,C0003,118,116
U+71ED,100249371_00039_2,374,1214,B0001,C0004,102,94
U+306E,100249371_00039_2,403,1339,B0001,C0005,50,75
U+6CD5,100249371_00039_2,375,1416,B0001,C0006,85,117
U+82B1,100249371_00040_1,1226,773,B0001,C0001,75,131
U+306E,100249371_00040_1,1234,930,B0001,C0002,57,81
U+9732,100249371_00040_1,1218,1011,B0001,C0003,82,175
U+306E,100249371_00040_1,1234,1213,B0001,C0004,59,70
U+6CD5,100249371_00040_1,1220,1284,B0001,C0005,83,127
U+5929,100249371_00040_2,919,727,B0001,C0001,90,98
U+4E95,100249371_00040_2,907,830,B0001,C0002,100,114
U+306E,100249371_00040_2,932,947,B0001,C0003,54,58
U+7D75,100249371_00040_2,918,1028,B0001,C0004,86,119
U+3092,100249371_00040_2,928,1171,B0001,C0005,72,80
U+5199,100249371_00040_2,928,1270,B0001,C0006,68,118
U+3057,100249371_00040_2,955,1388,B0001,C0007,18,92
U+3068,100249371_00040_2,956,1505,B0001,C0008,25,64
U+308B,100249371_00040_2,939,1569,B0001,C0009,44,81
U+8853,100249371_00040_2,918,1650,B0001,C0010,88,110
U+84EE,100249371_00041_1,1571,737,B0001,C0001,90,136
U+6839,100249371_00041_1,1571,873,B0001,C0002,97,95
U+3092,100249371_00041_1,1581,988,B0001,C0003,78,64
U+304B,100249371_00041_1,1572,1075,B0001,C0004,92,48
U+305F,100249371_00041_1,1606,1119,B0001,C0005,38,65
U+304F,100249371_00041_1,1602,1184,B0001,C0006,49,61
U+3057,100249371_00041_1,1611,1252,B0001,C0007,15,73
U+5F6B,100249371_00041_1,1573,1340,B0001,C0008,102,107
U+7269,100249371_00041_1,1575,1448,B0001,C0009,93,87
U+306A,100249371_00041_1,1596,1552,B0001,C0010,70,72
U+3069,100249371_00041_1,1616,1624,B0001,C0011,61,92
U+305B,100249371_00041_1,1591,1741,B0001,C0012,71,73
U+3089,100249371_00041_1,1609,1814,B0001,C0013,48,71
U+308B,100249371_00041_1,1609,1885,B0001,C0014,44,69
U+309D,100249371_00041_1,1626,1954,B0001,C0015,18,51
U+6CD5,100249371_00041_1,1587,2025,B0001,C0016,86,117
U+7D79,100249371_00041_1,884,757,B0001,C0017,74,120
U+5E03,100249371_00041_1,876,877,B0001,C0018,80,114
U+306B,100249371_00041_1,884,991,B0001,C0019,72,57
U+3069,100249371_00041_1,891,1081,B0001,C0020,86,58
U+3046,100249371_00041_1,909,1139,B0001,C0021,30,81
U+3055,100249371_00041_1,899,1220,B0001,C0022,39,82
U+5F15,100249371_00041_1,883,1320,B0001,C0023,78,81
U+3059,100249371_00041_1,902,1401,B0001,C0024,49,83
U+3061,100249371_00041_1,905,1610,B0001,C0025,46,74
U+3089,100249371_00041_1,913,1684,B0001,C0026,24,73
U+306C,100249371_00041_1,884,1757,B0001,C0027,78,81
U+6CD5,100249371_00041_1,885,1838,B0001,C0028,81,107
U+9285,100249371_00041_1,351,769,B0001,C0029,88,100
U+9053,100249371_00041_1,363,880,B0001,C0030,72,92
U+5177,100249371_00041_1,377,989,B0001,C0031,40,124
U+57A2,100249371_00041_1,340,1139,B0001,C0032,114,101
U+4ED8,100249371_00041_1,373,1240,B0001,C0033,64,108
U+7A62,100249371_00041_1,350,1381,B0001,C0034,111,109
U+305F,100249371_00041_1,388,1496,B0001,C0035,35,65
U+308B,100249371_00041_1,386,1561,B0001,C0036,34,76
U+3092,100249371_00041_1,374,1637,B0001,C0037,63,77
U+843D,100249371_00041_1,366,1726,B0001,C0038,73,130
U+3059,100249371_00041_1,377,1856,B0001,C0039,52,93
U+6CD5,100249371_00041_1,366,1949,B0001,C0040,76,91
U+5272,100249371_00041_2,1611,761,B0001,C0001,83,106
U+305F,100249371_00041_2,1638,869,B0001,C0002,36,63
U+308B,100249371_00041_2,1628,933,B0001,C0003,43,66
U+9053,100249371_00041_2,1605,1027,B0001,C0004,78,103
U+5177,100249371_00041_2,1616,1136,B0001,C0005,73,122
U+3064,100249371_00041_2,1610,1283,B0001,C0006,71,66
U+304D,100249371_00041_2,1628,1331,B0001,C0007,43,112
U+3084,100249371_00041_2,1606,1443,B0001,C0008,72,61
U+3046,100249371_00041_2,1623,1504,B0001,C0009,32,101
U+9060,100249371_00041_2,922,744,B0001,C0010,74,142
U+8DEF,100249371_00041_2,900,891,B0001,C0011,95,116
U+3092,100249371_00041_2,912,1036,B0001,C0012,76,56
U+6B69,100249371_00041_2,912,1116,B0001,C0013,74,120
U+884C,100249371_00041_2,912,1242,B0001,C0014,68,115
U+3066,100249371_00041_2,938,1357,B0001,C0015,24,99
U+8DB3,100249371_00041_2,922,1473,B0001,C0016,61,124
U+3044,100249371_00041_2,912,1608,B0001,C0017,62,38
U+305F,100249371_00041_2,923,1646,B0001,C0018,39,67
U+307E,100249371_00041_2,923,1718,B0001,C0019,36,122
U+3056,100249371_00041_2,923,1840,B0001,C0020,70,69
U+308B,100249371_00041_2,919,1909,B0001,C0021,34,80
U+6CD5,100249371_00041_2,895,2004,B0001,C0022,81,99
U+8DB3,100249371_00041_2,211,743,B0001,C0023,74,103
U+306B,100249371_00041_2,193,859,B0001,C0024,92,59
U+8C46,100249371_00041_2,208,949,B0001,C0025,62,111
U+306E,100249371_00041_2,210,1083,B0001,C0026,61,57
U+51FA,100249371_00041_2,200,1153,B0001,C0027,86,81
U+6765,100249371_00041_2,196,1234,B0001,C0028,78,109
U+3056,100249371_00041_2,222,1363,B0001,C0029,68,76
U+308B,100249371_00041_2,215,1439,B0001,C0030,40,89
U+5999,100249371_00041_2,194,1528,B0001,C0031,88,80
U+65B9,100249371_00041_2,211,1608,B0001,C0032,51,116
U+7D42,100249371_00042_1,1402,758,B0001,C0001,94,106
U+591C,100249371_00042_1,1407,875,B0001,C0002,87,128
U+5BD0,100249371_00042_1,1390,1008,B0001,C0003,100,131
U+305A,100249371_00042_1,1420,1141,B0001,C0004,89,83
U+3057,100249371_00042_1,1429,1217,B0001,C0005,26,63
U+3066,100249371_00042_1,1418,1280,B0001,C0006,40,64
U+7720,100249371_00042_1,1390,1370,B0001,C0007,100,93
U+304B,100249371_00042_1,1423,1464,B0001,C0008,31,49
U+3089,100249371_00042_1,1432,1516,B0001,C0009,18,66
U+3056,100249371_00042_1,1417,1571,B0001,C0010,75,71
U+308B,100249371_00042_1,1414,1643,B0001,C0011,39,72
U+6CD5,100249371_00042_1,1398,1720,B0001,C0012,80,102
U+78C1,100249371_00042_1,879,748,B0001,C0013,83,117
U+77F3,100249371_00042_1,884,891,B0001,C0014,78,92
U+306E,100249371_00042_1,896,1018,B0001,C0015,51,88
U+8AAC,100249371_00042_1,869,1108,B0001,C0016,104,114
U+85AB,100249371_00042_2,189,752,B0001,C0001,94,162
U+7269,100249371_00042_2,189,934,B0001,C0002,110,91
U+306E,100249371_00042_2,219,1067,B0001,C0003,47,64
U+65B9,100249371_00042_2,210,1131,B0001,C0004,65,129
U+53C8,100249371_00043_1,367,786,B0001,C0001,112,108
U+65B9,100249371_00043_1,404,977,B0001,C0002,59,115
U+53C8,100249371_00043_2,393,795,B0001,C0001,98,109
U+65B9,100249371_00043_2,414,945,B0001,C0002,60,143
U+6885,100249371_00043_2,346,1183,B0001,C0003,100,71
U+82B1,100249371_00043_2,361,1267,B0001,C0004,81,120
U+3068,100249371_00043_2,375,1394,B0001,C0005,28,88
U+53F7,100249371_00043_2,366,1482,B0001,C0006,48,109
U+3059,100249371_00043_2,374,1605,B0001,C0007,34,68
U+308B,100249371_00043_2,368,1673,B0001,C0008,39,66
U+4E5F,100249371_00043_2,359,1739,B0001,C0009,69,75
U+85AB,100249371_00044_1,201,747,B0001,C0001,63,146
U+7269,100249371_00044_1,180,918,B0001,C0002,100,71
U+3092,100249371_00044_1,197,1019,B0001,C0003,69,62
U+8ABF,100249371_00044_1,182,1108,B0001,C0004,100,91
U+548C,100249371_00044_1,185,1215,B0001,C0005,94,83
U+3059,100249371_00044_1,209,1315,B0001,C0006,53,84
U+308B,100249371_00044_1,215,1399,B0001,C0007,38,57
U+7DF4,100249371_00044_1,192,1470,B0001,C0008,89,110
U+871C,100249371_00044_1,193,1587,B0001,C0009,82,133
U+306E,100249371_00044_1,204,1736,B0001,C0010,55,61
U+6CD5,100249371_00044_1,190,1797,B0001,C0011,96,109
U+82B1,100249371_00044_2,883,746,B0001,C0001,92,131
U+751F,100249371_00044_2,901,891,B0001,C0002,54,88
U+7AF9,100249371_00044_2,880,987,B0001,C0003,93,113
U+306E,100249371_00044_2,903,1115,B0001,C0004,54,52
U+304D,100249371_00044_2,907,1184,B0001,C0005,49,86
U+308A,100249371_00044_2,913,1270,B0001,C0006,36,85
U+3084,100249371_00044_2,900,1355,B0001,C0007,67,75
U+3046,100249371_00044_2,907,1430,B0001,C0008,35,97
U+6731,100249371_00045_1,1593,730,B0001,C0001,92,132
U+3092,100249371_00045_1,1608,862,B0001,C0002,57,86
U+4EE5,100249371_00045_1,1589,961,B0001,C0003,89,62
U+3066,100249371_00045_1,1614,1029,B0001,C0004,40,62
U+6C34,100249371_00045_1,1596,1116,B0001,C0005,81,99
U+9280,100249371_00045_1,1589,1221,B0001,C0006,88,97
U+3092,100249371_00045_1,1598,1341,B0001,C0007,58,55
U+88FD,100249371_00045_1,1595,1411,B0001,C0008,71,113
U+3059,100249371_00045_1,1598,1541,B0001,C0009,53,76
U+308B,100249371_00045_1,1607,1617,B0001,C0010,36,55
U+65B9,100249371_00045_1,1598,1684,B0001,C0011,50,107
U+8FB0,100249371_00046_1,1561,752,B0001,C0001,114,130
U+7802,100249371_00046_1,1569,913,B0001,C0002,102,80
U+3092,100249371_00046_1,1583,993,B0001,C0003,73,83
U+4EE5,100249371_00046_1,1561,1080,B0001,C0004,98,72
U+3066,100249371_00046_1,1598,1152,B0001,C0005,28,110
U+6C34,100249371_00046_1,1570,1285,B0001,C0006,89,98
U+9280,100249371_00046_1,1563,1384,B0001,C0007,91,122
U+3092,100249371_00046_1,1574,1511,B0001,C0008,65,49
U+88FD,100249371_00046_1,1567,1571,B0001,C0009,88,119
U+3059,100249371_00046_1,1575,1694,B0001,C0010,68,87
U+308B,100249371_00046_1,1591,1781,B0001,C0011,38,69
U+6CD5,100249371_00046_1,1576,1850,B0001,C0012,83,111
U+6731,100249371_00046_1,1225,746,B0001,C0013,83,124
U+304B,100249371_00046_1,1255,867,B0001,C0014,68,36
U+3089,100249371_00046_1,1245,908,B0001,C0015,40,85
U+53C8,100249371_00046_1,1233,993,B0001,C0016,81,82
U+53E4,100249371_00046_1,1228,1067,B0001,C0017,66,72
U+304D,100249371_00046_1,1245,1130,B0001,C0018,42,97
U+6731,100249371_00046_1,1228,1234,B0001,C0019,83,109
U+5668,100249371_00046_1,1217,1344,B0001,C0020,102,92
U+7B49,100249371_00046_1,1237,1439,B0001,C0021,63,98
U+3092,100249371_00046_1,1227,1539,B0001,C0022,73,62
U+4EE5,100249371_00046_1,1216,1607,B0001,C0023,89,58
U+3066,100249371_00046_1,1233,1675,B0001,C0024,64,56
U+6C34,100249371_00046_1,1224,1748,B0001,C0025,89,87
U+9280,100249371_00046_1,1230,1844,B0001,C0026,94,112
U+3092,100249371_00046_1,1226,1969,B0001,C0027,65,60
U+88FD,100249371_00046_1,1219,2043,B0001,C0028,89,115
U+3059,100249371_00046_1,1234,2169,B0001,C0029,62,65
U+308B,100249371_00046_1,1247,2234,B0001,C0030,32,50
U+6CD5,100249371_00046_1,1226,2284,B0001,C0031,82,96
U+3082,100249371_00046_1,1244,2385,B0001,C0032,39,55
U+3042,100249371_00046_1,1228,2447,B0001,C0033,64,55
U+308C,100249371_00046_1,1207,2502,B0001,C0034,105,71
U+3068,100249371_00046_1,1259,2533,B0001,C0035,24,71
U+3082,100249371_00046_1,1244,2591,B0001,C0036,42,87
U+53E3,100249371_00046_1,1074,913,B0001,C0037,44,50
U+4F1D,100249371_00046_1,1050,963,B0001,C0038,87,104
U+3042,100249371_00046_1,1060,1067,B0001,C0039,65,90
U+308A,100249371_00046_1,1080,1157,B0001,C0040,34,71
U+3066,100249371_00046_1,1083,1228,B0001,C0041,19,91
U+7D19,100249371_00046_1,1039,1504,B0001,C0042,104,117
U+306B,100249371_00046_1,1077,1598,B0001,C0043,25,63
U+8FF0,100249371_00046_1,1035,1671,B0001,C0044,97,103
U+304C,100249371_00046_1,1078,1774,B0001,C0045,65,45
U+305F,100249371_00046_1,1073,1819,B0001,C0046,30,67
U+3057,100249371_00046_1,1076,1886,B0001,C0047,17,100
U+3064,100249371_00046_1,1048,2000,B0001,C0048,78,55
U+3066,100249371_00046_1,1076,2055,B0001,C0049,22,89
U+4E59,100249371_00046_1,886,1135,B0001,C0050,66,65
U+306E,100249371_00046_1,891,1244,B0001,C0051,47,48
U+7B26,100249371_00046_1,876,1295,B0001,C0052,63,114
U+306E,100249371_00046_1,899,1415,B0001,C0053,19,95
U+8AAC,100249371_00046_1,866,1541,B0001,C0054,89,96
